order_id,product_id,customer_name,quantity,unit_price,total_sales_amount,product_line,order_date,status,city,country,percentage_share_by_category,order_month,order_quarter,order_year,order_month_number,order_day_of_week
10395,S50_1514,Lyon Souveniers,45,100.0,8977.05,Trains,2005-03-17,Shipped,Paris,France,4.17,2005-03-01 00:00:00,2005-01-01 00:00:00,2005-01-01 00:00:00,3,Thursday
10350,S50_1514,Euro Shopping Channel,44,100.0,6490.88,Trains,2004-12-02,Shipped,Madrid,Spain,3.01,2004-12-01 00:00:00,2004-10-01 00:00:00,2004-01-01 00:00:00,12,Thursday
10325,S50_1514,Baane Mini Imports,44,100.0,5932.96,Trains,2004-11-05,Shipped,Stavern,Norway,2.75,2004-11-01 00:00:00,2004-10-01 00:00:00,2004-01-01 00:00:00,11,Friday
10208,S18_3259,"Saveley & Henriot, Co.",48,100.0,5614.56,Trains,2004-01-02,Shipped,Lyon,France,2.61,2004-01-01 00:00:00,2004-01-01 00:00:00,2004-01-01 00:00:00,1,Friday
10273,S18_3259,Petit Auto,47,100.0,5450.59,Trains,2004-07-21,Shipped,Bruxelles,Belgium,2.53,2004-07-01 00:00:00,2004-07-01 00:00:00,2004-01-01 00:00:00,7,Wednesday
10325,S32_3207,Baane Mini Imports,28,100.0,5377.4,Trains,2004-11-05,Shipped,Stavern,Norway,2.5,2004-11-01 00:00:00,2004-10-01 00:00:00,2004-01-01 00:00:00,11,Friday
10165,S18_3259,"Dragon Souveniers, Ltd.",50,100.0,5344.5,Trains,2003-10-22,Shipped,Singapore,Singapore,2.48,2003-10-01 00:00:00,2003-10-01 00:00:00,2003-01-01 00:00:00,10,Wednesday
10128,S18_3259,Euro Shopping Channel,41,100.0,4837.18,Trains,2003-06-06,Shipped,Madrid,Spain,2.25,2003-06-01 00:00:00,2003-04-01 00:00:00,2003-01-01 00:00:00,6,Friday
10232,S18_3259,giftsbymail.co.uk,48,95.8,4598.4,Trains,2004-03-20,Shipped,Cowes,UK,2.14,2004-03-01 00:00:00,2004-01-01 00:00:00,2004-01-01 00:00:00,3,Saturday
10350,S32_3207,Euro Shopping Channel,27,100.0,4406.4,Trains,2004-12-02,Shipped,Madrid,Spain,2.05,2004-12-01 00:00:00,2004-10-01 00:00:00,2004-01-01 00:00:00,12,Thursday
10105,S18_3259,Danish Wholesale Imports,38,100.0,4330.1,Trains,2003-02-11,Shipped,Kobenhavn,Denmark,2.01,2003-02-01 00:00:00,2003-01-01 00:00:00,2003-01-01 00:00:00,2,Tuesday
10359,S32_3207,Reims Collectables,22,100.0,4301.22,Trains,2004-12-15,Shipped,Reims,France,2.0,2004-12-01 00:00:00,2004-10-01 00:00:00,2004-01-01 00:00:00,12,Wednesday
10282,S18_3259,Mini Gifts Distributors Ltd.,36,100.0,4174.92,Trains,2004-08-20,Shipped,San Rafael,USA,1.94,2004-08-01 00:00:00,2004-07-01 00:00:00,2004-01-01 00:00:00,8,Friday
10185,S18_3259,Mini Creations Ltd.,49,80.67,3952.83,Trains,2003-11-14,Shipped,New Bedford,USA,1.84,2003-11-01 00:00:00,2003-10-01 00:00:00,2003-01-01 00:00:00,11,Friday
10326,S18_3259,"Volvo Model Replicas, Co",32,100.0,3807.68,Trains,2004-11-09,Shipped,Lule,Sweden,1.77,2004-11-01 00:00:00,2004-10-01 00:00:00,2004-01-01 00:00:00,11,Tuesday
10350,S18_3259,Euro Shopping Channel,41,93.04,3814.64,Trains,2004-12-02,Shipped,Madrid,Spain,1.77,2004-12-01 00:00:00,2004-10-01 00:00:00,2004-01-01 00:00:00,12,Thursday
10306,S18_3259,"AV Stores, Co.",40,91.76,3670.4,Trains,2004-10-14,Shipped,Manchester,UK,1.7,2004-10-01 00:00:00,2004-10-01 00:00:00,2004-01-01 00:00:00,10,Thursday
10196,S18_3259,Super Scale Inc.,35,100.0,3564.75,Trains,2003-11-26,Shipped,New Haven,USA,1.66,2003-11-01 00:00:00,2003-10-01 00:00:00,2003-01-01 00:00:00,11,Wednesday
10383,S18_3259,Euro Shopping Channel,26,100.0,3340.48,Trains,2005-02-22,Shipped,Madrid,Spain,1.55,2005-02-01 00:00:00,2005-01-01 00:00:00,2005-01-01 00:00:00,2,Tuesday
10413,S50_1514,Gift Depot Inc.,51,63.85,3256.35,Trains,2005-05-05,Shipped,Bridgewater,USA,1.51,2005-05-01 00:00:00,2005-04-01 00:00:00,2005-01-01 00:00:00,5,Thursday
10104,S32_3207,Euro Shopping Channel,49,65.87,3227.63,Trains,2003-01-31,Shipped,Madrid,Spain,1.5,2003-01-01 00:00:00,2003-01-01 00:00:00,2003-01-01 00:00:00,1,Friday
10127,S50_1514,Muscle Machine Inc,46,69.12,3179.52,Trains,2003-06-03,Shipped,NYC,USA,1.48,2003-06-01 00:00:00,2003-04-01 00:00:00,2003-01-01 00:00:00,6,Tuesday
10142,S32_3207,Mini Gifts Distributors Ltd.,42,74.57,3131.94,Trains,2003-08-08,Shipped,San Rafael,USA,1.45,2003-08-01 00:00:00,2003-07-01 00:00:00,2003-01-01 00:00:00,8,Friday
10247,S50_1514,Suominen Souveniers,49,63.85,3128.65,Trains,2004-05-05,Shipped,Espoo,Finland,1.45,2004-05-01 00:00:00,2004-04-01 00:00:00,2004-01-01 00:00:00,5,Wednesday
10177,S18_3259,CAF Imports,29,100.0,3070.52,Trains,2003-11-07,Shipped,Madrid,Spain,1.43,2003-11-01 00:00:00,2003-10-01 00:00:00,2003-01-01 00:00:00,11,Friday
10371,S32_3207,Mini Gifts Distributors Ltd.,30,99.55,2986.5,Trains,2005-01-23,Shipped,San Rafael,USA,1.39,2005-01-01 00:00:00,2005-01-01 00:00:00,2005-01-01 00:00:00,1,Sunday
10272,S32_3207,Diecast Classics Inc.,45,64.63,2908.35,Trains,2004-07-20,Shipped,Allentown,USA,1.35,2004-07-01 00:00:00,2004-07-01 00:00:00,2004-01-01 00:00:00,7,Tuesday
10196,S50_1514,Super Scale Inc.,46,62.09,2856.14,Trains,2003-11-26,Shipped,New Haven,USA,1.33,2003-11-01 00:00:00,2003-10-01 00:00:00,2003-01-01 00:00:00,11,Wednesday
10230,S32_3207,"Blauer See Auto, Co.",46,60.9,2801.4,Trains,2004-03-15,Shipped,Frankfurt,Germany,1.3,2004-03-01 00:00:00,2004-01-01 00:00:00,2004-01-01 00:00:00,3,Monday
10336,S32_3207,"La Corne D'abondance, Co.",31,84.71,2626.01,Trains,2004-11-20,Shipped,Paris,France,1.22,2004-11-01 00:00:00,2004-10-01 00:00:00,2004-01-01 00:00:00,11,Saturday
10153,S18_3259,Euro Shopping Channel,29,88.74,2573.46,Trains,2003-09-28,Shipped,Madrid,Spain,1.19,2003-09-01 00:00:00,2003-07-01 00:00:00,2003-01-01 00:00:00,9,Sunday
10165,S50_1514,"Dragon Souveniers, Ltd.",38,66.78,2537.64,Trains,2003-10-22,Shipped,Singapore,Singapore,1.18,2003-10-01 00:00:00,2003-10-01 00:00:00,2003-01-01 00:00:00,10,Wednesday
10207,S32_3207,Diecast Collectables,45,56.55,2544.75,Trains,2003-12-09,Shipped,Boston,USA,1.18,2003-12-01 00:00:00,2003-10-01 00:00:00,2003-01-01 00:00:00,12,Tuesday
10375,S24_4278,La Rochelle Gifts,43,100.0,10039.6,Planes,2005-02-03,Shipped,Nantes,France,1.16,2005-02-01 00:00:00,2005-01-01 00:00:00,2005-01-01 00:00:00,2,Thursday
10388,S700_1691,FunGiftIdeas.com,46,100.0,10066.6,Planes,2005-03-03,Shipped,New Bedford,USA,1.16,2005-03-01 00:00:00,2005-01-01 00:00:00,2005-01-01 00:00:00,3,Thursday
10314,S18_3259,Heintze Collectables,23,100.0,2481.7,Trains,2004-10-22,Shipped,Aaarhus,Denmark,1.15,2004-10-01 00:00:00,2004-10-01 00:00:00,2004-01-01 00:00:00,10,Friday
10221,S24_2011,Petit Auto,49,100.0,6804.63,Ships,2004-02-18,Shipped,Bruxelles,Belgium,1.15,2004-02-01 00:00:00,2004-01-01 00:00:00,2004-01-01 00:00:00,2,Wednesday
10282,S50_1514,Mini Gifts Distributors Ltd.,37,66.78,2470.86,Trains,2004-08-20,Shipped,San Rafael,USA,1.15,2004-08-01 00:00:00,2004-07-01 00:00:00,2004-01-01 00:00:00,8,Friday
10184,S32_3207,"Iberia Gift Imports, Corp.",48,50.95,2445.6,Trains,2003-11-14,Shipped,Sevilla,Spain,1.14,2003-11-01 00:00:00,2003-10-01 00:00:00,2003-01-01 00:00:00,11,Friday
10176,S50_1514,L'ordine Souveniers,38,64.44,2448.72,Trains,2003-11-06,Shipped,Reggio Emilia,Italy,1.14,2003-11-01 00:00:00,2003-10-01 00:00:00,2003-01-01 00:00:00,11,Thursday
10272,S50_1514,Diecast Classics Inc.,43,56.82,2443.26,Trains,2004-07-20,Shipped,Allentown,USA,1.13,2004-07-01 00:00:00,2004-07-01 00:00:00,2004-01-01 00:00:00,7,Tuesday
10293,S18_3259,Amica Models & Co.,22,100.0,2418.24,Trains,2004-09-09,Shipped,Torino,Italy,1.12,2004-09-01 00:00:00,2004-07-01 00:00:00,2004-01-01 00:00:00,9,Thursday
10165,S32_3207,"Dragon Souveniers, Ltd.",44,53.44,2351.36,Trains,2003-10-22,Shipped,Singapore,Singapore,1.09,2003-10-01 00:00:00,2003-10-01 00:00:00,2003-01-01 00:00:00,10,Wednesday
10314,S50_1514,Heintze Collectables,38,61.51,2337.38,Trains,2004-10-22,Shipped,Aaarhus,Denmark,1.09,2004-10-01 00:00:00,2004-10-01 00:00:00,2004-01-01 00:00:00,10,Friday
10384,S700_1938,Corporate Gift Ideas Co.,49,100.0,6397.44,Ships,2005-02-23,Shipped,San Francisco,USA,1.08,2005-02-01 00:00:00,2005-01-01 00:00:00,2005-01-01 00:00:00,2,Wednesday
10306,S32_3207,"AV Stores, Co.",46,50.33,2315.18,Trains,2004-10-14,Shipped,Manchester,UK,1.08,2004-10-01 00:00:00,2004-10-01 00:00:00,2004-01-01 00:00:00,10,Thursday
10314,S32_3207,Heintze Collectables,35,66.49,2327.15,Trains,2004-10-22,Shipped,Aaarhus,Denmark,1.08,2004-10-01 00:00:00,2004-10-01 00:00:00,2004-01-01 00:00:00,10,Friday
10105,S24_2011,Danish Wholesale Imports,43,100.0,6341.21,Ships,2003-02-11,Shipped,Kobenhavn,Denmark,1.07,2003-02-01 00:00:00,2003-01-01 00:00:00,2003-01-01 00:00:00,2,Tuesday
10337,S50_1514,Classic Legends Inc.,21,100.0,2296.77,Trains,2004-11-21,Shipped,NYC,USA,1.07,2004-11-01 00:00:00,2004-10-01 00:00:00,2004-01-01 00:00:00,11,Sunday
10383,S50_1514,Euro Shopping Channel,38,60.06,2282.28,Trains,2005-02-22,Shipped,Madrid,Spain,1.06,2005-02-01 00:00:00,2005-01-01 00:00:00,2005-01-01 00:00:00,2,Tuesday
10403,S10_4698,"UK Collectables, Ltd.",66,100.0,11886.6,Motorcycles,2005-04-08,Shipped,Liverpool,UK,1.05,2005-04-01 00:00:00,2005-04-01 00:00:00,2005-01-01 00:00:00,4,Friday
10336,S18_3259,"La Corne D'abondance, Co.",21,100.0,2230.41,Trains,2004-11-20,Shipped,Paris,France,1.04,2004-11-01 00:00:00,2004-10-01 00:00:00,2004-01-01 00:00:00,11,Saturday
10230,S50_1514,"Blauer See Auto, Co.",43,52.14,2242.02,Trains,2004-03-15,Shipped,Frankfurt,Germany,1.04,2004-03-01 00:00:00,2004-01-01 00:00:00,2004-01-01 00:00:00,3,Monday
10177,S24_2011,CAF Imports,50,100.0,6083.0,Ships,2003-11-07,Shipped,Madrid,Spain,1.03,2003-11-01 00:00:00,2003-10-01 00:00:00,2003-01-01 00:00:00,11,Friday
10129,S24_2011,"Stylish Desk Decors, Co.",45,100.0,6027.75,Ships,2003-06-12,Shipped,London,UK,1.02,2003-06-01 00:00:00,2003-04-01 00:00:00,2003-01-01 00:00:00,6,Thursday
10396,S18_3259,Mini Gifts Distributors Ltd.,24,89.75,2154.0,Trains,2005-03-23,Shipped,San Rafael,USA,1.0,2005-03-01 00:00:00,2005-01-01 00:00:00,2005-01-01 00:00:00,3,Wednesday
10142,S18_3259,Mini Gifts Distributors Ltd.,22,97.81,2151.82,Trains,2003-08-08,Shipped,San Rafael,USA,1.0,2003-08-01 00:00:00,2003-07-01 00:00:00,2003-01-01 00:00:00,8,Friday
10282,S32_3207,Mini Gifts Distributors Ltd.,36,59.65,2147.4,Trains,2004-08-20,Shipped,San Rafael,USA,1.0,2004-08-01 00:00:00,2004-07-01 00:00:00,2004-01-01 00:00:00,8,Friday
10372,S18_3259,"Tokyo Collectables, Ltd",25,84.71,2117.75,Trains,2005-01-26,Shipped,Minato-ku,Japan,0.98,2005-01-01 00:00:00,2005-01-01 00:00:00,2005-01-01 00:00:00,1,Wednesday
10292,S32_3207,Land of Toys Inc.,31,67.73,2099.63,Trains,2004-09-08,Shipped,NYC,USA,0.97,2004-09-01 00:00:00,2004-07-01 00:00:00,2004-01-01 00:00:00,9,Wednesday
10142,S50_1514,Mini Gifts Distributors Ltd.,42,49.79,2091.18,Trains,2003-08-08,Shipped,San Rafael,USA,0.97,2003-08-01 00:00:00,2003-07-01 00:00:00,2003-01-01 00:00:00,8,Friday
10396,S24_2011,Mini Gifts Distributors Ltd.,49,100.0,5720.75,Ships,2005-03-23,Shipped,San Rafael,USA,0.97,2005-03-01 00:00:00,2005-01-01 00:00:00,2005-01-01 00:00:00,3,Wednesday
10232,S24_2011,giftsbymail.co.uk,46,100.0,5652.94,Ships,2004-03-20,Shipped,Cowes,UK,0.96,2004-03-01 00:00:00,2004-01-01 00:00:00,2004-01-01 00:00:00,3,Saturday
10220,S50_1514,"Clover Collections, Co.",30,68.54,2056.2,Trains,2004-02-12,Shipped,Dublin,Ireland,0.95,2004-02-01 00:00:00,2004-01-01 00:00:00,2004-01-01 00:00:00,2,Thursday
10127,S32_3207,Muscle Machine Inc,29,70.84,2054.36,Trains,2003-06-03,Shipped,NYC,USA,0.95,2003-06-01 00:00:00,2003-04-01 00:00:00,2003-01-01 00:00:00,6,Tuesday
10306,S50_1514,"AV Stores, Co.",34,60.34,2051.56,Trains,2004-10-14,Shipped,Manchester,UK,0.95,2004-10-01 00:00:00,2004-10-01 00:00:00,2004-01-01 00:00:00,10,Thursday
10250,S18_1662,The Sharp Gifts Warehouse,45,100.0,8160.3,Planes,2004-05-11,Shipped,San Jose,USA,0.94,2004-05-01 00:00:00,2004-04-01 00:00:00,2004-01-01 00:00:00,5,Tuesday
10117,S18_3259,"Dragon Souveniers, Ltd.",21,95.8,2011.8,Trains,2003-04-16,Shipped,Singapore,Singapore,0.93,2003-04-01 00:00:00,2003-04-01 00:00:00,2003-01-01 00:00:00,4,Wednesday
10247,S32_3207,Suominen Souveniers,40,49.71,1988.4,Trains,2004-05-05,Shipped,Espoo,Finland,0.92,2004-05-01 00:00:00,2004-04-01 00:00:00,2004-01-01 00:00:00,5,Wednesday
10153,S24_2011,Euro Shopping Channel,40,100.0,5456.4,Ships,2003-09-28,Shipped,Madrid,Spain,0.92,2003-09-01 00:00:00,2003-07-01 00:00:00,2003-01-01 00:00:00,9,Sunday
10208,S50_1514,"Saveley & Henriot, Co.",30,65.61,1968.3,Trains,2004-01-02,Shipped,Lyon,France,0.91,2004-01-01 00:00:00,2004-01-01 00:00:00,2004-01-01 00:00:00,1,Friday
10292,S50_1514,Land of Toys Inc.,35,55.07,1927.45,Trains,2004-09-08,Shipped,NYC,USA,0.9,2004-09-01 00:00:00,2004-07-01 00:00:00,2004-01-01 00:00:00,9,Wednesday
10283,S24_2011,"Royal Canadian Collectables, Ltd.",42,100.0,5316.36,Ships,2004-08-20,Shipped,Tsawassen,Canada,0.9,2004-08-01 00:00:00,2004-07-01 00:00:00,2004-01-01 00:00:00,8,Friday
10397,S700_3505,Alpha Cognac,48,100.0,5192.64,Ships,2005-03-28,Shipped,Toulouse,France,0.88,2005-03-01 00:00:00,2005-01-01 00:00:00,2005-01-01 00:00:00,3,Monday
10117,S24_2011,"Dragon Souveniers, Ltd.",41,100.0,5189.78,Ships,2003-04-16,Shipped,Singapore,Singapore,0.88,2003-04-01 00:00:00,2003-04-01 00:00:00,2003-01-01 00:00:00,4,Wednesday
10223,S10_4698,"Australian Collectors, Co.",49,100.0,9774.03,Motorcycles,2004-02-20,Shipped,Melbourne,Australia,0.87,2004-02-01 00:00:00,2004-01-01 00:00:00,2004-01-01 00:00:00,2,Friday
10198,S18_1662,Cruz & Sons Co.,42,100.0,7483.98,Planes,2003-11-27,Shipped,Makati City,Philippines,0.86,2003-11-01 00:00:00,2003-10-01 00:00:00,2003-01-01 00:00:00,11,Thursday
10221,S18_3259,Petit Auto,23,80.67,1855.41,Trains,2004-02-18,Shipped,Bruxelles,Belgium,0.86,2004-02-01 00:00:00,2004-01-01 00:00:00,2004-01-01 00:00:00,2,Wednesday
10307,S18_1662,"Classic Gift Ideas, Inc",39,100.0,7379.97,Planes,2004-10-14,Shipped,Philadelphia,USA,0.85,2004-10-01 00:00:00,2004-10-01 00:00:00,2004-01-01 00:00:00,10,Thursday
10325,S32_2509,Baane Mini Imports,38,100.0,8844.12,Trucks and Buses,2004-11-05,Shipped,Stavern,Norway,0.85,2004-11-01 00:00:00,2004-10-01 00:00:00,2004-01-01 00:00:00,11,Friday
10394,S32_3207,Euro Shopping Channel,30,60.28,1808.4,Trains,2005-03-15,Shipped,Madrid,Spain,0.84,2005-03-01 00:00:00,2005-01-01 00:00:00,2005-01-01 00:00:00,3,Tuesday
10195,S32_3207,Mini Classics,33,54.68,1804.44,Trains,2003-11-25,Shipped,White Plains,USA,0.84,2003-11-01 00:00:00,2003-10-01 00:00:00,2003-01-01 00:00:00,11,Tuesday
10388,S700_2834,FunGiftIdeas.com,50,100.0,7154.5,Planes,2005-03-03,Shipped,New Bedford,USA,0.83,2005-03-01 00:00:00,2005-01-01 00:00:00,2005-01-01 00:00:00,3,Thursday
10153,S50_1514,Euro Shopping Channel,31,57.41,1779.71,Trains,2003-09-28,Shipped,Madrid,Spain,0.83,2003-09-01 00:00:00,2003-07-01 00:00:00,2003-01-01 00:00:00,9,Sunday
10120,S10_4698,"Australian Collectors, Co.",46,100.0,9264.86,Motorcycles,2003-04-29,Shipped,Melbourne,Australia,0.82,2003-04-01 00:00:00,2003-04-01 00:00:00,2003-01-01 00:00:00,4,Tuesday
10318,S700_2834,Diecast Classics Inc.,50,100.0,7119.0,Planes,2004-11-02,Shipped,Allentown,USA,0.82,2004-11-01 00:00:00,2004-10-01 00:00:00,2004-01-01 00:00:00,11,Tuesday
10370,S12_1666,"Anna's Decorations, Ltd",49,100.0,8470.14,Trucks and Buses,2005-01-20,Shipped,North Sydney,Australia,0.81,2005-01-01 00:00:00,2005-01-01 00:00:00,2005-01-01 00:00:00,1,Thursday
10412,S24_2300,Euro Shopping Channel,70,100.0,8498.0,Trucks and Buses,2005-05-03,Shipped,Madrid,Spain,0.81,2005-05-01 00:00:00,2005-04-01 00:00:00,2005-01-01 00:00:00,5,Tuesday
10119,S18_1662,Salzburg Collectables,43,100.0,6916.12,Planes,2003-04-28,Shipped,Salzburg,Austria,0.8,2003-04-01 00:00:00,2003-04-01 00:00:00,2003-01-01 00:00:00,4,Monday
10222,S18_1662,Collectable Mini Designs Co.,49,100.0,6954.08,Planes,2004-02-19,Shipped,San Diego,USA,0.8,2004-02-01 00:00:00,2004-01-01 00:00:00,2004-01-01 00:00:00,2,Thursday
10196,S700_1938,Super Scale Inc.,50,94.4,4720.0,Ships,2003-11-26,Shipped,New Haven,USA,0.8,2003-11-01 00:00:00,2003-10-01 00:00:00,2003-01-01 00:00:00,11,Wednesday
10180,S10_4698,Daedalus Designs Imports,41,100.0,8892.9,Motorcycles,2003-11-11,Shipped,Lille,France,0.79,2003-11-01 00:00:00,2003-10-01 00:00:00,2003-01-01 00:00:00,11,Tuesday
10324,S32_3522,Vitachrome Inc.,48,100.0,8209.44,Trucks and Buses,2004-11-05,Shipped,NYC,USA,0.79,2004-11-01 00:00:00,2004-10-01 00:00:00,2004-01-01 00:00:00,11,Friday
10294,S700_3962,Online Mini Collectables,45,100.0,4692.6,Ships,2004-09-10,Shipped,Brickhaven,USA,0.79,2004-09-01 00:00:00,2004-07-01 00:00:00,2004-01-01 00:00:00,9,Friday
10104,S50_1514,Euro Shopping Channel,32,53.31,1705.92,Trains,2003-01-31,Shipped,Madrid,Spain,0.79,2003-01-01 00:00:00,2003-01-01 00:00:00,2003-01-01 00:00:00,1,Friday
10116,S32_3207,Royale Belge,27,63.38,1711.26,Trains,2003-04-11,Shipped,Charleroi,Belgium,0.79,2003-04-01 00:00:00,2003-04-01 00:00:00,2003-01-01 00:00:00,4,Friday
10274,S18_1662,Collectables For Less Inc.,41,100.0,6724.0,Planes,2004-07-21,Shipped,Brickhaven,USA,0.78,2004-07-01 00:00:00,2004-07-01 00:00:00,2004-01-01 00:00:00,7,Wednesday
10222,S18_3029,Collectable Mini Designs Co.,49,94.62,4636.38,Ships,2004-02-19,Shipped,San Diego,USA,0.78,2004-02-01 00:00:00,2004-01-01 00:00:00,2004-01-01 00:00:00,2,Thursday
10232,S700_3505,giftsbymail.co.uk,48,96.16,4615.68,Ships,2004-03-20,Shipped,Cowes,UK,0.78,2004-03-01 00:00:00,2004-01-01 00:00:00,2004-01-01 00:00:00,3,Saturday
10152,S32_3207,"Australian Gift Network, Co",33,50.95,1681.35,Trains,2003-09-25,Shipped,South Brisbane,Australia,0.78,2003-09-01 00:00:00,2003-07-01 00:00:00,2003-01-01 00:00:00,9,Thursday
10373,S700_1138,"Oulu Toy Supplies, Inc.",44,100.0,4627.92,Ships,2005-01-31,Shipped,Oulu,Finland,0.78,2005-01-01 00:00:00,2005-01-01 00:00:00,2005-01-01 00:00:00,1,Monday
10188,S10_4698,Herkku Gifts,45,100.0,8714.7,Motorcycles,2003-11-18,Shipped,Bergen,Norway,0.77,2003-11-01 00:00:00,2003-10-01 00:00:00,2003-01-01 00:00:00,11,Tuesday
10403,S12_2823,"UK Collectables, Ltd.",66,100.0,8648.64,Motorcycles,2005-04-08,Shipped,Liverpool,UK,0.77,2005-04-01 00:00:00,2005-04-01 00:00:00,2005-01-01 00:00:00,4,Friday
10197,S24_2011,Enaco Distributors,41,100.0,4534.6,Ships,2003-11-26,Shipped,Barcelona,Spain,0.77,2003-11-01 00:00:00,2003-10-01 00:00:00,2003-01-01 00:00:00,11,Wednesday
10372,S700_1938,"Tokyo Collectables, Ltd",44,100.0,4496.8,Ships,2005-01-26,Shipped,Minato-ku,Japan,0.76,2005-01-01 00:00:00,2005-01-01 00:00:00,2005-01-01 00:00:00,1,Wednesday
10261,S24_2011,Quebec Home Shopping Network,36,100.0,4512.6,Ships,2004-06-17,Shipped,Montreal,Canada,0.76,2004-06-01 00:00:00,2004-04-01 00:00:00,2004-01-01 00:00:00,6,Thursday
10155,S18_1662,"Toys of Finland, Co.",38,100.0,6531.44,Planes,2003-10-06,Shipped,Helsinki,Finland,0.75,2003-10-01 00:00:00,2003-10-01 00:00:00,2003-01-01 00:00:00,10,Monday
10178,S18_1662,Alpha Cognac,42,100.0,6490.68,Planes,2003-11-08,Shipped,Toulouse,France,0.75,2003-11-01 00:00:00,2003-10-01 00:00:00,2003-01-01 00:00:00,11,Saturday
10153,S700_3505,Euro Shopping Channel,50,88.15,4407.5,Ships,2003-09-28,Shipped,Madrid,Spain,0.75,2003-09-01 00:00:00,2003-07-01 00:00:00,2003-01-01 00:00:00,9,Sunday
10208,S700_3505,"Saveley & Henriot, Co.",37,100.0,4447.4,Ships,2004-01-02,Shipped,Lyon,France,0.75,2004-01-01 00:00:00,2004-01-01 00:00:00,2004-01-01 00:00:00,1,Friday
10359,S50_1514,Reims Collectables,25,64.93,1623.25,Trains,2004-12-15,Shipped,Reims,France,0.75,2004-12-01 00:00:00,2004-10-01 00:00:00,2004-01-01 00:00:00,12,Wednesday
10263,S10_4698,Gift Depot Inc.,41,100.0,8336.94,Motorcycles,2004-06-28,Shipped,Bridgewater,USA,0.74,2004-06-01 00:00:00,2004-04-01 00:00:00,2004-01-01 00:00:00,6,Monday
10145,S12_2823,Toys4GrownUps.com,49,100.0,8339.8,Motorcycles,2003-08-25,Shipped,Pasadena,USA,0.74,2003-08-01 00:00:00,2003-07-01 00:00:00,2003-01-01 00:00:00,8,Monday
10400,S18_1662,The Sharp Gifts Warehouse,34,100.0,6433.82,Planes,2005-04-01,Shipped,San Jose,USA,0.74,2005-04-01 00:00:00,2005-04-01 00:00:00,2005-01-01 00:00:00,4,Friday
10275,S700_2834,La Rochelle Gifts,48,100.0,6378.72,Planes,2004-07-23,Shipped,Nantes,France,0.74,2004-07-01 00:00:00,2004-07-01 00:00:00,2004-01-01 00:00:00,7,Friday
10383,S32_3207,Euro Shopping Channel,44,36.07,1587.08,Trains,2005-02-22,Shipped,Madrid,Spain,0.74,2005-02-01 00:00:00,2005-01-01 00:00:00,2005-01-01 00:00:00,2,Tuesday
10168,S24_1785,Technics Stores Inc.,49,100.0,6433.7,Planes,2003-10-28,Shipped,Burlingame,USA,0.74,2003-10-01 00:00:00,2003-10-01 00:00:00,2003-01-01 00:00:00,10,Tuesday
10121,S12_2823,Reims Collectables,50,100.0,8284.0,Motorcycles,2003-05-07,Shipped,Reims,France,0.73,2003-05-01 00:00:00,2003-04-01 00:00:00,2003-01-01 00:00:00,5,Wednesday
10326,S24_2011,"Volvo Model Replicas, Co",41,100.0,4333.29,Ships,2004-11-09,Shipped,Lule,Sweden,0.73,2004-11-01 00:00:00,2004-10-01 00:00:00,2004-01-01 00:00:00,11,Tuesday
10208,S24_2011,"Saveley & Henriot, Co.",35,100.0,4301.15,Ships,2004-01-02,Shipped,Lyon,France,0.73,2004-01-01 00:00:00,2004-01-01 00:00:00,2004-01-01 00:00:00,1,Friday
10341,S12_2823,Salzburg Collectables,55,100.0,8118.55,Motorcycles,2004-11-24,Shipped,Salzburg,Austria,0.72,2004-11-01 00:00:00,2004-10-01 00:00:00,2004-01-01 00:00:00,11,Wednesday
10322,S18_2325,Online Diecast Creations Co.,50,100.0,12536.5,Vintage Cars,2004-11-04,Shipped,Nashua,USA,0.72,2004-11-01 00:00:00,2004-10-01 00:00:00,2004-01-01 00:00:00,11,Thursday
10339,S24_2841,"Tokyo Collectables, Ltd",55,100.0,6214.45,Planes,2004-11-23,Shipped,Minato-ku,Japan,0.72,2004-11-01 00:00:00,2004-10-01 00:00:00,2004-01-01 00:00:00,11,Tuesday
10201,S10_4698,Mini Wheels Co.,49,100.0,8065.89,Motorcycles,2003-12-01,Shipped,San Francisco,USA,0.71,2003-12-01 00:00:00,2003-10-01 00:00:00,2003-01-01 00:00:00,12,Monday
10118,S700_3505,Enaco Distributors,36,100.0,4219.2,Ships,2003-04-21,Shipped,Barcelona,Spain,0.71,2003-04-01 00:00:00,2003-04-01 00:00:00,2003-01-01 00:00:00,4,Monday
10222,S700_3505,Collectable Mini Designs Co.,38,100.0,4187.22,Ships,2004-02-19,Shipped,San Diego,USA,0.71,2004-02-01 00:00:00,2004-01-01 00:00:00,2004-01-01 00:00:00,2,Thursday
10316,S700_2047,giftsbymail.co.uk,45,93.24,4195.8,Ships,2004-11-01,Shipped,Cowes,UK,0.71,2004-11-01 00:00:00,2004-10-01 00:00:00,2004-01-01 00:00:00,11,Monday
10315,S24_2011,La Rochelle Gifts,35,100.0,4215.05,Ships,2004-10-29,Shipped,Nantes,France,0.71,2004-10-01 00:00:00,2004-10-01 00:00:00,2004-01-01 00:00:00,10,Friday
10328,S700_2047,Rovelli Gifts,41,100.0,4156.58,Ships,2004-11-12,Shipped,Bergamo,Italy,0.7,2004-11-01 00:00:00,2004-10-01 00:00:00,2004-01-01 00:00:00,11,Friday
10250,S700_2834,The Sharp Gifts Warehouse,44,100.0,6055.72,Planes,2004-05-11,Shipped,San Jose,USA,0.7,2004-05-01 00:00:00,2004-04-01 00:00:00,2004-01-01 00:00:00,5,Tuesday
10186,S18_1662,"Double Decker Gift Stores, Ltd",32,100.0,6004.8,Planes,2003-11-14,Shipped,London,UK,0.69,2003-11-01 00:00:00,2003-10-01 00:00:00,2003-01-01 00:00:00,11,Friday
10177,S700_3505,CAF Imports,44,92.16,4055.04,Ships,2003-11-07,Shipped,Madrid,Spain,0.69,2003-11-01 00:00:00,2003-10-01 00:00:00,2003-01-01 00:00:00,11,Friday
10337,S72_3212,Classic Legends Inc.,42,97.16,4080.72,Ships,2004-11-21,Shipped,NYC,USA,0.69,2004-11-01 00:00:00,2004-10-01 00:00:00,2004-01-01 00:00:00,11,Sunday
10261,S700_3962,Quebec Home Shopping Network,50,81.43,4071.5,Ships,2004-06-17,Shipped,Montreal,Canada,0.69,2004-06-01 00:00:00,2004-04-01 00:00:00,2004-01-01 00:00:00,6,Thursday
10341,S10_1678,Salzburg Collectables,41,100.0,7737.93,Motorcycles,2004-11-24,Shipped,Salzburg,Austria,0.69,2004-11-01 00:00:00,2004-10-01 00:00:00,2004-01-01 00:00:00,11,Wednesday
10318,S10_4698,Diecast Classics Inc.,37,100.0,7667.14,Motorcycles,2004-11-02,Shipped,Allentown,USA,0.68,2004-11-01 00:00:00,2004-10-01 00:00:00,2004-01-01 00:00:00,11,Tuesday
10197,S18_3029,Enaco Distributors,46,87.74,4036.04,Ships,2003-11-26,Shipped,Barcelona,Spain,0.68,2003-11-01 00:00:00,2003-10-01 00:00:00,2003-01-01 00:00:00,11,Wednesday
10126,S18_4600,"Corrida Auto Replicas, Ltd",50,100.0,7083.0,Trucks and Buses,2003-05-28,Shipped,Madrid,Spain,0.68,2003-05-01 00:00:00,2003-04-01 00:00:00,2003-01-01 00:00:00,5,Wednesday
10400,S700_2047,The Sharp Gifts Warehouse,46,87.8,4038.8,Ships,2005-04-01,Shipped,San Jose,USA,0.68,2005-04-01 00:00:00,2005-04-01 00:00:00,2005-01-01 00:00:00,4,Friday
10373,S700_3962,"Oulu Toy Supplies, Inc.",37,100.0,4025.6,Ships,2005-01-31,Shipped,Oulu,Finland,0.68,2005-01-01 00:00:00,2005-01-01 00:00:00,2005-01-01 00:00:00,1,Monday
10251,S12_2823,Tekni Collectables Inc.,46,100.0,7552.28,Motorcycles,2004-05-18,Shipped,Newark,USA,0.67,2004-05-01 00:00:00,2004-04-01 00:00:00,2004-01-01 00:00:00,5,Tuesday
10197,S700_2610,Enaco Distributors,50,78.79,3939.5,Ships,2003-11-26,Shipped,Barcelona,Spain,0.67,2003-11-01 00:00:00,2003-10-01 00:00:00,2003-01-01 00:00:00,11,Wednesday
10373,S72_3212,"Oulu Toy Supplies, Inc.",29,100.0,3978.51,Ships,2005-01-31,Shipped,Oulu,Finland,0.67,2005-01-01 00:00:00,2005-01-01 00:00:00,2005-01-01 00:00:00,1,Monday
10210,S18_1662,Osaka Souveniers Co.,31,100.0,5719.5,Planes,2004-01-12,Shipped,Osaka,Japan,0.66,2004-01-01 00:00:00,2004-01-01 00:00:00,2004-01-01 00:00:00,1,Monday
10284,S18_1662,"Norway Gifts By Mail, Co.",45,100.0,5747.85,Planes,2004-08-21,Shipped,Oslo,Norway,0.66,2004-08-01 00:00:00,2004-07-01 00:00:00,2004-01-01 00:00:00,8,Saturday
10296,S18_1662,"Bavarian Collectables Imports, Co.",36,100.0,5676.84,Planes,2004-09-15,Shipped,Munich,Germany,0.66,2004-09-01 00:00:00,2004-07-01 00:00:00,2004-01-01 00:00:00,9,Wednesday
10185,S700_3505,Mini Creations Ltd.,37,100.0,3891.66,Ships,2003-11-14,Shipped,New Bedford,USA,0.66,2003-11-01 00:00:00,2003-10-01 00:00:00,2003-01-01 00:00:00,11,Friday
10398,S700_2047,Reims Collectables,36,100.0,3910.32,Ships,2005-03-30,Shipped,Reims,France,0.66,2005-03-01 00:00:00,2005-01-01 00:00:00,2005-01-01 00:00:00,3,Wednesday
10372,S24_2011,"Tokyo Collectables, Ltd",37,100.0,3910.53,Ships,2005-01-26,Shipped,Minato-ku,Japan,0.66,2005-01-01 00:00:00,2005-01-01 00:00:00,2005-01-01 00:00:00,1,Wednesday
10339,S700_2047,"Tokyo Collectables, Ltd",55,71.25,3918.75,Ships,2004-11-23,Shipped,Minato-ku,Japan,0.66,2004-11-01 00:00:00,2004-10-01 00:00:00,2004-01-01 00:00:00,11,Tuesday
10372,S50_1514,"Tokyo Collectables, Ltd",24,58.58,1405.92,Trains,2005-01-26,Shipped,Minato-ku,Japan,0.65,2005-01-01 00:00:00,2005-01-01 00:00:00,2005-01-01 00:00:00,1,Wednesday
10174,S12_1666,"Australian Gift Network, Co",43,100.0,6817.22,Trucks and Buses,2003-11-06,Shipped,South Brisbane,Australia,0.65,2003-11-01 00:00:00,2003-10-01 00:00:00,2003-01-01 00:00:00,11,Thursday
10165,S12_4473,"Dragon Souveniers, Ltd.",48,100.0,6825.6,Trucks and Buses,2003-10-22,Shipped,Singapore,Singapore,0.65,2003-10-01 00:00:00,2003-10-01 00:00:00,2003-01-01 00:00:00,10,Wednesday
10382,S32_3522,Mini Gifts Distributors Ltd.,48,100.0,6799.68,Trucks and Buses,2005-02-17,Shipped,San Rafael,USA,0.65,2005-02-01 00:00:00,2005-01-01 00:00:00,2005-01-01 00:00:00,2,Thursday
10338,S18_1662,Royale Belge,41,100.0,5624.79,Planes,2004-11-22,Shipped,Charleroi,Belgium,0.65,2004-11-01 00:00:00,2004-10-01 00:00:00,2004-01-01 00:00:00,11,Monday
10347,S18_2432,"Australian Collectors, Co.",50,100.0,6834.5,Trucks and Buses,2004-11-29,Shipped,Melbourne,Australia,0.65,2004-11-01 00:00:00,2004-10-01 00:00:00,2004-01-01 00:00:00,11,Monday
10130,S18_3029,Auto-Moto Classics Inc.,40,96.34,3853.6,Ships,2003-06-16,Shipped,Brickhaven,USA,0.65,2003-06-01 00:00:00,2003-04-01 00:00:00,2003-01-01 00:00:00,6,Monday
10333,S18_3320,Mini Wheels Co.,46,100.0,11336.7,Vintage Cars,2004-11-18,Shipped,San Francisco,USA,0.65,2004-11-01 00:00:00,2004-10-01 00:00:00,2004-01-01 00:00:00,11,Thursday
10207,S24_2300,Diecast Collectables,46,100.0,6819.04,Trucks and Buses,2003-12-09,Shipped,Boston,USA,0.65,2003-12-01 00:00:00,2003-10-01 00:00:00,2003-01-01 00:00:00,12,Tuesday
10249,S700_2047,Cambridge Collectables Co.,40,95.95,3838.0,Ships,2004-05-08,Shipped,Cambridge,USA,0.65,2004-05-01 00:00:00,2004-04-01 00:00:00,2004-01-01 00:00:00,5,Saturday
10129,S700_3505,"Stylish Desk Decors, Co.",42,91.15,3828.3,Ships,2003-06-12,Shipped,London,UK,0.65,2003-06-01 00:00:00,2003-04-01 00:00:00,2003-01-01 00:00:00,6,Thursday
10176,S32_3207,L'ordine Souveniers,22,64.0,1408.0,Trains,2003-11-06,Shipped,Reggio Emilia,Italy,0.65,2003-11-01 00:00:00,2003-10-01 00:00:00,2003-01-01 00:00:00,11,Thursday
10416,S700_2834,L'ordine Souveniers,41,100.0,5642.83,Planes,2005-05-10,Shipped,Reggio Emilia,Italy,0.65,2005-05-01 00:00:00,2005-04-01 00:00:00,2005-01-01 00:00:00,5,Tuesday
10129,S700_2610,"Stylish Desk Decors, Co.",45,85.29,3838.05,Ships,2003-06-12,Shipped,London,UK,0.65,2003-06-01 00:00:00,2003-04-01 00:00:00,2003-01-01 00:00:00,6,Thursday
10258,S12_1666,"Tokyo Collectables, Ltd",41,100.0,6668.24,Trucks and Buses,2004-06-15,Shipped,Minato-ku,Japan,0.64,2004-06-01 00:00:00,2004-04-01 00:00:00,2004-01-01 00:00:00,6,Tuesday
10207,S18_4600,Diecast Collectables,47,100.0,6658.02,Trucks and Buses,2003-12-09,Shipped,Boston,USA,0.64,2003-12-01 00:00:00,2003-10-01 00:00:00,2003-01-01 00:00:00,12,Tuesday
10397,S700_3962,Alpha Cognac,36,100.0,3789.72,Ships,2005-03-28,Shipped,Toulouse,France,0.64,2005-03-01 00:00:00,2005-01-01 00:00:00,2005-01-01 00:00:00,3,Monday
10398,S24_1785,Reims Collectables,43,100.0,5552.16,Planes,2005-03-30,Shipped,Reims,France,0.64,2005-03-01 00:00:00,2005-01-01 00:00:00,2005-01-01 00:00:00,3,Wednesday
10251,S10_4698,Tekni Collectables Inc.,43,100.0,7078.23,Motorcycles,2004-05-18,Shipped,Newark,USA,0.63,2004-05-01 00:00:00,2004-04-01 00:00:00,2004-01-01 00:00:00,5,Tuesday
10263,S700_2834,Gift Depot Inc.,47,100.0,5465.16,Planes,2004-06-28,Shipped,Bridgewater,USA,0.63,2004-06-01 00:00:00,2004-04-01 00:00:00,2004-01-01 00:00:00,6,Monday
10282,S700_1938,Mini Gifts Distributors Ltd.,43,86.61,3724.23,Ships,2004-08-20,Shipped,San Rafael,USA,0.63,2004-08-01 00:00:00,2004-07-01 00:00:00,2004-01-01 00:00:00,8,Friday
10339,S700_2610,"Tokyo Collectables, Ltd",50,74.35,3717.5,Ships,2004-11-23,Shipped,Minato-ku,Japan,0.63,2004-11-01 00:00:00,2004-10-01 00:00:00,2004-01-01 00:00:00,11,Tuesday
10259,S12_4473,Handji Gifts& Co,46,100.0,6541.2,Trucks and Buses,2004-06-15,Shipped,Singapore,Singapore,0.63,2004-06-01 00:00:00,2004-04-01 00:00:00,2004-01-01 00:00:00,6,Tuesday
10117,S700_3962,"Dragon Souveniers, Ltd.",45,83.42,3753.9,Ships,2003-04-16,Shipped,Singapore,Singapore,0.63,2003-04-01 00:00:00,2003-04-01 00:00:00,2003-01-01 00:00:00,4,Wednesday
10285,S700_2834,Marta's Replicas Co.,45,100.0,5392.8,Planes,2004-08-27,Shipped,Cambridge,USA,0.62,2004-08-01 00:00:00,2004-07-01 00:00:00,2004-01-01 00:00:00,8,Friday
10237,S10_4698,Vitachrome Inc.,39,100.0,7023.9,Motorcycles,2004-04-05,Shipped,NYC,USA,0.62,2004-04-01 00:00:00,2004-04-01 00:00:00,2004-01-01 00:00:00,4,Monday
10339,S24_3151,"Tokyo Collectables, Ltd",55,100.0,10758.0,Vintage Cars,2004-11-23,Shipped,Minato-ku,Japan,0.62,2004-11-01 00:00:00,2004-10-01 00:00:00,2004-01-01 00:00:00,11,Tuesday
10150,S18_4600,"Dragon Souveniers, Ltd.",49,100.0,6467.02,Trucks and Buses,2003-09-19,Shipped,Singapore,Singapore,0.62,2003-09-01 00:00:00,2003-07-01 00:00:00,2003-01-01 00:00:00,9,Friday
10389,S18_2625,Scandinavian Gift Ideas,39,100.0,6981.0,Motorcycles,2005-03-03,Shipped,Boras,Sweden,0.62,2005-03-01 00:00:00,2005-01-01 00:00:00,2005-01-01 00:00:00,3,Thursday
10134,S10_4698,Lyon Souveniers,31,100.0,7023.98,Motorcycles,2003-07-01,Shipped,Paris,France,0.62,2003-07-01 00:00:00,2003-07-01 00:00:00,2003-01-01 00:00:00,7,Tuesday
10195,S12_4473,Mini Classics,49,100.0,6445.46,Trucks and Buses,2003-11-25,Shipped,White Plains,USA,0.62,2003-11-01 00:00:00,2003-10-01 00:00:00,2003-01-01 00:00:00,11,Tuesday
10285,S12_2823,Marta's Replicas Co.,49,100.0,6863.92,Motorcycles,2004-08-27,Shipped,Cambridge,USA,0.61,2004-08-01 00:00:00,2004-07-01 00:00:00,2004-01-01 00:00:00,8,Friday
10336,S12_4473,"La Corne D'abondance, Co.",38,100.0,6372.6,Trucks and Buses,2004-11-20,Shipped,Paris,France,0.61,2004-11-01 00:00:00,2004-10-01 00:00:00,2004-01-01 00:00:00,11,Saturday
10106,S18_1662,Rovelli Gifts,36,100.0,5279.4,Planes,2003-02-17,Shipped,Bergamo,Italy,0.61,2003-02-01 00:00:00,2003-01-01 00:00:00,2003-01-01 00:00:00,2,Monday
10143,S18_1662,Mini Creations Ltd.,32,100.0,5248.0,Planes,2003-08-10,Shipped,New Bedford,USA,0.61,2003-08-01 00:00:00,2003-07-01 00:00:00,2003-01-01 00:00:00,8,Sunday
10304,S12_1666,Auto Assoc. & Cie.,39,100.0,6396.0,Trucks and Buses,2004-10-11,Shipped,Versailles,France,0.61,2004-10-01 00:00:00,2004-10-01 00:00:00,2004-01-01 00:00:00,10,Monday
10291,S12_1666,Scandinavian Gift Ideas,41,100.0,6387.8,Trucks and Buses,2004-09-08,Shipped,Boras,Sweden,0.61,2004-09-01 00:00:00,2004-07-01 00:00:00,2004-01-01 00:00:00,9,Wednesday
10359,S32_2509,Reims Collectables,36,100.0,6358.68,Trucks and Buses,2004-12-15,Shipped,Reims,France,0.61,2004-12-01 00:00:00,2004-10-01 00:00:00,2004-01-01 00:00:00,12,Wednesday
10275,S10_4698,La Rochelle Gifts,36,100.0,6901.92,Motorcycles,2004-07-23,Shipped,Nantes,France,0.61,2004-07-01 00:00:00,2004-07-01 00:00:00,2004-01-01 00:00:00,7,Friday
10142,S700_1938,Mini Gifts Distributors Ltd.,43,84.01,3612.43,Ships,2003-08-08,Shipped,San Rafael,USA,0.61,2003-08-01 00:00:00,2003-07-01 00:00:00,2003-01-01 00:00:00,8,Friday
10348,S32_1268,"Corrida Auto Replicas, Ltd",42,100.0,6386.94,Trucks and Buses,2004-11-01,Shipped,Madrid,Spain,0.61,2004-11-01 00:00:00,2004-10-01 00:00:00,2004-01-01 00:00:00,11,Monday
10127,S18_2319,Muscle Machine Inc,45,100.0,6295.95,Trucks and Buses,2003-06-03,Shipped,NYC,USA,0.6,2003-06-01 00:00:00,2003-04-01 00:00:00,2003-01-01 00:00:00,6,Tuesday
10411,S12_1666,Quebec Home Shopping Network,40,100.0,6232.0,Trucks and Buses,2005-05-01,Shipped,Montreal,Canada,0.6,2005-05-01 00:00:00,2005-04-01 00:00:00,2005-01-01 00:00:00,5,Sunday
10316,S700_2610,giftsbymail.co.uk,48,74.45,3573.6,Ships,2004-11-01,Shipped,Cowes,UK,0.6,2004-11-01 00:00:00,2004-10-01 00:00:00,2004-01-01 00:00:00,11,Monday
10375,S700_3167,La Rochelle Gifts,44,100.0,5208.72,Planes,2005-02-03,Shipped,Nantes,France,0.6,2005-02-01 00:00:00,2005-01-01 00:00:00,2005-01-01 00:00:00,2,Thursday
10141,S18_2319,Suominen Souveniers,47,100.0,6287.66,Trucks and Buses,2003-08-01,Shipped,Espoo,Finland,0.6,2003-08-01 00:00:00,2003-07-01 00:00:00,2003-01-01 00:00:00,8,Friday
10283,S700_1138,"Royal Canadian Collectables, Ltd.",45,78.67,3540.15,Ships,2004-08-20,Shipped,Tsawassen,Canada,0.6,2004-08-01 00:00:00,2004-07-01 00:00:00,2004-01-01 00:00:00,8,Friday
10180,S12_2823,Daedalus Designs Imports,40,100.0,6747.6,Motorcycles,2003-11-11,Shipped,Lille,France,0.6,2003-11-01 00:00:00,2003-10-01 00:00:00,2003-01-01 00:00:00,11,Tuesday
10350,S700_1138,Euro Shopping Channel,46,76.67,3526.82,Ships,2004-12-02,Shipped,Madrid,Spain,0.6,2004-12-01 00:00:00,2004-10-01 00:00:00,2004-01-01 00:00:00,12,Thursday
10299,S10_4698,"Toys of Finland, Co.",29,100.0,6683.34,Motorcycles,2004-09-30,Shipped,Helsinki,Finland,0.59,2004-09-01 00:00:00,2004-07-01 00:00:00,2004-01-01 00:00:00,9,Thursday
10183,S12_1666,"Classic Gift Ideas, Inc",41,100.0,6163.94,Trucks and Buses,2003-11-13,Shipped,Philadelphia,USA,0.59,2003-11-01 00:00:00,2003-10-01 00:00:00,2003-01-01 00:00:00,11,Thursday
10127,S50_1392,Muscle Machine Inc,46,100.0,6176.42,Trucks and Buses,2003-06-03,Shipped,NYC,USA,0.59,2003-06-01 00:00:00,2003-04-01 00:00:00,2003-01-01 00:00:00,6,Tuesday
10314,S12_4473,Heintze Collectables,45,100.0,6185.7,Trucks and Buses,2004-10-22,Shipped,Aaarhus,Denmark,0.59,2004-10-01 00:00:00,2004-10-01 00:00:00,2004-01-01 00:00:00,10,Friday
10306,S700_3962,"AV Stores, Co.",30,100.0,3515.7,Ships,2004-10-14,Shipped,Manchester,UK,0.59,2004-10-01 00:00:00,2004-10-01 00:00:00,2004-01-01 00:00:00,10,Thursday
10295,S700_3505,Gifts4AllAges.com,34,100.0,3473.78,Ships,2004-09-10,Shipped,Boston,USA,0.59,2004-09-01 00:00:00,2004-07-01 00:00:00,2004-01-01 00:00:00,9,Friday
10155,S18_3029,"Toys of Finland, Co.",44,79.14,3482.16,Ships,2003-10-06,Shipped,Helsinki,Finland,0.59,2003-10-01 00:00:00,2003-10-01 00:00:00,2003-01-01 00:00:00,10,Monday
10323,S18_4600,"Blauer See Auto, Co.",47,100.0,6203.06,Trucks and Buses,2004-11-05,Shipped,Frankfurt,Germany,0.59,2004-11-01 00:00:00,2004-10-01 00:00:00,2004-01-01 00:00:00,11,Friday
10306,S700_1938,"AV Stores, Co.",38,91.81,3488.78,Ships,2004-10-14,Shipped,Manchester,UK,0.59,2004-10-01 00:00:00,2004-10-01 00:00:00,2004-01-01 00:00:00,10,Thursday
10296,S700_2047,"Bavarian Collectables Imports, Co.",34,100.0,3477.86,Ships,2004-09-15,Shipped,Munich,Germany,0.59,2004-09-01 00:00:00,2004-07-01 00:00:00,2004-01-01 00:00:00,9,Wednesday
10208,S700_2610,"Saveley & Henriot, Co.",46,74.45,3424.7,Ships,2004-01-02,Shipped,Lyon,France,0.58,2004-01-01 00:00:00,2004-01-01 00:00:00,2004-01-01 00:00:00,1,Friday
10363,S32_1374,Suominen Souveniers,50,100.0,6576.5,Motorcycles,2005-01-06,Shipped,Espoo,Finland,0.58,2005-01-01 00:00:00,2005-01-01 00:00:00,2005-01-01 00:00:00,1,Thursday
10353,S700_1691,Gift Ideas Corp.,39,100.0,5043.87,Planes,2004-12-04,Shipped,Glendale,USA,0.58,2004-12-01 00:00:00,2004-10-01 00:00:00,2004-01-01 00:00:00,12,Saturday
10106,S18_3029,Rovelli Gifts,41,83.44,3421.04,Ships,2003-02-17,Shipped,Bergamo,Italy,0.58,2003-02-01 00:00:00,2003-01-01 00:00:00,2003-01-01 00:00:00,2,Monday
10143,S18_3029,Mini Creations Ltd.,46,74.84,3442.64,Ships,2003-08-10,Shipped,New Bedford,USA,0.58,2003-08-01 00:00:00,2003-07-01 00:00:00,2003-01-01 00:00:00,8,Sunday
10273,S700_3505,Petit Auto,40,86.15,3446.0,Ships,2004-07-21,Shipped,Bruxelles,Belgium,0.58,2004-07-01 00:00:00,2004-07-01 00:00:00,2004-01-01 00:00:00,7,Wednesday
10361,S700_3167,Souveniers And Things Co.,44,100.0,5001.92,Planes,2004-12-17,Shipped,Chatswood,Australia,0.58,2004-12-01 00:00:00,2004-10-01 00:00:00,2004-01-01 00:00:00,12,Friday
10285,S10_2016,Marta's Replicas Co.,47,100.0,6484.59,Motorcycles,2004-08-27,Shipped,Cambridge,USA,0.57,2004-08-01 00:00:00,2004-07-01 00:00:00,2004-01-01 00:00:00,8,Friday
10357,S12_1666,Mini Gifts Distributors Ltd.,49,100.0,5960.36,Trucks and Buses,2004-12-10,Shipped,San Rafael,USA,0.57,2004-12-01 00:00:00,2004-10-01 00:00:00,2004-01-01 00:00:00,12,Friday
10318,S24_1578,Diecast Classics Inc.,48,100.0,6437.28,Motorcycles,2004-11-02,Shipped,Allentown,USA,0.57,2004-11-01 00:00:00,2004-10-01 00:00:00,2004-01-01 00:00:00,11,Tuesday
10178,S18_3029,Alpha Cognac,41,81.72,3350.52,Ships,2003-11-08,Shipped,Toulouse,France,0.57,2003-11-01 00:00:00,2003-10-01 00:00:00,2003-01-01 00:00:00,11,Saturday
10348,S24_2300,"Corrida Auto Replicas, Ltd",37,100.0,5981.42,Trucks and Buses,2004-11-01,Shipped,Madrid,Spain,0.57,2004-11-01 00:00:00,2004-10-01 00:00:00,2004-01-01 00:00:00,11,Monday
10142,S24_2011,Mini Gifts Distributors Ltd.,33,100.0,3366.0,Ships,2003-08-08,Shipped,San Rafael,USA,0.57,2003-08-01 00:00:00,2003-07-01 00:00:00,2003-01-01 00:00:00,8,Friday
10184,S18_2319,"Iberia Gift Imports, Corp.",46,100.0,5984.14,Trucks and Buses,2003-11-14,Shipped,Sevilla,Spain,0.57,2003-11-01 00:00:00,2003-10-01 00:00:00,2003-01-01 00:00:00,11,Friday
10340,S32_1374,Enaco Distributors,55,100.0,6482.85,Motorcycles,2004-11-24,Shipped,Barcelona,Spain,0.57,2004-11-01 00:00:00,2004-10-01 00:00:00,2004-01-01 00:00:00,11,Wednesday
10165,S18_2319,"Dragon Souveniers, Ltd.",46,100.0,5984.14,Trucks and Buses,2003-10-22,Shipped,Singapore,Singapore,0.57,2003-10-01 00:00:00,2003-10-01 00:00:00,2003-01-01 00:00:00,10,Wednesday
10412,S12_4473,Euro Shopping Channel,54,100.0,5951.34,Trucks and Buses,2005-05-03,Shipped,Madrid,Spain,0.57,2005-05-01 00:00:00,2005-04-01 00:00:00,2005-01-01 00:00:00,5,Tuesday
10315,S700_3962,La Rochelle Gifts,37,91.37,3380.69,Ships,2004-10-29,Shipped,Nantes,France,0.57,2004-10-01 00:00:00,2004-10-01 00:00:00,2004-01-01 00:00:00,10,Friday
10263,S12_2823,Gift Depot Inc.,48,100.0,6434.4,Motorcycles,2004-06-28,Shipped,Bridgewater,USA,0.57,2004-06-01 00:00:00,2004-04-01 00:00:00,2004-01-01 00:00:00,6,Monday
10283,S700_3962,"Royal Canadian Collectables, Ltd.",38,89.38,3396.44,Ships,2004-08-20,Shipped,Tsawassen,Canada,0.57,2004-08-01 00:00:00,2004-07-01 00:00:00,2004-01-01 00:00:00,8,Friday
10156,S700_1691,Euro Shopping Channel,48,100.0,4954.08,Planes,2003-10-08,Shipped,Madrid,Spain,0.57,2003-10-01 00:00:00,2003-10-01 00:00:00,2003-01-01 00:00:00,10,Wednesday
10245,S12_1666,Super Scale Inc.,38,100.0,5920.4,Trucks and Buses,2004-05-04,Shipped,New Haven,USA,0.57,2004-05-01 00:00:00,2004-04-01 00:00:00,2004-01-01 00:00:00,5,Tuesday
10352,S700_2466,Auto-Moto Classics Inc.,49,100.0,4935.28,Planes,2004-12-03,Shipped,Brickhaven,USA,0.57,2004-12-01 00:00:00,2004-10-01 00:00:00,2004-01-01 00:00:00,12,Friday
10356,S24_1937,Lyon Souveniers,48,100.0,9720.0,Vintage Cars,2004-12-09,Shipped,Paris,France,0.56,2004-12-01 00:00:00,2004-10-01 00:00:00,2004-01-01 00:00:00,12,Thursday
10340,S700_2466,Enaco Distributors,55,87.75,4826.25,Planes,2004-11-24,Shipped,Barcelona,Spain,0.56,2004-11-01 00:00:00,2004-10-01 00:00:00,2004-01-01 00:00:00,11,Wednesday
10375,S32_1374,La Rochelle Gifts,37,100.0,6353.27,Motorcycles,2005-02-03,Shipped,Nantes,France,0.56,2005-02-01 00:00:00,2005-01-01 00:00:00,2005-01-01 00:00:00,2,Thursday
10307,S700_2047,"Classic Gift Ideas, Inc",34,97.76,3323.84,Ships,2004-10-14,Shipped,Philadelphia,USA,0.56,2004-10-01 00:00:00,2004-10-01 00:00:00,2004-01-01 00:00:00,10,Thursday
10178,S700_2047,Alpha Cognac,34,96.86,3293.24,Ships,2003-11-08,Shipped,Toulouse,France,0.56,2003-11-01 00:00:00,2003-10-01 00:00:00,2003-01-01 00:00:00,11,Saturday
10175,S18_2319,"Stylish Desk Decors, Co.",48,100.0,5891.04,Trucks and Buses,2003-11-06,Shipped,London,UK,0.56,2003-11-01 00:00:00,2003-10-01 00:00:00,2003-01-01 00:00:00,11,Thursday
10273,S18_3029,Petit Auto,34,98.06,3334.04,Ships,2004-07-21,Shipped,Bruxelles,Belgium,0.56,2004-07-01 00:00:00,2004-07-01 00:00:00,2004-01-01 00:00:00,7,Wednesday
10347,S18_4600,"Australian Collectors, Co.",45,100.0,5884.65,Trucks and Buses,2004-11-29,Shipped,Melbourne,Australia,0.56,2004-11-01 00:00:00,2004-10-01 00:00:00,2004-01-01 00:00:00,11,Monday
10306,S700_2610,"AV Stores, Co.",43,75.17,3232.31,Ships,2004-10-14,Shipped,Manchester,UK,0.55,2004-10-01 00:00:00,2004-10-01 00:00:00,2004-01-01 00:00:00,10,Thursday
10223,S18_2581,"Australian Collectors, Co.",47,100.0,4724.91,Planes,2004-02-20,Shipped,Melbourne,Australia,0.55,2004-02-01 00:00:00,2004-01-01 00:00:00,2004-01-01 00:00:00,2,Friday
10281,S18_2319,Diecast Classics Inc.,48,100.0,5773.44,Trucks and Buses,2004-08-19,Shipped,Allentown,USA,0.55,2004-08-01 00:00:00,2004-07-01 00:00:00,2004-01-01 00:00:00,8,Thursday
10214,S18_2795,"Corrida Auto Replicas, Ltd",50,100.0,9534.5,Vintage Cars,2004-01-26,Shipped,Madrid,Spain,0.55,2004-01-01 00:00:00,2004-01-01 00:00:00,2004-01-01 00:00:00,1,Monday
10194,S24_2300,"Saveley & Henriot, Co.",49,100.0,5760.93,Trucks and Buses,2003-11-25,Shipped,Lyon,France,0.55,2003-11-01 00:00:00,2003-10-01 00:00:00,2003-01-01 00:00:00,11,Tuesday
10229,S24_2300,Mini Gifts Distributors Ltd.,48,100.0,5704.32,Trucks and Buses,2004-03-11,Shipped,San Rafael,USA,0.55,2004-03-01 00:00:00,2004-01-01 00:00:00,2004-01-01 00:00:00,3,Thursday
10198,S700_2466,Cruz & Sons Co.,42,100.0,4774.56,Planes,2003-11-27,Shipped,Makati City,Philippines,0.55,2003-11-01 00:00:00,2003-10-01 00:00:00,2003-01-01 00:00:00,11,Thursday
10197,S700_3962,Enaco Distributors,35,93.35,3267.25,Ships,2003-11-26,Shipped,Barcelona,Spain,0.55,2003-11-01 00:00:00,2003-10-01 00:00:00,2003-01-01 00:00:00,11,Wednesday
10159,S12_2823,Corporate Gift Ideas Co.,38,100.0,6238.84,Motorcycles,2003-10-10,Shipped,San Francisco,USA,0.55,2003-10-01 00:00:00,2003-10-01 00:00:00,2003-01-01 00:00:00,10,Friday
10115,S12_4473,Classic Legends Inc.,46,100.0,5723.78,Trucks and Buses,2003-04-04,Shipped,NYC,USA,0.55,2003-04-01 00:00:00,2003-04-01 00:00:00,2003-01-01 00:00:00,4,Friday
10142,S700_3962,Mini Gifts Distributors Ltd.,38,85.41,3245.58,Ships,2003-08-08,Shipped,San Rafael,USA,0.55,2003-08-01 00:00:00,2003-07-01 00:00:00,2003-01-01 00:00:00,8,Friday
10216,S12_1666,Auto Assoc. & Cie.,43,100.0,5759.42,Trucks and Buses,2004-02-02,Shipped,Versailles,France,0.55,2004-02-01 00:00:00,2004-01-01 00:00:00,2004-01-01 00:00:00,2,Monday
10208,S700_1938,"Saveley & Henriot, Co.",40,80.55,3222.0,Ships,2004-01-02,Shipped,Lyon,France,0.55,2004-01-01 00:00:00,2004-01-01 00:00:00,2004-01-01 00:00:00,1,Friday
10373,S700_3505,"Oulu Toy Supplies, Inc.",34,96.34,3275.56,Ships,2005-01-31,Shipped,Oulu,Finland,0.55,2005-01-01 00:00:00,2005-01-01 00:00:00,2005-01-01 00:00:00,1,Monday
10207,S18_2319,Diecast Collectables,43,100.0,5752.54,Trucks and Buses,2003-12-09,Shipped,Boston,USA,0.55,2003-12-01 00:00:00,2003-10-01 00:00:00,2003-01-01 00:00:00,12,Tuesday
10413,S32_3207,Gift Depot Inc.,24,49.71,1193.04,Trains,2005-05-05,Shipped,Bridgewater,USA,0.55,2005-05-01 00:00:00,2005-04-01 00:00:00,2005-01-01 00:00:00,5,Thursday
10395,S50_1392,Lyon Souveniers,46,100.0,5692.96,Trucks and Buses,2005-03-17,Shipped,Paris,France,0.55,2005-03-01 00:00:00,2005-01-01 00:00:00,2005-01-01 00:00:00,3,Thursday
10120,S24_1785,"Australian Collectors, Co.",39,100.0,4651.53,Planes,2003-04-29,Shipped,Melbourne,Australia,0.54,2003-04-01 00:00:00,2003-04-01 00:00:00,2003-01-01 00:00:00,4,Tuesday
10358,S32_3522,Euro Shopping Channel,36,100.0,5669.64,Trucks and Buses,2004-12-10,Shipped,Madrid,Spain,0.54,2004-12-01 00:00:00,2004-10-01 00:00:00,2004-01-01 00:00:00,12,Friday
10306,S24_2011,"AV Stores, Co.",29,100.0,3207.4,Ships,2004-10-14,Shipped,Manchester,UK,0.54,2004-10-01 00:00:00,2004-10-01 00:00:00,2004-01-01 00:00:00,10,Thursday
10106,S700_2047,Rovelli Gifts,30,100.0,3177.3,Ships,2003-02-17,Shipped,Bergamo,Italy,0.54,2003-02-01 00:00:00,2003-01-01 00:00:00,2003-01-01 00:00:00,2,Monday
10185,S24_2011,Mini Creations Ltd.,30,100.0,3170.7,Ships,2003-11-14,Shipped,New Bedford,USA,0.54,2003-11-01 00:00:00,2003-10-01 00:00:00,2003-01-01 00:00:00,11,Friday
10210,S10_4698,Osaka Souveniers Co.,34,100.0,6123.4,Motorcycles,2004-01-12,Shipped,Osaka,Japan,0.54,2004-01-01 00:00:00,2004-01-01 00:00:00,2004-01-01 00:00:00,1,Monday
10105,S700_3505,Danish Wholesale Imports,39,81.14,3164.46,Ships,2003-02-11,Shipped,Kobenhavn,Denmark,0.54,2003-02-01 00:00:00,2003-01-01 00:00:00,2003-01-01 00:00:00,2,Tuesday
10358,S24_2300,Euro Shopping Channel,41,100.0,5684.65,Trucks and Buses,2004-12-10,Shipped,Madrid,Spain,0.54,2004-12-01 00:00:00,2004-10-01 00:00:00,2004-01-01 00:00:00,12,Friday
10224,S12_2823,Daedalus Designs Imports,43,100.0,6087.94,Motorcycles,2004-02-21,Shipped,Lille,France,0.54,2004-02-01 00:00:00,2004-01-01 00:00:00,2004-01-01 00:00:00,2,Saturday
10271,S24_2300,Mini Gifts Distributors Ltd.,43,100.0,5605.05,Trucks and Buses,2004-07-20,Shipped,San Rafael,USA,0.54,2004-07-01 00:00:00,2004-07-01 00:00:00,2004-01-01 00:00:00,7,Tuesday
10107,S10_4698,Land of Toys Inc.,27,100.0,6065.55,Motorcycles,2003-02-24,Shipped,NYC,USA,0.54,2003-02-01 00:00:00,2003-01-01 00:00:00,2003-01-01 00:00:00,2,Monday
10313,S24_2300,Canadian Gift Exchange Network,42,100.0,5581.8,Trucks and Buses,2004-10-22,Shipped,Vancouver,Canada,0.53,2004-10-01 00:00:00,2004-10-01 00:00:00,2004-01-01 00:00:00,10,Friday
10388,S12_2823,FunGiftIdeas.com,44,100.0,5951.44,Motorcycles,2005-03-03,Shipped,New Bedford,USA,0.53,2005-03-01 00:00:00,2005-01-01 00:00:00,2005-01-01 00:00:00,3,Thursday
10168,S700_3167,Technics Stores Inc.,48,96.0,4608.0,Planes,2003-10-28,Shipped,Burlingame,USA,0.53,2003-10-01 00:00:00,2003-10-01 00:00:00,2003-01-01 00:00:00,10,Tuesday
10369,S18_1342,Collectables For Less Inc.,44,100.0,9240.44,Vintage Cars,2005-01-20,Shipped,Brickhaven,USA,0.53,2005-01-01 00:00:00,2005-01-01 00:00:00,2005-01-01 00:00:00,1,Thursday
10128,S700_1938,Euro Shopping Channel,32,97.0,3104.0,Ships,2003-06-06,Shipped,Madrid,Spain,0.53,2003-06-01 00:00:00,2003-04-01 00:00:00,2003-01-01 00:00:00,6,Friday
10412,S18_2319,Euro Shopping Channel,56,98.18,5498.08,Trucks and Buses,2005-05-03,Shipped,Madrid,Spain,0.53,2005-05-01 00:00:00,2005-04-01 00:00:00,2005-01-01 00:00:00,5,Tuesday
10284,S700_2466,"Norway Gifts By Mail, Co.",45,100.0,4576.95,Planes,2004-08-21,Shipped,Oslo,Norway,0.53,2004-08-01 00:00:00,2004-07-01 00:00:00,2004-01-01 00:00:00,8,Saturday
10141,S50_1392,Suominen Souveniers,44,100.0,5500.44,Trucks and Buses,2003-08-01,Shipped,Espoo,Finland,0.53,2003-08-01 00:00:00,2003-07-01 00:00:00,2003-01-01 00:00:00,8,Friday
10402,S10_2016,Auto Canal Petit,45,100.0,5833.8,Motorcycles,2005-04-07,Shipped,Paris,France,0.52,2005-04-01 00:00:00,2005-04-01 00:00:00,2005-01-01 00:00:00,4,Thursday
10258,S18_1097,"Tokyo Collectables, Ltd",41,100.0,5453.0,Trucks and Buses,2004-06-15,Shipped,Minato-ku,Japan,0.52,2004-06-01 00:00:00,2004-04-01 00:00:00,2004-01-01 00:00:00,6,Tuesday
10151,S18_2319,"Oulu Toy Supplies, Inc.",49,100.0,5412.54,Trucks and Buses,2003-09-21,Shipped,Oulu,Finland,0.52,2003-09-01 00:00:00,2003-07-01 00:00:00,2003-01-01 00:00:00,9,Sunday
10168,S700_2834,Technics Stores Inc.,36,100.0,4527.72,Planes,2003-10-28,Shipped,Burlingame,USA,0.52,2003-10-01 00:00:00,2003-10-01 00:00:00,2003-01-01 00:00:00,10,Tuesday
10270,S18_4600,Souveniers And Things Co.,38,100.0,5383.08,Trucks and Buses,2004-07-19,Shipped,Chatswood,Australia,0.52,2004-07-01 00:00:00,2004-07-01 00:00:00,2004-01-01 00:00:00,7,Monday
10275,S700_2466,La Rochelle Gifts,39,100.0,4472.52,Planes,2004-07-23,Shipped,Nantes,France,0.52,2004-07-01 00:00:00,2004-07-01 00:00:00,2004-01-01 00:00:00,7,Friday
10329,S10_4698,Land of Toys Inc.,26,100.0,5868.2,Motorcycles,2004-11-15,Shipped,NYC,USA,0.52,2004-11-01 00:00:00,2004-10-01 00:00:00,2004-01-01 00:00:00,11,Monday
10283,S700_2610,"Royal Canadian Collectables, Ltd.",47,65.77,3091.19,Ships,2004-08-20,Shipped,Tsawassen,Canada,0.52,2004-08-01 00:00:00,2004-07-01 00:00:00,2004-01-01 00:00:00,8,Friday
10291,S24_2300,Scandinavian Gift Ideas,48,100.0,5398.08,Trucks and Buses,2004-09-08,Shipped,Boras,Sweden,0.52,2004-09-01 00:00:00,2004-07-01 00:00:00,2004-01-01 00:00:00,9,Wednesday
10251,S10_2016,Tekni Collectables Inc.,44,100.0,5756.52,Motorcycles,2004-05-18,Shipped,Newark,USA,0.51,2004-05-01 00:00:00,2004-04-01 00:00:00,2004-01-01 00:00:00,5,Tuesday
10261,S700_2610,Quebec Home Shopping Network,44,68.67,3021.48,Ships,2004-06-17,Shipped,Montreal,Canada,0.51,2004-06-01 00:00:00,2004-04-01 00:00:00,2004-01-01 00:00:00,6,Thursday
10259,S24_2300,Handji Gifts& Co,47,100.0,5285.62,Trucks and Buses,2004-06-15,Shipped,Singapore,Singapore,0.51,2004-06-01 00:00:00,2004-04-01 00:00:00,2004-01-01 00:00:00,6,Tuesday
10168,S24_1578,Technics Stores Inc.,50,100.0,5747.5,Motorcycles,2003-10-28,Shipped,Burlingame,USA,0.51,2003-10-01 00:00:00,2003-10-01 00:00:00,2003-01-01 00:00:00,10,Tuesday
10117,S700_1938,"Dragon Souveniers, Ltd.",38,79.68,3027.84,Ships,2003-04-16,Shipped,Singapore,Singapore,0.51,2003-04-01 00:00:00,2003-04-01 00:00:00,2003-01-01 00:00:00,4,Wednesday
10291,S18_4600,Scandinavian Gift Ideas,48,100.0,5288.64,Trucks and Buses,2004-09-08,Shipped,Boras,Sweden,0.51,2004-09-01 00:00:00,2004-07-01 00:00:00,2004-01-01 00:00:00,9,Wednesday
10131,S700_2466,Gift Ideas Corp.,40,100.0,4427.6,Planes,2003-06-16,Shipped,Glendale,USA,0.51,2003-06-01 00:00:00,2003-04-01 00:00:00,2003-01-01 00:00:00,6,Monday
10382,S18_3320,Mini Gifts Distributors Ltd.,50,100.0,8935.5,Vintage Cars,2005-02-17,Shipped,San Rafael,USA,0.51,2005-02-01 00:00:00,2005-01-01 00:00:00,2005-01-01 00:00:00,2,Thursday
10166,S700_1938,FunGiftIdeas.com,29,100.0,3013.97,Ships,2003-10-21,Shipped,New Bedford,USA,0.51,2003-10-01 00:00:00,2003-10-01 00:00:00,2003-01-01 00:00:00,10,Tuesday
10153,S72_3212,Euro Shopping Channel,50,60.06,3003.0,Ships,2003-09-28,Shipped,Madrid,Spain,0.51,2003-09-01 00:00:00,2003-07-01 00:00:00,2003-01-01 00:00:00,9,Sunday
10339,S24_3949,"Tokyo Collectables, Ltd",45,96.92,4361.4,Planes,2004-11-23,Shipped,Minato-ku,Japan,0.5,2004-11-01 00:00:00,2004-10-01 00:00:00,2004-01-01 00:00:00,11,Tuesday
10209,S700_2047,"Men 'R' US Retailers, Ltd.",33,88.71,2927.43,Ships,2004-01-09,Shipped,Los Angeles,USA,0.5,2004-01-01 00:00:00,2004-01-01 00:00:00,2004-01-01 00:00:00,1,Friday
10416,S18_1662,L'ordine Souveniers,24,100.0,4352.16,Planes,2005-05-10,Shipped,Reggio Emilia,Italy,0.5,2005-05-01 00:00:00,2005-04-01 00:00:00,2005-01-01 00:00:00,5,Tuesday
10293,S24_2011,Amica Models & Co.,21,100.0,2941.89,Ships,2004-09-09,Shipped,Torino,Italy,0.5,2004-09-01 00:00:00,2004-07-01 00:00:00,2004-01-01 00:00:00,9,Thursday
10273,S700_3962,Petit Auto,26,100.0,2969.46,Ships,2004-07-21,Shipped,Bruxelles,Belgium,0.5,2004-07-01 00:00:00,2004-07-01 00:00:00,2004-01-01 00:00:00,7,Wednesday
10411,S18_4600,Quebec Home Shopping Network,46,100.0,5235.72,Trucks and Buses,2005-05-01,Shipped,Montreal,Canada,0.5,2005-05-01 00:00:00,2005-04-01 00:00:00,2005-01-01 00:00:00,5,Sunday
10222,S700_3962,Collectable Mini Designs Co.,31,95.34,2955.54,Ships,2004-02-19,Shipped,San Diego,USA,0.5,2004-02-01 00:00:00,2004-01-01 00:00:00,2004-01-01 00:00:00,2,Thursday
10374,S24_1785,"Australian Gift Network, Co",46,94.1,4328.6,Planes,2005-02-02,Shipped,South Brisbane,Australia,0.5,2005-02-01 00:00:00,2005-01-01 00:00:00,2005-01-01 00:00:00,2,Wednesday
10281,S12_4473,Diecast Classics Inc.,41,100.0,5247.18,Trucks and Buses,2004-08-19,Shipped,Allentown,USA,0.5,2004-08-01 00:00:00,2004-07-01 00:00:00,2004-01-01 00:00:00,8,Thursday
10349,S18_2319,Muscle Machine Inc,38,100.0,5223.48,Trucks and Buses,2004-12-01,Shipped,NYC,USA,0.5,2004-12-01 00:00:00,2004-10-01 00:00:00,2004-01-01 00:00:00,12,Wednesday
10349,S12_4473,Muscle Machine Inc,48,100.0,5232.96,Trucks and Buses,2004-12-01,Shipped,NYC,USA,0.5,2004-12-01 00:00:00,2004-10-01 00:00:00,2004-01-01 00:00:00,12,Wednesday
10325,S50_1392,Baane Mini Imports,38,100.0,5190.42,Trucks and Buses,2004-11-05,Shipped,Stavern,Norway,0.5,2004-11-01 00:00:00,2004-10-01 00:00:00,2004-01-01 00:00:00,11,Friday
10296,S700_1691,"Bavarian Collectables Imports, Co.",42,100.0,4296.6,Planes,2004-09-15,Shipped,Munich,Germany,0.5,2004-09-01 00:00:00,2004-07-01 00:00:00,2004-01-01 00:00:00,9,Wednesday
10188,S10_1678,Herkku Gifts,48,100.0,5512.32,Motorcycles,2003-11-18,Shipped,Bergen,Norway,0.49,2003-11-01 00:00:00,2003-10-01 00:00:00,2003-01-01 00:00:00,11,Tuesday
10318,S10_2016,Diecast Classics Inc.,45,100.0,5566.5,Motorcycles,2004-11-02,Shipped,Allentown,USA,0.49,2004-11-01 00:00:00,2004-10-01 00:00:00,2004-01-01 00:00:00,11,Tuesday
10246,S12_4473,Euro Shopping Channel,46,100.0,5069.66,Trucks and Buses,2004-05-05,Shipped,Madrid,Spain,0.49,2004-05-01 00:00:00,2004-04-01 00:00:00,2004-01-01 00:00:00,5,Wednesday
10215,S18_1097,West Coast Collectables Co.,46,100.0,5152.0,Trucks and Buses,2004-01-29,Shipped,Burbank,USA,0.49,2004-01-01 00:00:00,2004-01-01 00:00:00,2004-01-01 00:00:00,1,Thursday
10398,S18_1662,Reims Collectables,33,100.0,4215.09,Planes,2005-03-30,Shipped,Reims,France,0.49,2005-03-01 00:00:00,2005-01-01 00:00:00,2005-01-01 00:00:00,3,Wednesday
10271,S18_2319,Mini Gifts Distributors Ltd.,50,100.0,5093.5,Trucks and Buses,2004-07-20,Shipped,San Rafael,USA,0.49,2004-07-01 00:00:00,2004-07-01 00:00:00,2004-01-01 00:00:00,7,Tuesday
10175,S18_4600,"Stylish Desk Decors, Co.",47,100.0,5121.59,Trucks and Buses,2003-11-06,Shipped,London,UK,0.49,2003-11-01 00:00:00,2003-10-01 00:00:00,2003-01-01 00:00:00,11,Thursday
10140,S24_2300,Technics Stores Inc.,47,100.0,5105.14,Trucks and Buses,2003-07-24,Shipped,Burlingame,USA,0.49,2003-07-01 00:00:00,2003-07-01 00:00:00,2003-01-01 00:00:00,7,Thursday
10151,S24_2300,"Oulu Toy Supplies, Inc.",42,100.0,5098.8,Trucks and Buses,2003-09-21,Shipped,Oulu,Finland,0.49,2003-09-01 00:00:00,2003-07-01 00:00:00,2003-01-01 00:00:00,9,Sunday
10105,S700_1138,Danish Wholesale Imports,41,70.67,2897.47,Ships,2003-02-11,Shipped,Kobenhavn,Denmark,0.49,2003-02-01 00:00:00,2003-01-01 00:00:00,2003-01-01 00:00:00,2,Tuesday
10350,S700_1938,Euro Shopping Channel,28,100.0,2924.32,Ships,2004-12-02,Shipped,Madrid,Spain,0.49,2004-12-01 00:00:00,2004-10-01 00:00:00,2004-01-01 00:00:00,12,Thursday
10155,S700_2047,"Toys of Finland, Co.",32,91.43,2925.76,Ships,2003-10-06,Shipped,Helsinki,Finland,0.49,2003-10-01 00:00:00,2003-10-01 00:00:00,2003-01-01 00:00:00,10,Monday
10222,S700_2610,Collectable Mini Designs Co.,36,80.95,2914.2,Ships,2004-02-19,Shipped,San Diego,USA,0.49,2004-02-01 00:00:00,2004-01-01 00:00:00,2004-01-01 00:00:00,2,Thursday
10373,S700_2610,"Oulu Toy Supplies, Inc.",41,70.33,2883.53,Ships,2005-01-31,Shipped,Oulu,Finland,0.49,2005-01-01 00:00:00,2005-01-01 00:00:00,2005-01-01 00:00:00,1,Monday
10306,S700_3505,"AV Stores, Co.",32,90.15,2884.8,Ships,2004-10-14,Shipped,Manchester,UK,0.49,2004-10-01 00:00:00,2004-10-01 00:00:00,2004-01-01 00:00:00,10,Thursday
10361,S700_4002,Souveniers And Things Co.,35,100.0,4277.35,Planes,2004-12-17,Shipped,Chatswood,Australia,0.49,2004-12-01 00:00:00,2004-10-01 00:00:00,2004-01-01 00:00:00,12,Friday
10220,S32_3207,"Clover Collections, Co.",20,52.82,1056.4,Trains,2004-02-12,Shipped,Dublin,Ireland,0.49,2004-02-01 00:00:00,2004-01-01 00:00:00,2004-01-01 00:00:00,2,Thursday
10195,S50_1392,Mini Classics,49,100.0,5161.17,Trucks and Buses,2003-11-25,Shipped,White Plains,USA,0.49,2003-11-01 00:00:00,2003-10-01 00:00:00,2003-01-01 00:00:00,11,Tuesday
10232,S700_3962,giftsbymail.co.uk,35,82.43,2885.05,Ships,2004-03-20,Shipped,Cowes,UK,0.49,2004-03-01 00:00:00,2004-01-01 00:00:00,2004-01-01 00:00:00,3,Saturday
10223,S10_2016,"Australian Collectors, Co.",47,100.0,5422.39,Motorcycles,2004-02-20,Shipped,Melbourne,Australia,0.48,2004-02-01 00:00:00,2004-01-01 00:00:00,2004-01-01 00:00:00,2,Friday
10391,S24_1937,"Anna's Decorations, Ltd",33,100.0,8344.71,Vintage Cars,2005-03-09,Shipped,North Sydney,Australia,0.48,2005-03-01 00:00:00,2005-01-01 00:00:00,2005-01-01 00:00:00,3,Wednesday
10285,S10_4698,Marta's Replicas Co.,27,100.0,5438.07,Motorcycles,2004-08-27,Shipped,Cambridge,USA,0.48,2004-08-01 00:00:00,2004-07-01 00:00:00,2004-01-01 00:00:00,8,Friday
10208,S700_3962,"Saveley & Henriot, Co.",33,85.41,2818.53,Ships,2004-01-02,Shipped,Lyon,France,0.48,2004-01-01 00:00:00,2004-01-01 00:00:00,2004-01-01 00:00:00,1,Friday
10185,S700_1938,Mini Creations Ltd.,30,94.4,2832.0,Ships,2003-11-14,Shipped,New Bedford,USA,0.48,2003-11-01 00:00:00,2003-10-01 00:00:00,2003-01-01 00:00:00,11,Friday
10339,S700_1138,"Tokyo Collectables, Ltd",22,100.0,2816.44,Ships,2004-11-23,Shipped,Minato-ku,Japan,0.48,2004-11-01 00:00:00,2004-10-01 00:00:00,2004-01-01 00:00:00,11,Tuesday
10398,S700_1691,Reims Collectables,47,87.69,4121.43,Planes,2005-03-30,Shipped,Reims,France,0.48,2005-03-01 00:00:00,2005-01-01 00:00:00,2005-01-01 00:00:00,3,Wednesday
10117,S50_1514,"Dragon Souveniers, Ltd.",21,49.21,1033.41,Trains,2003-04-16,Shipped,Singapore,Singapore,0.48,2003-04-01 00:00:00,2003-04-01 00:00:00,2003-01-01 00:00:00,4,Wednesday
10186,S18_3029,"Double Decker Gift Stores, Ltd",32,89.46,2862.72,Ships,2003-11-14,Shipped,London,UK,0.48,2003-11-01 00:00:00,2003-10-01 00:00:00,2003-01-01 00:00:00,11,Friday
10209,S18_3029,"Men 'R' US Retailers, Ltd.",28,100.0,2817.92,Ships,2004-01-09,Shipped,Los Angeles,USA,0.48,2004-01-01 00:00:00,2004-01-01 00:00:00,2004-01-01 00:00:00,1,Friday
10416,S24_1785,L'ordine Souveniers,47,88.63,4165.61,Planes,2005-05-10,Shipped,Reggio Emilia,Italy,0.48,2005-05-01 00:00:00,2005-04-01 00:00:00,2005-01-01 00:00:00,5,Tuesday
10292,S50_1392,Land of Toys Inc.,41,100.0,4983.14,Trucks and Buses,2004-09-08,Shipped,NYC,USA,0.48,2004-09-01 00:00:00,2004-07-01 00:00:00,2004-01-01 00:00:00,9,Wednesday
10208,S700_1138,"Saveley & Henriot, Co.",38,74.67,2837.46,Ships,2004-01-02,Shipped,Lyon,France,0.48,2004-01-01 00:00:00,2004-01-01 00:00:00,2004-01-01 00:00:00,1,Friday
10375,S50_4713,La Rochelle Gifts,49,100.0,5406.66,Motorcycles,2005-02-03,Shipped,Nantes,France,0.48,2005-02-01 00:00:00,2005-01-01 00:00:00,2005-01-01 00:00:00,2,Thursday
10299,S24_1578,"Toys of Finland, Co.",47,100.0,5455.76,Motorcycles,2004-09-30,Shipped,Helsinki,Finland,0.48,2004-09-01 00:00:00,2004-07-01 00:00:00,2004-01-01 00:00:00,9,Thursday
10350,S700_3962,Euro Shopping Channel,25,100.0,2854.75,Ships,2004-12-02,Shipped,Madrid,Spain,0.48,2004-12-01 00:00:00,2004-10-01 00:00:00,2004-01-01 00:00:00,12,Thursday
10403,S24_1578,"UK Collectables, Ltd.",46,100.0,5287.7,Motorcycles,2005-04-08,Shipped,Liverpool,UK,0.47,2005-04-01 00:00:00,2005-04-01 00:00:00,2005-01-01 00:00:00,4,Friday
10131,S24_3949,Gift Ideas Corp.,50,81.89,4094.5,Planes,2003-06-16,Shipped,Glendale,USA,0.47,2003-06-01 00:00:00,2003-04-01 00:00:00,2003-01-01 00:00:00,6,Monday
10180,S24_1578,Daedalus Designs Imports,48,100.0,5355.36,Motorcycles,2003-11-11,Shipped,Lille,France,0.47,2003-11-01 00:00:00,2003-10-01 00:00:00,2003-01-01 00:00:00,11,Tuesday
10159,S24_1578,Corporate Gift Ideas Co.,44,100.0,5355.68,Motorcycles,2003-10-10,Shipped,San Francisco,USA,0.47,2003-10-01 00:00:00,2003-10-01 00:00:00,2003-01-01 00:00:00,10,Friday
10382,S18_4600,Mini Gifts Distributors Ltd.,39,100.0,4890.6,Trucks and Buses,2005-02-17,Shipped,San Rafael,USA,0.47,2005-02-01 00:00:00,2005-01-01 00:00:00,2005-01-01 00:00:00,2,Thursday
10153,S700_1138,Euro Shopping Channel,43,64.67,2780.81,Ships,2003-09-28,Shipped,Madrid,Spain,0.47,2003-09-01 00:00:00,2003-07-01 00:00:00,2003-01-01 00:00:00,9,Sunday
10297,S24_1785,"Clover Collections, Co.",32,100.0,4061.76,Planes,2004-09-16,Shipped,Dublin,Ireland,0.47,2004-09-01 00:00:00,2004-07-01 00:00:00,2004-01-01 00:00:00,9,Thursday
10328,S24_1785,Rovelli Gifts,47,87.54,4114.38,Planes,2004-11-12,Shipped,Bergamo,Italy,0.47,2004-11-01 00:00:00,2004-10-01 00:00:00,2004-01-01 00:00:00,11,Friday
10359,S50_1392,Reims Collectables,46,100.0,4896.7,Trucks and Buses,2004-12-15,Shipped,Reims,France,0.47,2004-12-01 00:00:00,2004-10-01 00:00:00,2004-01-01 00:00:00,12,Wednesday
10374,S10_2016,"Australian Gift Network, Co",39,100.0,5288.01,Motorcycles,2005-02-02,Shipped,South Brisbane,Australia,0.47,2005-02-01 00:00:00,2005-01-01 00:00:00,2005-01-01 00:00:00,2,Wednesday
10340,S700_2834,Enaco Distributors,29,100.0,4094.51,Planes,2004-11-24,Shipped,Barcelona,Spain,0.47,2004-11-01 00:00:00,2004-10-01 00:00:00,2004-01-01 00:00:00,11,Wednesday
10184,S50_1392,"Iberia Gift Imports, Corp.",45,100.0,4948.2,Trucks and Buses,2003-11-14,Shipped,Sevilla,Spain,0.47,2003-11-01 00:00:00,2003-10-01 00:00:00,2003-01-01 00:00:00,11,Friday
10289,S18_2795,Herkku Gifts,43,100.0,8272.34,Vintage Cars,2004-09-03,Shipped,Bergen,Norway,0.47,2004-09-01 00:00:00,2004-07-01 00:00:00,2004-01-01 00:00:00,9,Friday
10329,S18_2625,Land of Toys Inc.,38,100.0,5266.04,Motorcycles,2004-11-15,Shipped,NYC,USA,0.47,2004-11-01 00:00:00,2004-10-01 00:00:00,2004-01-01 00:00:00,11,Monday
10318,S32_1374,Diecast Classics Inc.,47,100.0,5305.36,Motorcycles,2004-11-02,Shipped,Allentown,USA,0.47,2004-11-01 00:00:00,2004-10-01 00:00:00,2004-01-01 00:00:00,11,Tuesday
10273,S24_2011,Petit Auto,22,100.0,2784.76,Ships,2004-07-21,Shipped,Bruxelles,Belgium,0.47,2004-07-01 00:00:00,2004-07-01 00:00:00,2004-01-01 00:00:00,7,Wednesday
10113,S18_1097,Mini Gifts Distributors Ltd.,49,100.0,4916.66,Trucks and Buses,2003-03-26,Shipped,San Rafael,USA,0.47,2003-03-01 00:00:00,2003-01-01 00:00:00,2003-01-01 00:00:00,3,Wednesday
10328,S700_2834,Rovelli Gifts,33,100.0,4072.2,Planes,2004-11-12,Shipped,Bergamo,Italy,0.47,2004-11-01 00:00:00,2004-10-01 00:00:00,2004-01-01 00:00:00,11,Friday
10219,S12_4473,Signal Collectibles Ltd.,48,100.0,4891.68,Trucks and Buses,2004-02-10,Shipped,Brisbane,USA,0.47,2004-02-01 00:00:00,2004-01-01 00:00:00,2004-01-01 00:00:00,2,Tuesday
10194,S12_1666,"Saveley & Henriot, Co.",38,100.0,4933.92,Trucks and Buses,2003-11-25,Shipped,Lyon,France,0.47,2003-11-01 00:00:00,2003-10-01 00:00:00,2003-01-01 00:00:00,11,Tuesday
10337,S700_3505,Classic Legends Inc.,31,89.38,2770.78,Ships,2004-11-21,Shipped,NYC,USA,0.47,2004-11-01 00:00:00,2004-10-01 00:00:00,2004-01-01 00:00:00,11,Sunday
10296,S700_4002,"Bavarian Collectables Imports, Co.",47,86.62,4071.14,Planes,2004-09-15,Shipped,Munich,Germany,0.47,2004-09-01 00:00:00,2004-07-01 00:00:00,2004-01-01 00:00:00,9,Wednesday
10350,S18_3029,Euro Shopping Channel,43,64.97,2793.71,Ships,2004-12-02,Shipped,Madrid,Spain,0.47,2004-12-01 00:00:00,2004-10-01 00:00:00,2004-01-01 00:00:00,12,Thursday
10159,S10_1678,Corporate Gift Ideas Co.,49,100.0,5205.27,Motorcycles,2003-10-10,Shipped,San Francisco,USA,0.46,2003-10-01 00:00:00,2003-10-01 00:00:00,2003-01-01 00:00:00,10,Friday
10153,S700_1938,Euro Shopping Channel,31,87.48,2711.88,Ships,2003-09-28,Shipped,Madrid,Spain,0.46,2003-09-01 00:00:00,2003-07-01 00:00:00,2003-01-01 00:00:00,9,Sunday
10140,S12_1666,Technics Stores Inc.,38,100.0,4829.8,Trucks and Buses,2003-07-24,Shipped,Burlingame,USA,0.46,2003-07-01 00:00:00,2003-07-01 00:00:00,2003-01-01 00:00:00,7,Thursday
10322,S12_1666,Online Diecast Creations Co.,27,100.0,4784.13,Trucks and Buses,2004-11-04,Shipped,Nashua,USA,0.46,2004-11-01 00:00:00,2004-10-01 00:00:00,2004-01-01 00:00:00,11,Thursday
10276,S12_2823,Online Mini Collectables,43,100.0,5181.5,Motorcycles,2004-08-02,Shipped,Brickhaven,USA,0.46,2004-08-01 00:00:00,2004-07-01 00:00:00,2004-01-01 00:00:00,8,Monday
10312,S18_1749,Mini Gifts Distributors Ltd.,48,100.0,8078.4,Vintage Cars,2004-10-21,Shipped,San Rafael,USA,0.46,2004-10-01 00:00:00,2004-10-01 00:00:00,2004-01-01 00:00:00,10,Thursday
10305,S18_2319,Marta's Replicas Co.,36,100.0,4816.08,Trucks and Buses,2004-10-13,Shipped,Cambridge,USA,0.46,2004-10-01 00:00:00,2004-10-01 00:00:00,2004-01-01 00:00:00,10,Wednesday
10145,S10_2016,Toys4GrownUps.com,37,100.0,5192.95,Motorcycles,2003-08-25,Shipped,Pasadena,USA,0.46,2003-08-01 00:00:00,2003-07-01 00:00:00,2003-01-01 00:00:00,8,Monday
10114,S18_4600,"La Corne D'abondance, Co.",41,100.0,4815.45,Trucks and Buses,2003-04-01,Shipped,Paris,France,0.46,2003-04-01 00:00:00,2003-04-01 00:00:00,2003-01-01 00:00:00,4,Tuesday
10403,S32_4485,"UK Collectables, Ltd.",45,100.0,5189.4,Motorcycles,2005-04-08,Shipped,Liverpool,UK,0.46,2005-04-01 00:00:00,2005-04-01 00:00:00,2005-01-01 00:00:00,4,Friday
10119,S700_2047,Salzburg Collectables,29,94.14,2730.06,Ships,2003-04-28,Shipped,Salzburg,Austria,0.46,2003-04-01 00:00:00,2003-04-01 00:00:00,2003-01-01 00:00:00,4,Monday
10306,S700_1138,"AV Stores, Co.",50,54.0,2700.0,Ships,2004-10-14,Shipped,Manchester,UK,0.46,2004-10-01 00:00:00,2004-10-01 00:00:00,2004-01-01 00:00:00,10,Thursday
10106,S700_2834,Rovelli Gifts,32,100.0,3986.56,Planes,2003-02-17,Shipped,Bergamo,Italy,0.46,2003-02-01 00:00:00,2003-01-01 00:00:00,2003-01-01 00:00:00,2,Monday
10305,S12_4473,Marta's Replicas Co.,38,100.0,4773.18,Trucks and Buses,2004-10-13,Shipped,Cambridge,USA,0.46,2004-10-01 00:00:00,2004-10-01 00:00:00,2004-01-01 00:00:00,10,Wednesday
10328,S700_2466,Rovelli Gifts,37,100.0,4021.53,Planes,2004-11-12,Shipped,Bergamo,Italy,0.46,2004-11-01 00:00:00,2004-10-01 00:00:00,2004-01-01 00:00:00,11,Friday
10188,S700_2834,Herkku Gifts,29,100.0,3957.05,Planes,2003-11-18,Shipped,Bergen,Norway,0.46,2003-11-01 00:00:00,2003-10-01 00:00:00,2003-01-01 00:00:00,11,Tuesday
10145,S10_4698,Toys4GrownUps.com,33,100.0,5176.38,Motorcycles,2003-08-25,Shipped,Pasadena,USA,0.46,2003-08-01 00:00:00,2003-07-01 00:00:00,2003-01-01 00:00:00,8,Monday
10297,S700_2834,"Clover Collections, Co.",35,100.0,3986.5,Planes,2004-09-16,Shipped,Dublin,Ireland,0.46,2004-09-01 00:00:00,2004-07-01 00:00:00,2004-01-01 00:00:00,9,Thursday
10143,S700_1691,Mini Creations Ltd.,36,100.0,3945.96,Planes,2003-08-10,Shipped,New Bedford,USA,0.46,2003-08-01 00:00:00,2003-07-01 00:00:00,2003-01-01 00:00:00,8,Sunday
10177,S700_1938,CAF Imports,31,88.34,2738.54,Ships,2003-11-07,Shipped,Madrid,Spain,0.46,2003-11-01 00:00:00,2003-10-01 00:00:00,2003-01-01 00:00:00,11,Friday
10308,S700_2834,Mini Classics,31,100.0,4009.23,Planes,2004-10-15,Shipped,White Plains,USA,0.46,2004-10-01 00:00:00,2004-10-01 00:00:00,2004-01-01 00:00:00,10,Friday
10373,S700_2047,"Oulu Toy Supplies, Inc.",32,84.41,2701.12,Ships,2005-01-31,Shipped,Oulu,Finland,0.46,2005-01-01 00:00:00,2005-01-01 00:00:00,2005-01-01 00:00:00,1,Monday
10199,S700_1691,West Coast Collectables Co.,48,83.12,3989.76,Planes,2003-12-01,Shipped,Burbank,USA,0.46,2003-12-01 00:00:00,2003-10-01 00:00:00,2003-01-01 00:00:00,12,Monday
10402,S24_2000,Auto Canal Petit,59,87.6,5168.4,Motorcycles,2005-04-07,Shipped,Paris,France,0.46,2005-04-01 00:00:00,2005-04-01 00:00:00,2005-01-01 00:00:00,4,Thursday
10139,S18_2795,Souveniers And Things Co.,41,100.0,7956.46,Vintage Cars,2003-07-16,Shipped,Chatswood,Australia,0.46,2003-07-01 00:00:00,2003-07-01 00:00:00,2003-01-01 00:00:00,7,Wednesday
10315,S700_3505,La Rochelle Gifts,31,86.15,2670.65,Ships,2004-10-29,Shipped,Nantes,France,0.45,2004-10-01 00:00:00,2004-10-01 00:00:00,2004-01-01 00:00:00,10,Friday
10143,S700_2610,Mini Creations Ltd.,31,85.29,2643.99,Ships,2003-08-10,Shipped,New Bedford,USA,0.45,2003-08-01 00:00:00,2003-07-01 00:00:00,2003-01-01 00:00:00,8,Sunday
10208,S72_3212,"Saveley & Henriot, Co.",42,63.88,2682.96,Ships,2004-01-02,Shipped,Lyon,France,0.45,2004-01-01 00:00:00,2004-01-01 00:00:00,2004-01-01 00:00:00,1,Friday
10291,S18_1097,Scandinavian Gift Ideas,41,100.0,4687.94,Trucks and Buses,2004-09-08,Shipped,Boras,Sweden,0.45,2004-09-01 00:00:00,2004-07-01 00:00:00,2004-01-01 00:00:00,9,Wednesday
10381,S18_1097,Corporate Gift Ideas Co.,48,98.0,4704.0,Trucks and Buses,2005-02-17,Shipped,San Francisco,USA,0.45,2005-02-01 00:00:00,2005-01-01 00:00:00,2005-01-01 00:00:00,2,Thursday
10351,S18_1662,"Stylish Desk Decors, Co.",39,99.52,3881.28,Planes,2004-12-03,Shipped,London,UK,0.45,2004-12-01 00:00:00,2004-10-01 00:00:00,2004-01-01 00:00:00,12,Friday
10120,S700_1691,"Australian Collectors, Co.",47,82.21,3863.87,Planes,2003-04-29,Shipped,Melbourne,Australia,0.45,2003-04-01 00:00:00,2003-04-01 00:00:00,2003-01-01 00:00:00,4,Tuesday
10375,S700_2466,La Rochelle Gifts,33,100.0,3856.71,Planes,2005-02-03,Shipped,Nantes,France,0.45,2005-02-01 00:00:00,2005-01-01 00:00:00,2005-01-01 00:00:00,2,Thursday
10390,S18_3782,Mini Gifts Distributors Ltd.,36,100.0,5079.96,Motorcycles,2005-03-04,Shipped,San Rafael,USA,0.45,2005-03-01 00:00:00,2005-01-01 00:00:00,2005-01-01 00:00:00,3,Friday
10185,S50_1514,Mini Creations Ltd.,20,48.62,972.4,Trains,2003-11-14,Shipped,New Bedford,USA,0.45,2003-11-01 00:00:00,2003-10-01 00:00:00,2003-01-01 00:00:00,11,Friday
10229,S18_4600,Mini Gifts Distributors Ltd.,41,100.0,4716.23,Trucks and Buses,2004-03-11,Shipped,San Rafael,USA,0.45,2004-03-01 00:00:00,2004-01-01 00:00:00,2004-01-01 00:00:00,3,Thursday
10259,S18_4600,Handji Gifts& Co,41,100.0,4666.62,Trucks and Buses,2004-06-15,Shipped,Singapore,Singapore,0.45,2004-06-01 00:00:00,2004-04-01 00:00:00,2004-01-01 00:00:00,6,Tuesday
10165,S24_2300,"Dragon Souveniers, Ltd.",32,100.0,4661.76,Trucks and Buses,2003-10-22,Shipped,Singapore,Singapore,0.45,2003-10-01 00:00:00,2003-10-01 00:00:00,2003-01-01 00:00:00,10,Wednesday
10250,S700_2466,The Sharp Gifts Warehouse,35,100.0,3909.15,Planes,2004-05-11,Shipped,San Jose,USA,0.45,2004-05-01 00:00:00,2004-04-01 00:00:00,2004-01-01 00:00:00,5,Tuesday
10133,S24_1785,Euro Shopping Channel,41,94.1,3858.1,Planes,2003-06-27,Shipped,Madrid,Spain,0.45,2003-06-01 00:00:00,2003-04-01 00:00:00,2003-01-01 00:00:00,6,Friday
10335,S32_1268,Mini Gifts Distributors Ltd.,44,100.0,4746.28,Trucks and Buses,2004-11-19,Shipped,San Rafael,USA,0.45,2004-11-01 00:00:00,2004-10-01 00:00:00,2004-01-01 00:00:00,11,Friday
10382,S18_4668,Mini Gifts Distributors Ltd.,39,100.0,7827.3,Vintage Cars,2005-02-17,Shipped,San Rafael,USA,0.45,2005-02-01 00:00:00,2005-01-01 00:00:00,2005-01-01 00:00:00,2,Thursday
10222,S700_2047,Collectable Mini Designs Co.,26,100.0,2659.54,Ships,2004-02-19,Shipped,San Diego,USA,0.45,2004-02-01 00:00:00,2004-01-01 00:00:00,2004-01-01 00:00:00,2,Thursday
10159,S10_2016,Corporate Gift Ideas Co.,37,100.0,5016.83,Motorcycles,2003-10-10,Shipped,San Francisco,USA,0.44,2003-10-01 00:00:00,2003-10-01 00:00:00,2003-01-01 00:00:00,10,Friday
10295,S700_2610,Gifts4AllAges.com,44,58.55,2576.2,Ships,2004-09-10,Shipped,Boston,USA,0.44,2004-09-01 00:00:00,2004-07-01 00:00:00,2004-01-01 00:00:00,9,Friday
10150,S18_1097,"Dragon Souveniers, Ltd.",34,100.0,4641.0,Trucks and Buses,2003-09-19,Shipped,Singapore,Singapore,0.44,2003-09-01 00:00:00,2003-07-01 00:00:00,2003-01-01 00:00:00,9,Friday
10273,S700_2610,Petit Auto,42,62.16,2610.72,Ships,2004-07-21,Shipped,Bruxelles,Belgium,0.44,2004-07-01 00:00:00,2004-07-01 00:00:00,2004-01-01 00:00:00,7,Wednesday
10184,S32_1268,"Iberia Gift Imports, Corp.",46,100.0,4607.36,Trucks and Buses,2003-11-14,Shipped,Sevilla,Spain,0.44,2003-11-01 00:00:00,2003-10-01 00:00:00,2003-01-01 00:00:00,11,Friday
10165,S50_1392,"Dragon Souveniers, Ltd.",48,94.92,4556.16,Trucks and Buses,2003-10-22,Shipped,Singapore,Singapore,0.44,2003-10-01 00:00:00,2003-10-01 00:00:00,2003-01-01 00:00:00,10,Wednesday
10143,S700_2047,Mini Creations Ltd.,26,100.0,2612.48,Ships,2003-08-10,Shipped,New Bedford,USA,0.44,2003-08-01 00:00:00,2003-07-01 00:00:00,2003-01-01 00:00:00,8,Sunday
10397,S700_1938,Alpha Cognac,32,80.55,2577.6,Ships,2005-03-28,Shipped,Toulouse,France,0.44,2005-03-01 00:00:00,2005-01-01 00:00:00,2005-01-01 00:00:00,3,Monday
10365,S50_4713,Mini Creations Ltd.,44,100.0,4984.32,Motorcycles,2005-01-07,Shipped,New Bedford,USA,0.44,2005-01-01 00:00:00,2005-01-01 00:00:00,2005-01-01 00:00:00,1,Friday
10155,S700_4002,"Toys of Finland, Co.",44,85.87,3778.28,Planes,2003-10-06,Shipped,Helsinki,Finland,0.44,2003-10-01 00:00:00,2003-10-01 00:00:00,2003-01-01 00:00:00,10,Monday
10331,S32_4485,Motor Mint Distributors Inc.,32,100.0,5026.56,Motorcycles,2004-11-17,Shipped,Philadelphia,USA,0.44,2004-11-01 00:00:00,2004-10-01 00:00:00,2004-01-01 00:00:00,11,Wednesday
10140,S18_4600,Technics Stores Inc.,40,100.0,4601.2,Trucks and Buses,2003-07-24,Shipped,Burlingame,USA,0.44,2003-07-01 00:00:00,2003-07-01 00:00:00,2003-01-01 00:00:00,7,Thursday
10210,S18_2581,Osaka Souveniers Co.,50,76.88,3844.0,Planes,2004-01-12,Shipped,Osaka,Japan,0.44,2004-01-01 00:00:00,2004-01-01 00:00:00,2004-01-01 00:00:00,1,Monday
10307,S18_3029,"Classic Gift Ideas, Inc",31,83.44,2586.64,Ships,2004-10-14,Shipped,Philadelphia,USA,0.44,2004-10-01 00:00:00,2004-10-01 00:00:00,2004-01-01 00:00:00,10,Thursday
10396,S700_1138,Mini Gifts Distributors Ltd.,39,66.67,2600.13,Ships,2005-03-23,Shipped,San Rafael,USA,0.44,2005-03-01 00:00:00,2005-01-01 00:00:00,2005-01-01 00:00:00,3,Wednesday
10337,S700_3962,Classic Legends Inc.,36,71.89,2588.04,Ships,2004-11-21,Shipped,NYC,USA,0.44,2004-11-01 00:00:00,2004-10-01 00:00:00,2004-01-01 00:00:00,11,Sunday
10305,S50_1392,Marta's Replicas Co.,42,100.0,4618.32,Trucks and Buses,2004-10-13,Shipped,Cambridge,USA,0.44,2004-10-01 00:00:00,2004-10-01 00:00:00,2004-01-01 00:00:00,10,Wednesday
10329,S72_1253,Land of Toys Inc.,44,86.13,3789.72,Planes,2004-11-15,Shipped,NYC,USA,0.44,2004-11-01 00:00:00,2004-10-01 00:00:00,2004-01-01 00:00:00,11,Monday
10241,S18_1749,Mini Caravy,41,100.0,7597.3,Vintage Cars,2004-04-13,Shipped,Strasbourg,France,0.44,2004-04-01 00:00:00,2004-04-01 00:00:00,2004-01-01 00:00:00,4,Tuesday
10344,S18_1749,Marseille Mini Autos,45,100.0,7650.0,Vintage Cars,2004-11-25,Shipped,Marseille,France,0.44,2004-11-01 00:00:00,2004-10-01 00:00:00,2004-01-01 00:00:00,11,Thursday
10104,S12_4473,Euro Shopping Channel,41,100.0,4615.78,Trucks and Buses,2003-01-31,Shipped,Madrid,Spain,0.44,2003-01-01 00:00:00,2003-01-01 00:00:00,2003-01-01 00:00:00,1,Friday
10142,S700_1138,Mini Gifts Distributors Ltd.,41,64.0,2624.0,Ships,2003-08-08,Shipped,San Rafael,USA,0.44,2003-08-01 00:00:00,2003-07-01 00:00:00,2003-01-01 00:00:00,8,Friday
10184,S12_4473,"Iberia Gift Imports, Corp.",37,100.0,4516.22,Trucks and Buses,2003-11-14,Shipped,Sevilla,Spain,0.43,2003-11-01 00:00:00,2003-10-01 00:00:00,2003-01-01 00:00:00,11,Friday
10229,S12_4473,Mini Gifts Distributors Ltd.,36,100.0,4521.96,Trucks and Buses,2004-03-11,Shipped,San Rafael,USA,0.43,2004-03-01 00:00:00,2004-01-01 00:00:00,2004-01-01 00:00:00,3,Thursday
10174,S18_1097,"Australian Gift Network, Co",48,93.34,4480.32,Trucks and Buses,2003-11-06,Shipped,South Brisbane,Australia,0.43,2003-11-01 00:00:00,2003-10-01 00:00:00,2003-01-01 00:00:00,11,Thursday
10304,S18_1097,Auto Assoc. & Cie.,46,98.0,4508.0,Trucks and Buses,2004-10-11,Shipped,Versailles,France,0.43,2004-10-01 00:00:00,2004-10-01 00:00:00,2004-01-01 00:00:00,10,Monday
10316,S18_1662,giftsbymail.co.uk,27,100.0,3704.13,Planes,2004-11-01,Shipped,Cowes,UK,0.43,2004-11-01 00:00:00,2004-10-01 00:00:00,2004-01-01 00:00:00,11,Monday
10292,S18_2319,Land of Toys Inc.,41,100.0,4528.86,Trucks and Buses,2004-09-08,Shipped,NYC,USA,0.43,2004-09-01 00:00:00,2004-07-01 00:00:00,2004-01-01 00:00:00,9,Wednesday
10205,S18_2795,Euro Shopping Channel,40,100.0,7492.4,Vintage Cars,2003-12-03,Shipped,Madrid,Spain,0.43,2003-12-01 00:00:00,2003-10-01 00:00:00,2003-01-01 00:00:00,12,Wednesday
10217,S18_4600,Handji Gifts& Co,38,100.0,4509.08,Trucks and Buses,2004-02-04,Shipped,Singapore,Singapore,0.43,2004-02-01 00:00:00,2004-01-01 00:00:00,2004-01-01 00:00:00,2,Wednesday
10362,S24_1578,Technics Stores Inc.,50,96.92,4846.0,Motorcycles,2005-01-05,Shipped,Burlingame,USA,0.43,2005-01-01 00:00:00,2005-01-01 00:00:00,2005-01-01 00:00:00,1,Wednesday
10361,S24_3949,Souveniers And Things Co.,26,100.0,3710.98,Planes,2004-12-17,Shipped,Chatswood,Australia,0.43,2004-12-01 00:00:00,2004-10-01 00:00:00,2004-01-01 00:00:00,12,Friday
10168,S24_4278,Technics Stores Inc.,48,78.25,3756.0,Planes,2003-10-28,Shipped,Burlingame,USA,0.43,2003-10-01 00:00:00,2003-10-01 00:00:00,2003-01-01 00:00:00,10,Tuesday
10337,S700_1938,Classic Legends Inc.,36,70.3,2530.8,Ships,2004-11-21,Shipped,NYC,USA,0.43,2004-11-01 00:00:00,2004-10-01 00:00:00,2004-01-01 00:00:00,11,Sunday
10182,S18_1749,Mini Gifts Distributors Ltd.,44,100.0,7554.8,Vintage Cars,2003-11-12,Shipped,San Rafael,USA,0.43,2003-11-01 00:00:00,2003-10-01 00:00:00,2003-01-01 00:00:00,11,Wednesday
10315,S700_1138,La Rochelle Gifts,41,62.0,2542.0,Ships,2004-10-29,Shipped,Nantes,France,0.43,2004-10-01 00:00:00,2004-10-01 00:00:00,2004-01-01 00:00:00,10,Friday
10106,S700_2466,Rovelli Gifts,34,100.0,3763.46,Planes,2003-02-17,Shipped,Bergamo,Italy,0.43,2003-02-01 00:00:00,2003-01-01 00:00:00,2003-01-01 00:00:00,2,Monday
10177,S700_3962,CAF Imports,24,100.0,2526.48,Ships,2003-11-07,Shipped,Madrid,Spain,0.43,2003-11-01 00:00:00,2003-10-01 00:00:00,2003-01-01 00:00:00,11,Friday
10233,S700_1138,Tekni Collectables Inc.,36,70.67,2544.12,Ships,2004-03-29,Shipped,Newark,USA,0.43,2004-03-01 00:00:00,2004-01-01 00:00:00,2004-01-01 00:00:00,3,Monday
10129,S700_3962,"Stylish Desk Decors, Co.",30,85.41,2562.3,Ships,2003-06-12,Shipped,London,UK,0.43,2003-06-01 00:00:00,2003-04-01 00:00:00,2003-01-01 00:00:00,6,Thursday
10105,S700_3962,Danish Wholesale Imports,22,100.0,2556.18,Ships,2003-02-11,Shipped,Kobenhavn,Denmark,0.43,2003-02-01 00:00:00,2003-01-01 00:00:00,2003-01-01 00:00:00,2,Tuesday
10155,S700_3167,"Toys of Finland, Co.",43,86.4,3715.2,Planes,2003-10-06,Shipped,Helsinki,Finland,0.43,2003-10-01 00:00:00,2003-10-01 00:00:00,2003-01-01 00:00:00,10,Monday
10358,S32_1268,Euro Shopping Channel,41,100.0,4428.0,Trucks and Buses,2004-12-10,Shipped,Madrid,Spain,0.42,2004-12-01 00:00:00,2004-10-01 00:00:00,2004-01-01 00:00:00,12,Friday
10211,S10_1678,Auto Canal Petit,41,100.0,4708.44,Motorcycles,2004-01-15,Shipped,Paris,France,0.42,2004-01-01 00:00:00,2004-01-01 00:00:00,2004-01-01 00:00:00,1,Thursday
10211,S12_2823,Auto Canal Petit,36,100.0,4771.8,Motorcycles,2004-01-15,Shipped,Paris,France,0.42,2004-01-01 00:00:00,2004-01-01 00:00:00,2004-01-01 00:00:00,1,Thursday
10223,S24_1785,"Australian Collectors, Co.",34,100.0,3608.76,Planes,2004-02-20,Shipped,Melbourne,Australia,0.42,2004-02-01 00:00:00,2004-01-01 00:00:00,2004-01-01 00:00:00,2,Friday
10316,S700_3167,giftsbymail.co.uk,48,75.2,3609.6,Planes,2004-11-01,Shipped,Cowes,UK,0.42,2004-11-01 00:00:00,2004-10-01 00:00:00,2004-01-01 00:00:00,11,Monday
10119,S700_2610,Salzburg Collectables,38,65.77,2499.26,Ships,2003-04-28,Shipped,Salzburg,Austria,0.42,2003-04-01 00:00:00,2003-04-01 00:00:00,2003-01-01 00:00:00,4,Monday
10302,S18_1749,"UK Collectables, Ltd.",43,100.0,7310.0,Vintage Cars,2003-10-06,Shipped,Liverpool,UK,0.42,2003-10-01 00:00:00,2003-10-01 00:00:00,2003-01-01 00:00:00,10,Monday
10400,S18_3856,The Sharp Gifts Warehouse,58,100.0,7307.42,Vintage Cars,2005-04-01,Shipped,San Jose,USA,0.42,2005-04-01 00:00:00,2005-04-01 00:00:00,2005-01-01 00:00:00,4,Friday
10332,S18_4409,"AV Stores, Co.",50,100.0,7310.0,Vintage Cars,2004-11-17,Shipped,Manchester,UK,0.42,2004-11-01 00:00:00,2004-10-01 00:00:00,2004-01-01 00:00:00,11,Wednesday
10180,S10_2016,Daedalus Designs Imports,42,100.0,4695.6,Motorcycles,2003-11-11,Shipped,Lille,France,0.42,2003-11-01 00:00:00,2003-10-01 00:00:00,2003-01-01 00:00:00,11,Tuesday
10106,S24_2841,Rovelli Gifts,49,74.68,3659.32,Planes,2003-02-17,Shipped,Bergamo,Italy,0.42,2003-02-01 00:00:00,2003-01-01 00:00:00,2003-01-01 00:00:00,2,Monday
10197,S700_3505,Enaco Distributors,27,92.16,2488.32,Ships,2003-11-26,Shipped,Barcelona,Spain,0.42,2003-11-01 00:00:00,2003-10-01 00:00:00,2003-01-01 00:00:00,11,Wednesday
10308,S24_4278,Mini Classics,44,83.32,3666.08,Planes,2004-10-15,Shipped,White Plains,USA,0.42,2004-10-01 00:00:00,2004-10-01 00:00:00,2004-01-01 00:00:00,10,Friday
10341,S700_3167,Salzburg Collectables,34,100.0,3644.12,Planes,2004-11-24,Shipped,Salzburg,Austria,0.42,2004-11-01 00:00:00,2004-10-01 00:00:00,2004-01-01 00:00:00,11,Wednesday
10416,S32_1374,L'ordine Souveniers,45,100.0,4764.6,Motorcycles,2005-05-10,Shipped,Reggio Emilia,Italy,0.42,2005-05-01 00:00:00,2005-04-01 00:00:00,2005-01-01 00:00:00,5,Tuesday
10375,S32_4485,La Rochelle Gifts,41,100.0,4701.88,Motorcycles,2005-02-03,Shipped,Nantes,France,0.42,2005-02-01 00:00:00,2005-01-01 00:00:00,2005-01-01 00:00:00,2,Thursday
10177,S700_2610,CAF Imports,32,76.62,2451.84,Ships,2003-11-07,Shipped,Madrid,Spain,0.41,2003-11-01 00:00:00,2003-10-01 00:00:00,2003-01-01 00:00:00,11,Friday
10416,S24_4278,L'ordine Souveniers,48,74.62,3581.76,Planes,2005-05-10,Shipped,Reggio Emilia,Italy,0.41,2005-05-01 00:00:00,2005-04-01 00:00:00,2005-01-01 00:00:00,5,Tuesday
10398,S24_4278,Reims Collectables,45,78.25,3521.25,Planes,2005-03-30,Shipped,Reims,France,0.41,2005-03-01 00:00:00,2005-01-01 00:00:00,2005-01-01 00:00:00,3,Wednesday
10353,S700_3167,Gift Ideas Corp.,43,81.95,3523.85,Planes,2004-12-04,Shipped,Glendale,USA,0.41,2004-12-01 00:00:00,2004-10-01 00:00:00,2004-01-01 00:00:00,12,Saturday
10133,S24_4278,Euro Shopping Channel,46,77.52,3565.92,Planes,2003-06-27,Shipped,Madrid,Spain,0.41,2003-06-01 00:00:00,2003-04-01 00:00:00,2003-01-01 00:00:00,6,Friday
10194,S18_4600,"Saveley & Henriot, Co.",32,100.0,4262.08,Trucks and Buses,2003-11-25,Shipped,Lyon,France,0.41,2003-11-01 00:00:00,2003-10-01 00:00:00,2003-01-01 00:00:00,11,Tuesday
10378,S18_3782,Euro Shopping Channel,28,100.0,4609.64,Motorcycles,2005-02-10,Shipped,Madrid,Spain,0.41,2005-02-01 00:00:00,2005-01-01 00:00:00,2005-01-01 00:00:00,2,Thursday
10169,S12_2823,"Anna's Decorations, Ltd",35,100.0,4639.25,Motorcycles,2003-11-04,Shipped,North Sydney,Australia,0.41,2003-11-01 00:00:00,2003-10-01 00:00:00,2003-01-01 00:00:00,11,Tuesday
10350,S700_3505,Euro Shopping Channel,31,77.34,2397.54,Ships,2004-12-02,Shipped,Madrid,Spain,0.41,2004-12-01 00:00:00,2004-10-01 00:00:00,2004-01-01 00:00:00,12,Thursday
10341,S50_4713,Salzburg Collectables,38,100.0,4682.36,Motorcycles,2004-11-24,Shipped,Salzburg,Austria,0.41,2004-11-01 00:00:00,2004-10-01 00:00:00,2004-01-01 00:00:00,11,Wednesday
10162,S18_2795,Corporate Gift Ideas Co.,48,100.0,7209.12,Vintage Cars,2003-10-18,Shipped,San Francisco,USA,0.41,2003-10-01 00:00:00,2003-10-01 00:00:00,2003-01-01 00:00:00,10,Saturday
10353,S18_2581,Gift Ideas Corp.,27,100.0,3515.67,Planes,2004-12-04,Shipped,Glendale,USA,0.41,2004-12-01 00:00:00,2004-10-01 00:00:00,2004-01-01 00:00:00,12,Saturday
10209,S24_2841,"Men 'R' US Retailers, Ltd.",43,82.21,3535.03,Planes,2004-01-09,Shipped,Los Angeles,USA,0.41,2004-01-01 00:00:00,2004-01-01 00:00:00,2004-01-01 00:00:00,1,Friday
10282,S50_1392,Mini Gifts Distributors Ltd.,38,100.0,4310.72,Trucks and Buses,2004-08-20,Shipped,San Rafael,USA,0.41,2004-08-01 00:00:00,2004-07-01 00:00:00,2004-01-01 00:00:00,8,Friday
10309,S12_2823,Baane Mini Imports,26,100.0,4660.24,Motorcycles,2004-10-15,Shipped,Stavern,Norway,0.41,2004-10-01 00:00:00,2004-10-01 00:00:00,2004-01-01 00:00:00,10,Friday
10348,S18_4668,"Corrida Auto Replicas, Ltd",29,100.0,7110.8,Vintage Cars,2004-11-01,Shipped,Madrid,Spain,0.41,2004-11-01 00:00:00,2004-10-01 00:00:00,2004-01-01 00:00:00,11,Monday
10389,S24_1578,Scandinavian Gift Ideas,45,100.0,4597.65,Motorcycles,2005-03-03,Shipped,Boras,Sweden,0.41,2005-03-01 00:00:00,2005-01-01 00:00:00,2005-01-01 00:00:00,3,Thursday
10263,S10_2016,Gift Depot Inc.,40,100.0,4472.0,Motorcycles,2004-06-28,Shipped,Bridgewater,USA,0.4,2004-06-01 00:00:00,2004-04-01 00:00:00,2004-01-01 00:00:00,6,Monday
10308,S10_4698,Mini Classics,20,100.0,4570.4,Motorcycles,2004-10-15,Shipped,White Plains,USA,0.4,2004-10-01 00:00:00,2004-10-01 00:00:00,2004-01-01 00:00:00,10,Friday
10140,S18_1097,Technics Stores Inc.,32,100.0,4181.44,Trucks and Buses,2003-07-24,Shipped,Burlingame,USA,0.4,2003-07-01 00:00:00,2003-07-01 00:00:00,2003-01-01 00:00:00,7,Thursday
10270,S18_1097,Souveniers And Things Co.,43,96.84,4164.12,Trucks and Buses,2004-07-19,Shipped,Chatswood,Australia,0.4,2004-07-01 00:00:00,2004-07-01 00:00:00,2004-01-01 00:00:00,7,Monday
10312,S18_1097,Mini Gifts Distributors Ltd.,32,100.0,4181.44,Trucks and Buses,2004-10-21,Shipped,San Rafael,USA,0.4,2004-10-01 00:00:00,2004-10-01 00:00:00,2004-01-01 00:00:00,10,Thursday
10114,S18_2319,"La Corne D'abondance, Co.",39,100.0,4164.42,Trucks and Buses,2003-04-01,Shipped,Paris,France,0.4,2003-04-01 00:00:00,2003-04-01 00:00:00,2003-01-01 00:00:00,4,Tuesday
10103,S18_4600,Baane Mini Imports,36,100.0,4228.2,Trucks and Buses,2003-01-29,Shipped,Stavern,Norway,0.4,2003-01-01 00:00:00,2003-01-01 00:00:00,2003-01-01 00:00:00,1,Wednesday
10186,S700_2047,"Double Decker Gift Stores, Ltd",24,99.57,2389.68,Ships,2003-11-14,Shipped,London,UK,0.4,2003-11-01 00:00:00,2003-10-01 00:00:00,2003-01-01 00:00:00,11,Friday
10233,S700_2610,Tekni Collectables Inc.,29,82.4,2389.6,Ships,2004-03-29,Shipped,Newark,USA,0.4,2004-03-01 00:00:00,2004-01-01 00:00:00,2004-01-01 00:00:00,3,Monday
10189,S12_2823,Toys4GrownUps.com,28,100.0,4512.48,Motorcycles,2003-11-18,Shipped,Pasadena,USA,0.4,2003-11-01 00:00:00,2003-10-01 00:00:00,2003-01-01 00:00:00,11,Tuesday
10227,S18_2325,"Saveley & Henriot, Co.",46,100.0,7017.76,Vintage Cars,2004-03-02,Shipped,Lyon,France,0.4,2004-03-01 00:00:00,2004-01-01 00:00:00,2004-01-01 00:00:00,3,Tuesday
10326,S700_1138,"Volvo Model Replicas, Co",39,60.0,2340.0,Ships,2004-11-09,Shipped,Lule,Sweden,0.4,2004-11-01 00:00:00,2004-10-01 00:00:00,2004-01-01 00:00:00,11,Tuesday
10145,S24_1785,Toys4GrownUps.com,40,87.54,3501.6,Planes,2003-08-25,Shipped,Pasadena,USA,0.4,2003-08-01 00:00:00,2003-07-01 00:00:00,2003-01-01 00:00:00,8,Monday
10196,S18_3140,Super Scale Inc.,49,100.0,6893.81,Vintage Cars,2003-11-26,Shipped,New Haven,USA,0.4,2003-11-01 00:00:00,2003-10-01 00:00:00,2003-01-01 00:00:00,11,Wednesday
10168,S700_2466,Technics Stores Inc.,31,100.0,3431.39,Planes,2003-10-28,Shipped,Burlingame,USA,0.4,2003-10-01 00:00:00,2003-10-01 00:00:00,2003-01-01 00:00:00,10,Tuesday
10245,S32_1268,Super Scale Inc.,37,100.0,4133.64,Trucks and Buses,2004-05-04,Shipped,New Haven,USA,0.4,2004-05-01 00:00:00,2004-04-01 00:00:00,2004-01-01 00:00:00,5,Tuesday
10126,S32_1268,"Corrida Auto Replicas, Ltd",43,96.31,4141.33,Trucks and Buses,2003-05-28,Shipped,Madrid,Spain,0.4,2003-05-01 00:00:00,2003-04-01 00:00:00,2003-01-01 00:00:00,5,Wednesday
10166,S18_3140,FunGiftIdeas.com,43,100.0,6930.74,Vintage Cars,2003-10-21,Shipped,New Bedford,USA,0.4,2003-10-01 00:00:00,2003-10-01 00:00:00,2003-01-01 00:00:00,10,Tuesday
10178,S700_4002,Alpha Cognac,45,76.25,3431.25,Planes,2003-11-08,Shipped,Toulouse,France,0.4,2003-11-01 00:00:00,2003-10-01 00:00:00,2003-01-01 00:00:00,11,Saturday
10352,S700_2047,Auto-Moto Classics Inc.,23,100.0,2352.67,Ships,2004-12-03,Shipped,Brickhaven,USA,0.4,2004-12-01 00:00:00,2004-10-01 00:00:00,2004-01-01 00:00:00,12,Friday
10308,S24_1785,Mini Classics,31,100.0,3493.7,Planes,2004-10-15,Shipped,White Plains,USA,0.4,2004-10-01 00:00:00,2004-10-01 00:00:00,2004-01-01 00:00:00,10,Friday
10324,S18_4668,Vitachrome Inc.,38,100.0,6832.02,Vintage Cars,2004-11-05,Shipped,NYC,USA,0.39,2004-11-01 00:00:00,2004-10-01 00:00:00,2004-01-01 00:00:00,11,Friday
10120,S700_2834,"Australian Collectors, Co.",24,100.0,3417.12,Planes,2003-04-29,Shipped,Melbourne,Australia,0.39,2003-04-01 00:00:00,2003-04-01 00:00:00,2003-01-01 00:00:00,4,Tuesday
10270,S12_1666,Souveniers And Things Co.,28,100.0,4094.72,Trucks and Buses,2004-07-19,Shipped,Chatswood,Australia,0.39,2004-07-01 00:00:00,2004-07-01 00:00:00,2004-01-01 00:00:00,7,Monday
10318,S10_1678,Diecast Classics Inc.,46,94.74,4358.04,Motorcycles,2004-11-02,Shipped,Allentown,USA,0.39,2004-11-01 00:00:00,2004-10-01 00:00:00,2004-01-01 00:00:00,11,Tuesday
10371,S32_1268,Mini Gifts Distributors Ltd.,26,100.0,4044.04,Trucks and Buses,2005-01-23,Shipped,San Rafael,USA,0.39,2005-01-01 00:00:00,2005-01-01 00:00:00,2005-01-01 00:00:00,1,Sunday
10222,S72_3212,Collectable Mini Designs Co.,36,63.34,2280.24,Ships,2004-02-19,Shipped,San Diego,USA,0.39,2004-02-01 00:00:00,2004-01-01 00:00:00,2004-01-01 00:00:00,2,Thursday
10338,S18_3029,Royale Belge,28,82.58,2312.24,Ships,2004-11-22,Shipped,Charleroi,Belgium,0.39,2004-11-01 00:00:00,2004-10-01 00:00:00,2004-01-01 00:00:00,11,Monday
10206,S12_1666,Canadian Gift Exchange Network,28,100.0,4056.36,Trucks and Buses,2003-12-05,Shipped,Vancouver,Canada,0.39,2003-12-01 00:00:00,2003-10-01 00:00:00,2003-01-01 00:00:00,12,Friday
10154,S700_2610,Boards & Toys Co.,36,64.33,2315.88,Ships,2003-10-02,Shipped,Glendale,USA,0.39,2003-10-01 00:00:00,2003-10-01 00:00:00,2003-01-01 00:00:00,10,Thursday
10201,S24_1578,Mini Wheels Co.,39,100.0,4351.23,Motorcycles,2003-12-01,Shipped,San Francisco,USA,0.39,2003-12-01 00:00:00,2003-10-01 00:00:00,2003-01-01 00:00:00,12,Monday
10309,S10_1678,Baane Mini Imports,41,100.0,4394.38,Motorcycles,2004-10-15,Shipped,Stavern,Norway,0.39,2004-10-01 00:00:00,2004-10-01 00:00:00,2004-01-01 00:00:00,10,Friday
10155,S24_3949,"Toys of Finland, Co.",44,77.11,3392.84,Planes,2003-10-06,Shipped,Helsinki,Finland,0.39,2003-10-01 00:00:00,2003-10-01 00:00:00,2003-01-01 00:00:00,10,Monday
10275,S24_3949,La Rochelle Gifts,41,81.89,3357.49,Planes,2004-07-23,Shipped,Nantes,France,0.39,2004-07-01 00:00:00,2004-07-01 00:00:00,2004-01-01 00:00:00,7,Friday
10329,S10_1678,Land of Toys Inc.,42,100.0,4396.14,Motorcycles,2004-11-15,Shipped,NYC,USA,0.39,2004-11-01 00:00:00,2004-10-01 00:00:00,2004-01-01 00:00:00,11,Monday
10358,S24_4258,Euro Shopping Channel,41,100.0,6847.0,Vintage Cars,2004-12-10,Shipped,Madrid,Spain,0.39,2004-12-01 00:00:00,2004-10-01 00:00:00,2004-01-01 00:00:00,12,Friday
10340,S24_4278,Enaco Distributors,40,84.77,3390.8,Planes,2004-11-24,Shipped,Barcelona,Spain,0.39,2004-11-01 00:00:00,2004-10-01 00:00:00,2004-01-01 00:00:00,11,Wednesday
10235,S700_2466,"Royal Canadian Collectables, Ltd.",38,88.75,3372.5,Planes,2004-04-02,Shipped,Tsawassen,Canada,0.39,2004-04-01 00:00:00,2004-04-01 00:00:00,2004-01-01 00:00:00,4,Friday
10299,S32_4485,"Toys of Finland, Co.",38,100.0,4382.16,Motorcycles,2004-09-30,Shipped,Helsinki,Finland,0.39,2004-09-01 00:00:00,2004-07-01 00:00:00,2004-01-01 00:00:00,9,Thursday
10188,S32_1374,Herkku Gifts,44,98.89,4351.16,Motorcycles,2003-11-18,Shipped,Bergen,Norway,0.39,2003-11-01 00:00:00,2003-10-01 00:00:00,2003-01-01 00:00:00,11,Tuesday
10133,S18_2581,Euro Shopping Channel,49,69.27,3394.23,Planes,2003-06-27,Shipped,Madrid,Spain,0.39,2003-06-01 00:00:00,2003-04-01 00:00:00,2003-01-01 00:00:00,6,Friday
10142,S700_3505,Mini Gifts Distributors Ltd.,21,100.0,2334.99,Ships,2003-08-08,Shipped,San Rafael,USA,0.39,2003-08-01 00:00:00,2003-07-01 00:00:00,2003-01-01 00:00:00,8,Friday
10328,S700_4002,Rovelli Gifts,39,85.87,3348.93,Planes,2004-11-12,Shipped,Bergamo,Italy,0.39,2004-11-01 00:00:00,2004-10-01 00:00:00,2004-01-01 00:00:00,11,Friday
10340,S24_2000,Enaco Distributors,55,79.98,4398.9,Motorcycles,2004-11-24,Shipped,Barcelona,Spain,0.39,2004-11-01 00:00:00,2004-10-01 00:00:00,2004-01-01 00:00:00,11,Wednesday
10150,S12_1666,"Dragon Souveniers, Ltd.",30,100.0,4100.1,Trucks and Buses,2003-09-19,Shipped,Singapore,Singapore,0.39,2003-09-01 00:00:00,2003-07-01 00:00:00,2003-01-01 00:00:00,9,Friday
10232,S700_1938,giftsbymail.co.uk,26,88.34,2296.84,Ships,2004-03-20,Shipped,Cowes,UK,0.39,2004-03-01 00:00:00,2004-01-01 00:00:00,2004-01-01 00:00:00,3,Saturday
10350,S72_3212,Euro Shopping Channel,20,100.0,2244.4,Ships,2004-12-02,Shipped,Madrid,Spain,0.38,2004-12-01 00:00:00,2004-10-01 00:00:00,2004-01-01 00:00:00,12,Thursday
10207,S32_1268,Diecast Collectables,49,80.9,3964.1,Trucks and Buses,2003-12-09,Shipped,Boston,USA,0.38,2003-12-01 00:00:00,2003-10-01 00:00:00,2003-01-01 00:00:00,12,Tuesday
10106,S700_1691,Rovelli Gifts,31,100.0,3312.97,Planes,2003-02-17,Shipped,Bergamo,Italy,0.38,2003-02-01 00:00:00,2003-01-01 00:00:00,2003-01-01 00:00:00,2,Monday
10206,S18_1097,Canadian Gift Exchange Network,34,100.0,3966.78,Trucks and Buses,2003-12-05,Shipped,Vancouver,Canada,0.38,2003-12-01 00:00:00,2003-10-01 00:00:00,2003-01-01 00:00:00,12,Friday
10315,S72_3212,La Rochelle Gifts,40,55.69,2227.6,Ships,2004-10-29,Shipped,Nantes,France,0.38,2004-10-01 00:00:00,2004-10-01 00:00:00,2004-01-01 00:00:00,10,Friday
10185,S700_2610,Mini Creations Ltd.,39,57.82,2254.98,Ships,2003-11-14,Shipped,New Bedford,USA,0.38,2003-11-01 00:00:00,2003-10-01 00:00:00,2003-01-01 00:00:00,11,Friday
10198,S24_2841,Cruz & Sons Co.,48,67.82,3255.36,Planes,2003-11-27,Shipped,Makati City,Philippines,0.38,2003-11-01 00:00:00,2003-10-01 00:00:00,2003-01-01 00:00:00,11,Thursday
10355,S32_4485,Euro Shopping Channel,40,100.0,4326.8,Motorcycles,2004-12-07,Shipped,Madrid,Spain,0.38,2004-12-01 00:00:00,2004-10-01 00:00:00,2004-01-01 00:00:00,12,Tuesday
10106,S700_3167,Rovelli Gifts,44,74.4,3273.6,Planes,2003-02-17,Shipped,Bergamo,Italy,0.38,2003-02-01 00:00:00,2003-01-01 00:00:00,2003-01-01 00:00:00,2,Monday
10120,S700_3167,"Australian Collectors, Co.",43,76.0,3268.0,Planes,2003-04-29,Shipped,Melbourne,Australia,0.38,2003-04-01 00:00:00,2003-04-01 00:00:00,2003-01-01 00:00:00,4,Tuesday
10276,S32_4485,Online Mini Collectables,38,100.0,4304.64,Motorcycles,2004-08-02,Shipped,Brickhaven,USA,0.38,2004-08-01 00:00:00,2004-07-01 00:00:00,2004-01-01 00:00:00,8,Monday
10220,S50_1392,"Clover Collections, Co.",37,100.0,3983.05,Trucks and Buses,2004-02-12,Shipped,Dublin,Ireland,0.38,2004-02-01 00:00:00,2004-01-01 00:00:00,2004-01-01 00:00:00,2,Thursday
10308,S24_3949,Mini Classics,43,76.43,3286.49,Planes,2004-10-15,Shipped,White Plains,USA,0.38,2004-10-01 00:00:00,2004-10-01 00:00:00,2004-01-01 00:00:00,10,Friday
10384,S24_2011,Corporate Gift Ideas Co.,28,80.54,2255.12,Ships,2005-02-23,Shipped,San Francisco,USA,0.38,2005-02-01 00:00:00,2005-01-01 00:00:00,2005-01-01 00:00:00,2,Wednesday
10263,S24_1578,Gift Depot Inc.,42,100.0,4307.52,Motorcycles,2004-06-28,Shipped,Bridgewater,USA,0.38,2004-06-01 00:00:00,2004-04-01 00:00:00,2004-01-01 00:00:00,6,Monday
10221,S700_1938,Petit Auto,23,97.0,2231.0,Ships,2004-02-18,Shipped,Bruxelles,Belgium,0.38,2004-02-01 00:00:00,2004-01-01 00:00:00,2004-01-01 00:00:00,2,Wednesday
10282,S18_3140,Mini Gifts Distributors Ltd.,43,100.0,6695.53,Vintage Cars,2004-08-20,Shipped,San Rafael,USA,0.38,2004-08-01 00:00:00,2004-07-01 00:00:00,2004-01-01 00:00:00,8,Friday
10353,S700_2834,Gift Ideas Corp.,48,68.8,3302.4,Planes,2004-12-04,Shipped,Glendale,USA,0.38,2004-12-01 00:00:00,2004-10-01 00:00:00,2004-01-01 00:00:00,12,Saturday
10400,S18_3029,The Sharp Gifts Warehouse,30,74.84,2245.2,Ships,2005-04-01,Shipped,San Jose,USA,0.38,2005-04-01 00:00:00,2005-04-01 00:00:00,2005-01-01 00:00:00,4,Friday
10370,S18_2319,"Anna's Decorations, Ltd",22,100.0,3949.0,Trucks and Buses,2005-01-20,Shipped,North Sydney,Australia,0.38,2005-01-01 00:00:00,2005-01-01 00:00:00,2005-01-01 00:00:00,1,Thursday
10103,S18_1097,Baane Mini Imports,35,100.0,3920.0,Trucks and Buses,2003-01-29,Shipped,Stavern,Norway,0.38,2003-01-01 00:00:00,2003-01-01 00:00:00,2003-01-01 00:00:00,1,Wednesday
10230,S50_1392,"Blauer See Auto, Co.",34,100.0,3974.94,Trucks and Buses,2004-03-15,Shipped,Frankfurt,Germany,0.38,2004-03-01 00:00:00,2004-01-01 00:00:00,2004-01-01 00:00:00,3,Monday
10259,S32_1268,Handji Gifts& Co,45,86.68,3900.6,Trucks and Buses,2004-06-15,Shipped,Singapore,Singapore,0.37,2004-06-01 00:00:00,2004-04-01 00:00:00,2004-01-01 00:00:00,6,Tuesday
10153,S700_3962,Euro Shopping Channel,20,100.0,2204.6,Ships,2003-09-28,Shipped,Madrid,Spain,0.37,2003-09-01 00:00:00,2003-07-01 00:00:00,2003-01-01 00:00:00,9,Sunday
10168,S10_4698,Technics Stores Inc.,20,100.0,4183.0,Motorcycles,2003-10-28,Shipped,Burlingame,USA,0.37,2003-10-01 00:00:00,2003-10-01 00:00:00,2003-01-01 00:00:00,10,Tuesday
10235,S32_1374,"Royal Canadian Collectables, Ltd.",41,100.0,4177.49,Motorcycles,2004-04-02,Shipped,Tsawassen,Canada,0.37,2004-04-01 00:00:00,2004-04-01 00:00:00,2004-01-01 00:00:00,4,Friday
10237,S12_2823,Vitachrome Inc.,32,100.0,4193.28,Motorcycles,2004-04-05,Shipped,NYC,USA,0.37,2004-04-01 00:00:00,2004-04-01 00:00:00,2004-01-01 00:00:00,4,Monday
10299,S12_2823,"Toys of Finland, Co.",24,100.0,4157.04,Motorcycles,2004-09-30,Shipped,Helsinki,Finland,0.37,2004-09-01 00:00:00,2004-07-01 00:00:00,2004-01-01 00:00:00,9,Thursday
10223,S700_2834,"Australian Collectors, Co.",29,100.0,3199.86,Planes,2004-02-20,Shipped,Melbourne,Australia,0.37,2004-02-01 00:00:00,2004-01-01 00:00:00,2004-01-01 00:00:00,2,Friday
10126,S18_1097,"Corrida Auto Replicas, Ltd",38,100.0,3857.0,Trucks and Buses,2003-05-28,Shipped,Madrid,Spain,0.37,2003-05-01 00:00:00,2003-04-01 00:00:00,2003-01-01 00:00:00,5,Wednesday
10357,S18_1097,Mini Gifts Distributors Ltd.,39,98.0,3822.0,Trucks and Buses,2004-12-10,Shipped,San Rafael,USA,0.37,2004-12-01 00:00:00,2004-10-01 00:00:00,2004-01-01 00:00:00,12,Friday
10370,S18_1097,"Anna's Decorations, Ltd",27,100.0,3911.49,Trucks and Buses,2005-01-20,Shipped,North Sydney,Australia,0.37,2005-01-01 00:00:00,2005-01-01 00:00:00,2005-01-01 00:00:00,1,Thursday
10117,S72_3212,"Dragon Souveniers, Ltd.",50,43.68,2184.0,Ships,2003-04-16,Shipped,Singapore,Singapore,0.37,2003-04-01 00:00:00,2003-04-01 00:00:00,2003-01-01 00:00:00,4,Wednesday
10275,S700_3167,La Rochelle Gifts,43,73.6,3164.8,Planes,2004-07-23,Shipped,Nantes,France,0.37,2004-07-01 00:00:00,2004-07-01 00:00:00,2004-01-01 00:00:00,7,Friday
10383,S18_2319,Euro Shopping Channel,27,100.0,3843.99,Trucks and Buses,2005-02-22,Shipped,Madrid,Spain,0.37,2005-02-01 00:00:00,2005-01-01 00:00:00,2005-01-01 00:00:00,2,Tuesday
10159,S10_4698,Corporate Gift Ideas Co.,22,100.0,4132.7,Motorcycles,2003-10-10,Shipped,San Francisco,USA,0.37,2003-10-01 00:00:00,2003-10-01 00:00:00,2003-01-01 00:00:00,10,Friday
10387,S32_1374,"Dragon Souveniers, Ltd.",44,94.9,4175.6,Motorcycles,2005-03-02,Shipped,Singapore,Singapore,0.37,2005-03-01 00:00:00,2005-01-01 00:00:00,2005-01-01 00:00:00,3,Wednesday
10374,S24_1578,"Australian Gift Network, Co",38,100.0,4197.1,Motorcycles,2005-02-02,Shipped,South Brisbane,Australia,0.37,2005-02-01 00:00:00,2005-01-01 00:00:00,2005-01-01 00:00:00,2,Wednesday
10324,S24_2300,Vitachrome Inc.,31,100.0,3820.44,Trucks and Buses,2004-11-05,Shipped,NYC,USA,0.37,2004-11-01 00:00:00,2004-10-01 00:00:00,2004-01-01 00:00:00,11,Friday
10106,S24_3949,Rovelli Gifts,50,64.83,3241.5,Planes,2003-02-17,Shipped,Bergamo,Italy,0.37,2003-02-01 00:00:00,2003-01-01 00:00:00,2003-01-01 00:00:00,2,Monday
10235,S24_4278,"Royal Canadian Collectables, Ltd.",40,81.14,3245.6,Planes,2004-04-02,Shipped,Tsawassen,Canada,0.37,2004-04-01 00:00:00,2004-04-01 00:00:00,2004-01-01 00:00:00,4,Friday
10275,S10_1678,La Rochelle Gifts,45,92.83,4177.35,Motorcycles,2004-07-23,Shipped,Nantes,France,0.37,2004-07-01 00:00:00,2004-07-01 00:00:00,2004-01-01 00:00:00,7,Friday
10222,S700_4002,Collectable Mini Designs Co.,43,74.03,3183.29,Planes,2004-02-19,Shipped,San Diego,USA,0.37,2004-02-01 00:00:00,2004-01-01 00:00:00,2004-01-01 00:00:00,2,Thursday
10168,S700_4002,Technics Stores Inc.,39,82.91,3233.49,Planes,2003-10-28,Shipped,Burlingame,USA,0.37,2003-10-01 00:00:00,2003-10-01 00:00:00,2003-01-01 00:00:00,10,Tuesday
10309,S32_4485,Baane Mini Imports,50,84.7,4235.0,Motorcycles,2004-10-15,Shipped,Stavern,Norway,0.37,2004-10-01 00:00:00,2004-10-01 00:00:00,2004-01-01 00:00:00,10,Friday
10135,S50_4713,Mini Gifts Distributors Ltd.,44,96.0,4224.0,Motorcycles,2003-07-02,Shipped,San Rafael,USA,0.37,2003-07-01 00:00:00,2003-07-01 00:00:00,2003-01-01 00:00:00,7,Wednesday
10264,S50_4713,Gifts4AllAges.com,47,89.5,4206.5,Motorcycles,2004-06-30,Shipped,Boston,USA,0.37,2004-06-01 00:00:00,2004-04-01 00:00:00,2004-01-01 00:00:00,6,Wednesday
10197,S700_2047,Enaco Distributors,24,90.52,2172.48,Ships,2003-11-26,Shipped,Barcelona,Spain,0.37,2003-11-01 00:00:00,2003-10-01 00:00:00,2003-01-01 00:00:00,11,Wednesday
10274,S700_2047,Collectables For Less Inc.,24,90.52,2172.48,Ships,2004-07-21,Shipped,Brickhaven,USA,0.37,2004-07-01 00:00:00,2004-07-01 00:00:00,2004-01-01 00:00:00,7,Wednesday
10350,S700_2610,Euro Shopping Channel,29,75.35,2185.15,Ships,2004-12-02,Shipped,Madrid,Spain,0.37,2004-12-01 00:00:00,2004-10-01 00:00:00,2004-01-01 00:00:00,12,Thursday
10261,S700_3505,Quebec Home Shopping Network,25,88.15,2203.75,Ships,2004-06-17,Shipped,Montreal,Canada,0.37,2004-06-01 00:00:00,2004-04-01 00:00:00,2004-01-01 00:00:00,6,Thursday
10361,S700_2834,Souveniers And Things Co.,44,72.42,3186.48,Planes,2004-12-17,Shipped,Chatswood,Australia,0.37,2004-12-01 00:00:00,2004-10-01 00:00:00,2004-01-01 00:00:00,12,Friday
10222,S700_2466,Collectable Mini Designs Co.,37,87.75,3246.75,Planes,2004-02-19,Shipped,San Diego,USA,0.37,2004-02-01 00:00:00,2004-01-01 00:00:00,2004-01-01 00:00:00,2,Thursday
10275,S18_2581,La Rochelle Gifts,35,90.39,3163.65,Planes,2004-07-23,Shipped,Nantes,France,0.37,2004-07-01 00:00:00,2004-07-01 00:00:00,2004-01-01 00:00:00,7,Friday
10125,S18_2795,"Australian Collectors, Co.",34,100.0,6483.46,Vintage Cars,2003-05-21,Shipped,Melbourne,Australia,0.37,2003-05-01 00:00:00,2003-04-01 00:00:00,2003-01-01 00:00:00,5,Wednesday
10397,S72_3212,Alpha Cognac,34,62.24,2116.16,Ships,2005-03-28,Shipped,Toulouse,France,0.36,2005-03-01 00:00:00,2005-01-01 00:00:00,2005-01-01 00:00:00,3,Monday
10398,S700_4002,Reims Collectables,36,87.36,3144.96,Planes,2005-03-30,Shipped,Reims,France,0.36,2005-03-01 00:00:00,2005-01-01 00:00:00,2005-01-01 00:00:00,3,Wednesday
10197,S72_3212,Enaco Distributors,42,50.23,2109.66,Ships,2003-11-26,Shipped,Barcelona,Spain,0.36,2003-11-01 00:00:00,2003-10-01 00:00:00,2003-01-01 00:00:00,11,Wednesday
10211,S32_4485,Auto Canal Petit,37,100.0,4040.03,Motorcycles,2004-01-15,Shipped,Paris,France,0.36,2004-01-01 00:00:00,2004-01-01 00:00:00,2004-01-01 00:00:00,1,Thursday
10273,S700_1938,Petit Auto,21,100.0,2146.2,Ships,2004-07-21,Shipped,Bruxelles,Belgium,0.36,2004-07-01 00:00:00,2004-07-01 00:00:00,2004-01-01 00:00:00,7,Wednesday
10331,S32_2206,Motor Mint Distributors Inc.,28,100.0,4102.56,Motorcycles,2004-11-17,Shipped,Philadelphia,USA,0.36,2004-11-01 00:00:00,2004-10-01 00:00:00,2004-01-01 00:00:00,11,Wednesday
10353,S24_4278,Gift Ideas Corp.,35,89.9,3146.5,Planes,2004-12-04,Shipped,Glendale,USA,0.36,2004-12-01 00:00:00,2004-10-01 00:00:00,2004-01-01 00:00:00,12,Saturday
10308,S10_2016,Mini Classics,34,100.0,4043.96,Motorcycles,2004-10-15,Shipped,White Plains,USA,0.36,2004-10-01 00:00:00,2004-10-01 00:00:00,2004-01-01 00:00:00,10,Friday
10285,S10_1678,Marta's Replicas Co.,36,100.0,4099.68,Motorcycles,2004-08-27,Shipped,Cambridge,USA,0.36,2004-08-01 00:00:00,2004-07-01 00:00:00,2004-01-01 00:00:00,8,Friday
10261,S700_1138,Quebec Home Shopping Network,34,62.0,2108.0,Ships,2004-06-17,Shipped,Montreal,Canada,0.36,2004-06-01 00:00:00,2004-04-01 00:00:00,2004-01-01 00:00:00,6,Thursday
10199,S700_3167,West Coast Collectables Co.,38,82.4,3131.2,Planes,2003-12-01,Shipped,Burbank,USA,0.36,2003-12-01 00:00:00,2003-10-01 00:00:00,2003-01-01 00:00:00,12,Monday
10324,S24_4258,Vitachrome Inc.,33,100.0,6267.69,Vintage Cars,2004-11-05,Shipped,NYC,USA,0.36,2004-11-01 00:00:00,2004-10-01 00:00:00,2004-01-01 00:00:00,11,Friday
10145,S24_1578,Toys4GrownUps.com,43,95.8,4119.4,Motorcycles,2003-08-25,Shipped,Pasadena,USA,0.36,2003-08-01 00:00:00,2003-07-01 00:00:00,2003-01-01 00:00:00,8,Monday
10229,S18_2319,Mini Gifts Distributors Ltd.,26,100.0,3765.32,Trucks and Buses,2004-03-11,Shipped,San Rafael,USA,0.36,2004-03-01 00:00:00,2004-01-01 00:00:00,2004-01-01 00:00:00,3,Thursday
10308,S700_2466,Mini Classics,35,88.75,3106.25,Planes,2004-10-15,Shipped,White Plains,USA,0.36,2004-10-01 00:00:00,2004-10-01 00:00:00,2004-01-01 00:00:00,10,Friday
10104,S18_2319,Euro Shopping Channel,29,100.0,3772.61,Trucks and Buses,2003-01-31,Shipped,Madrid,Spain,0.36,2003-01-01 00:00:00,2003-01-01 00:00:00,2003-01-01 00:00:00,1,Friday
10318,S18_2581,Diecast Classics Inc.,31,100.0,3116.43,Planes,2004-11-02,Shipped,Allentown,USA,0.36,2004-11-01 00:00:00,2004-10-01 00:00:00,2004-01-01 00:00:00,11,Tuesday
10319,S12_2823,Microscale Inc.,30,100.0,4111.8,Motorcycles,2004-11-03,Shipped,NYC,USA,0.36,2004-11-01 00:00:00,2004-10-01 00:00:00,2004-01-01 00:00:00,11,Wednesday
10201,S12_2823,Mini Wheels Co.,25,100.0,4029.0,Motorcycles,2003-12-01,Shipped,San Francisco,USA,0.36,2003-12-01 00:00:00,2003-10-01 00:00:00,2003-01-01 00:00:00,12,Monday
10223,S10_1678,"Australian Collectors, Co.",37,100.0,3965.66,Motorcycles,2004-02-20,Shipped,Melbourne,Australia,0.35,2004-02-01 00:00:00,2004-01-01 00:00:00,2004-01-01 00:00:00,2,Friday
10110,S18_1749,"AV Stores, Co.",42,100.0,6069.0,Vintage Cars,2003-03-18,Shipped,Manchester,UK,0.35,2003-03-01 00:00:00,2003-01-01 00:00:00,2003-01-01 00:00:00,3,Tuesday
10195,S18_2319,Mini Classics,35,100.0,3608.15,Trucks and Buses,2003-11-25,Shipped,White Plains,USA,0.35,2003-11-01 00:00:00,2003-10-01 00:00:00,2003-01-01 00:00:00,11,Tuesday
10106,S18_2581,Rovelli Gifts,34,90.39,3073.26,Planes,2003-02-17,Shipped,Bergamo,Italy,0.35,2003-02-01 00:00:00,2003-01-01 00:00:00,2003-01-01 00:00:00,2,Monday
10283,S18_3029,"Royal Canadian Collectables, Ltd.",21,98.06,2059.26,Ships,2004-08-20,Shipped,Tsawassen,Canada,0.35,2004-08-01 00:00:00,2004-07-01 00:00:00,2004-01-01 00:00:00,8,Friday
10145,S24_2000,Toys4GrownUps.com,47,83.03,3902.41,Motorcycles,2003-08-25,Shipped,Pasadena,USA,0.35,2003-08-01 00:00:00,2003-07-01 00:00:00,2003-01-01 00:00:00,8,Monday
10103,S24_2300,Baane Mini Imports,36,100.0,3680.28,Trucks and Buses,2003-01-29,Shipped,Stavern,Norway,0.35,2003-01-01 00:00:00,2003-01-01 00:00:00,2003-01-01 00:00:00,1,Wednesday
10250,S24_3949,The Sharp Gifts Warehouse,40,75.06,3002.4,Planes,2004-05-11,Shipped,San Jose,USA,0.35,2004-05-01 00:00:00,2004-04-01 00:00:00,2004-01-01 00:00:00,5,Tuesday
10169,S32_4485,"Anna's Decorations, Ltd",34,100.0,3920.88,Motorcycles,2003-11-04,Shipped,North Sydney,Australia,0.35,2003-11-01 00:00:00,2003-10-01 00:00:00,2003-01-01 00:00:00,11,Tuesday
10356,S50_4713,Lyon Souveniers,26,100.0,3937.7,Motorcycles,2004-12-09,Shipped,Paris,France,0.35,2004-12-01 00:00:00,2004-10-01 00:00:00,2004-01-01 00:00:00,12,Thursday
10293,S700_1938,Amica Models & Co.,29,71.89,2084.81,Ships,2004-09-09,Shipped,Torino,Italy,0.35,2004-09-01 00:00:00,2004-07-01 00:00:00,2004-01-01 00:00:00,9,Thursday
10306,S72_3212,"AV Stores, Co.",35,59.51,2082.85,Ships,2004-10-14,Shipped,Manchester,UK,0.35,2004-10-01 00:00:00,2004-10-01 00:00:00,2004-01-01 00:00:00,10,Thursday
10142,S18_3140,Mini Gifts Distributors Ltd.,47,100.0,6034.33,Vintage Cars,2003-08-08,Shipped,San Rafael,USA,0.35,2003-08-01 00:00:00,2003-07-01 00:00:00,2003-01-01 00:00:00,8,Friday
10104,S50_1392,Euro Shopping Channel,33,100.0,3705.24,Trucks and Buses,2003-01-31,Shipped,Madrid,Spain,0.35,2003-01-01 00:00:00,2003-01-01 00:00:00,2003-01-01 00:00:00,1,Friday
10243,S18_2325,Diecast Collectables,47,100.0,6154.18,Vintage Cars,2004-04-26,Shipped,Boston,USA,0.35,2004-04-01 00:00:00,2004-04-01 00:00:00,2004-01-01 00:00:00,4,Monday
10337,S24_2011,Classic Legends Inc.,29,71.97,2087.13,Ships,2004-11-21,Shipped,NYC,USA,0.35,2004-11-01 00:00:00,2004-10-01 00:00:00,2004-01-01 00:00:00,11,Sunday
10375,S700_1691,La Rochelle Gifts,37,81.87,3029.19,Planes,2005-02-03,Shipped,Nantes,France,0.35,2005-02-01 00:00:00,2005-01-01 00:00:00,2005-01-01 00:00:00,2,Thursday
10129,S72_3212,"Stylish Desk Decors, Co.",32,64.97,2079.04,Ships,2003-06-12,Shipped,London,UK,0.35,2003-06-01 00:00:00,2003-04-01 00:00:00,2003-01-01 00:00:00,6,Thursday
10114,S32_1268,"La Corne D'abondance, Co.",32,100.0,3667.52,Trucks and Buses,2003-04-01,Shipped,Paris,France,0.35,2003-04-01 00:00:00,2003-04-01 00:00:00,2003-01-01 00:00:00,4,Tuesday
10389,S24_2000,Scandinavian Gift Ideas,49,81.4,3988.6,Motorcycles,2005-03-03,Shipped,Boras,Sweden,0.35,2005-03-01 00:00:00,2005-01-01 00:00:00,2005-01-01 00:00:00,3,Thursday
10134,S10_1678,Lyon Souveniers,41,94.74,3884.34,Motorcycles,2003-07-01,Shipped,Paris,France,0.34,2003-07-01 00:00:00,2003-07-01 00:00:00,2003-01-01 00:00:00,7,Tuesday
10169,S50_4713,"Anna's Decorations, Ltd",48,80.55,3866.4,Motorcycles,2003-11-04,Shipped,North Sydney,Australia,0.34,2003-11-01 00:00:00,2003-10-01 00:00:00,2003-01-01 00:00:00,11,Tuesday
10107,S10_2016,Land of Toys Inc.,39,99.91,3896.49,Motorcycles,2003-02-24,Shipped,NYC,USA,0.34,2003-02-01 00:00:00,2003-01-01 00:00:00,2003-01-01 00:00:00,2,Monday
10105,S700_2610,Danish Wholesale Imports,31,65.77,2038.87,Ships,2003-02-11,Shipped,Kobenhavn,Denmark,0.34,2003-02-01 00:00:00,2003-01-01 00:00:00,2003-01-01 00:00:00,2,Tuesday
10374,S10_4698,"Australian Gift Network, Co",22,100.0,3834.38,Motorcycles,2005-02-02,Shipped,South Brisbane,Australia,0.34,2005-02-01 00:00:00,2005-01-01 00:00:00,2005-01-01 00:00:00,2,Wednesday
10235,S700_3167,"Royal Canadian Collectables, Ltd.",32,92.0,2944.0,Planes,2004-04-02,Shipped,Tsawassen,Canada,0.34,2004-04-01 00:00:00,2004-04-01 00:00:00,2004-01-01 00:00:00,4,Friday
10250,S700_3167,The Sharp Gifts Warehouse,44,67.2,2956.8,Planes,2004-05-11,Shipped,San Jose,USA,0.34,2004-05-01 00:00:00,2004-04-01 00:00:00,2004-01-01 00:00:00,5,Tuesday
10177,S72_3212,CAF Imports,40,50.23,2009.2,Ships,2003-11-07,Shipped,Madrid,Spain,0.34,2003-11-01 00:00:00,2003-10-01 00:00:00,2003-01-01 00:00:00,11,Friday
10347,S12_1666,"Australian Collectors, Co.",29,100.0,3586.43,Trucks and Buses,2004-11-29,Shipped,Melbourne,Australia,0.34,2004-11-01 00:00:00,2004-10-01 00:00:00,2004-01-01 00:00:00,11,Monday
10362,S12_2823,Technics Stores Inc.,22,100.0,3877.06,Motorcycles,2005-01-05,Shipped,Burlingame,USA,0.34,2005-01-01 00:00:00,2005-01-01 00:00:00,2005-01-01 00:00:00,1,Wednesday
10375,S12_2823,La Rochelle Gifts,49,78.92,3867.08,Motorcycles,2005-02-03,Shipped,Nantes,France,0.34,2005-02-01 00:00:00,2005-01-01 00:00:00,2005-01-01 00:00:00,2,Thursday
10175,S12_4473,"Stylish Desk Decors, Co.",26,100.0,3543.28,Trucks and Buses,2003-11-06,Shipped,London,UK,0.34,2003-11-01 00:00:00,2003-10-01 00:00:00,2003-01-01 00:00:00,11,Thursday
10106,S700_4002,Rovelli Gifts,48,61.44,2949.12,Planes,2003-02-17,Shipped,Bergamo,Italy,0.34,2003-02-01 00:00:00,2003-01-01 00:00:00,2003-01-01 00:00:00,2,Monday
10149,S18_1342,Signal Collectibles Ltd.,50,100.0,5907.5,Vintage Cars,2003-09-12,Shipped,Brisbane,USA,0.34,2003-09-01 00:00:00,2003-07-01 00:00:00,2003-01-01 00:00:00,9,Friday
10194,S32_1268,"Saveley & Henriot, Co.",37,97.27,3598.99,Trucks and Buses,2003-11-25,Shipped,Lyon,France,0.34,2003-11-01 00:00:00,2003-10-01 00:00:00,2003-01-01 00:00:00,11,Tuesday
10374,S18_2581,"Australian Gift Network, Co",42,69.27,2909.34,Planes,2005-02-02,Shipped,South Brisbane,Australia,0.34,2005-02-01 00:00:00,2005-01-01 00:00:00,2005-01-01 00:00:00,2,Wednesday
10244,S18_2795,Euro Shopping Channel,43,100.0,5950.34,Vintage Cars,2004-04-29,Shipped,Madrid,Spain,0.34,2004-04-01 00:00:00,2004-04-01 00:00:00,2004-01-01 00:00:00,4,Thursday
10210,S700_4002,Osaka Souveniers Co.,42,70.33,2953.86,Planes,2004-01-12,Shipped,Osaka,Japan,0.34,2004-01-01 00:00:00,2004-01-01 00:00:00,2004-01-01 00:00:00,1,Monday
10296,S18_3029,"Bavarian Collectables Imports, Co.",21,96.34,2023.14,Ships,2004-09-15,Shipped,Munich,Germany,0.34,2004-09-01 00:00:00,2004-07-01 00:00:00,2004-01-01 00:00:00,9,Wednesday
10316,S18_3029,giftsbymail.co.uk,21,94.62,1987.02,Ships,2004-11-01,Shipped,Cowes,UK,0.34,2004-11-01 00:00:00,2004-10-01 00:00:00,2004-01-01 00:00:00,11,Monday
10398,S18_3029,Reims Collectables,28,72.26,2023.28,Ships,2005-03-30,Shipped,Reims,France,0.34,2005-03-01 00:00:00,2005-01-01 00:00:00,2005-01-01 00:00:00,3,Wednesday
10143,S700_4002,Mini Creations Ltd.,34,85.87,2919.58,Planes,2003-08-10,Shipped,New Bedford,USA,0.34,2003-08-01 00:00:00,2003-07-01 00:00:00,2003-01-01 00:00:00,8,Sunday
10357,S18_4600,Mini Gifts Distributors Ltd.,28,100.0,3559.64,Trucks and Buses,2004-12-10,Shipped,San Rafael,USA,0.34,2004-12-01 00:00:00,2004-10-01 00:00:00,2004-01-01 00:00:00,12,Friday
10204,S18_1749,Muscle Machine Inc,33,100.0,5890.5,Vintage Cars,2003-12-02,Shipped,NYC,USA,0.34,2003-12-01 00:00:00,2003-10-01 00:00:00,2003-01-01 00:00:00,12,Tuesday
10105,S700_1938,Danish Wholesale Imports,29,70.15,2034.35,Ships,2003-02-11,Shipped,Kobenhavn,Denmark,0.34,2003-02-01 00:00:00,2003-01-01 00:00:00,2003-01-01 00:00:00,2,Tuesday
10214,S18_1749,"Corrida Auto Replicas, Ltd",30,100.0,5967.0,Vintage Cars,2004-01-26,Shipped,Madrid,Spain,0.34,2004-01-01 00:00:00,2004-01-01 00:00:00,2004-01-01 00:00:00,1,Monday
10246,S24_2300,Euro Shopping Channel,29,100.0,3520.6,Trucks and Buses,2004-05-05,Shipped,Madrid,Spain,0.34,2004-05-01 00:00:00,2004-04-01 00:00:00,2004-01-01 00:00:00,5,Wednesday
10288,S18_1749,Handji Gifts& Co,32,100.0,5875.2,Vintage Cars,2004-09-01,Shipped,Singapore,Singapore,0.34,2004-09-01 00:00:00,2004-07-01 00:00:00,2004-01-01 00:00:00,9,Wednesday
10224,S50_4713,Daedalus Designs Imports,50,77.29,3864.5,Motorcycles,2004-02-21,Shipped,Lille,France,0.34,2004-02-01 00:00:00,2004-01-01 00:00:00,2004-01-01 00:00:00,2,Saturday
10317,S24_4278,Technics Stores Inc.,35,83.32,2916.2,Planes,2004-11-02,Shipped,Burlingame,USA,0.34,2004-11-01 00:00:00,2004-10-01 00:00:00,2004-01-01 00:00:00,11,Tuesday
10322,S18_2795,Online Diecast Creations Co.,36,100.0,5797.44,Vintage Cars,2004-11-04,Shipped,Nashua,USA,0.33,2004-11-01 00:00:00,2004-10-01 00:00:00,2004-01-01 00:00:00,11,Thursday
10210,S700_2834,Osaka Souveniers Co.,25,100.0,2818.0,Planes,2004-01-12,Shipped,Osaka,Japan,0.33,2004-01-01 00:00:00,2004-01-01 00:00:00,2004-01-01 00:00:00,1,Monday
10210,S24_4278,Osaka Souveniers Co.,40,71.0,2840.0,Planes,2004-01-12,Shipped,Osaka,Japan,0.33,2004-01-01 00:00:00,2004-01-01 00:00:00,2004-01-01 00:00:00,1,Monday
10343,S32_2206,Reims Collectables,29,100.0,3713.16,Motorcycles,2004-11-24,Shipped,Reims,France,0.33,2004-11-01 00:00:00,2004-10-01 00:00:00,2004-01-01 00:00:00,11,Wednesday
10283,S700_3505,"Royal Canadian Collectables, Ltd.",22,88.15,1939.3,Ships,2004-08-20,Shipped,Tsawassen,Canada,0.33,2004-08-01 00:00:00,2004-07-01 00:00:00,2004-01-01 00:00:00,8,Friday
10339,S700_4002,"Tokyo Collectables, Ltd",50,57.86,2893.0,Planes,2004-11-23,Shipped,Minato-ku,Japan,0.33,2004-11-01 00:00:00,2004-10-01 00:00:00,2004-01-01 00:00:00,11,Tuesday
10293,S72_3212,Amica Models & Co.,32,60.06,1921.92,Ships,2004-09-09,Shipped,Torino,Italy,0.33,2004-09-01 00:00:00,2004-07-01 00:00:00,2004-01-01 00:00:00,9,Thursday
10263,S10_1678,Gift Depot Inc.,34,100.0,3676.76,Motorcycles,2004-06-28,Shipped,Bridgewater,USA,0.33,2004-06-01 00:00:00,2004-04-01 00:00:00,2004-01-01 00:00:00,6,Monday
10371,S24_2300,Mini Gifts Distributors Ltd.,20,100.0,3449.4,Trucks and Buses,2005-01-23,Shipped,San Rafael,USA,0.33,2005-01-01 00:00:00,2005-01-01 00:00:00,2005-01-01 00:00:00,1,Sunday
10291,S18_2949,Scandinavian Gift Ideas,47,100.0,5713.79,Vintage Cars,2004-09-08,Shipped,Boras,Sweden,0.33,2004-09-01 00:00:00,2004-07-01 00:00:00,2004-01-01 00:00:00,9,Wednesday
10103,S12_1666,Baane Mini Imports,27,100.0,3394.98,Trucks and Buses,2003-01-29,Shipped,Stavern,Norway,0.33,2003-01-01 00:00:00,2003-01-01 00:00:00,2003-01-01 00:00:00,1,Wednesday
10385,S700_1138,Mini Gifts Distributors Ltd.,25,77.34,1933.5,Ships,2005-02-28,Shipped,San Rafael,USA,0.33,2005-02-01 00:00:00,2005-01-01 00:00:00,2005-01-01 00:00:00,2,Monday
10222,S700_1138,Collectable Mini Designs Co.,31,62.67,1942.77,Ships,2004-02-19,Shipped,San Diego,USA,0.33,2004-02-01 00:00:00,2004-01-01 00:00:00,2004-01-01 00:00:00,2,Thursday
10328,S24_2841,Rovelli Gifts,48,58.92,2828.16,Planes,2004-11-12,Shipped,Bergamo,Italy,0.33,2004-11-01 00:00:00,2004-10-01 00:00:00,2004-01-01 00:00:00,11,Friday
10263,S18_2581,Gift Depot Inc.,33,86.17,2843.61,Planes,2004-06-28,Shipped,Bridgewater,USA,0.33,2004-06-01 00:00:00,2004-04-01 00:00:00,2004-01-01 00:00:00,6,Monday
10198,S24_3949,Cruz & Sons Co.,43,66.19,2846.17,Planes,2003-11-27,Shipped,Makati City,Philippines,0.33,2003-11-01 00:00:00,2003-10-01 00:00:00,2003-01-01 00:00:00,11,Thursday
10283,S18_3856,"Royal Canadian Collectables, Ltd.",46,100.0,5795.54,Vintage Cars,2004-08-20,Shipped,Tsawassen,Canada,0.33,2004-08-01 00:00:00,2004-07-01 00:00:00,2004-01-01 00:00:00,8,Friday
10316,S24_1785,giftsbymail.co.uk,25,100.0,2872.25,Planes,2004-11-01,Shipped,Cowes,UK,0.33,2004-11-01 00:00:00,2004-10-01 00:00:00,2004-01-01 00:00:00,11,Monday
10412,S50_1392,Euro Shopping Channel,26,100.0,3460.86,Trucks and Buses,2005-05-03,Shipped,Madrid,Spain,0.33,2005-05-01 00:00:00,2005-04-01 00:00:00,2005-01-01 00:00:00,5,Tuesday
10210,S32_1374,Osaka Souveniers Co.,46,79.91,3675.86,Motorcycles,2004-01-12,Shipped,Osaka,Japan,0.33,2004-01-01 00:00:00,2004-01-01 00:00:00,2004-01-01 00:00:00,1,Monday
10184,S24_2300,"Iberia Gift Imports, Corp.",24,100.0,3496.32,Trucks and Buses,2003-11-14,Shipped,Sevilla,Spain,0.33,2003-11-01 00:00:00,2003-10-01 00:00:00,2003-01-01 00:00:00,11,Friday
10126,S24_2300,"Corrida Auto Replicas, Ltd",27,100.0,3415.77,Trucks and Buses,2003-05-28,Shipped,Madrid,Spain,0.33,2003-05-01 00:00:00,2003-04-01 00:00:00,2003-01-01 00:00:00,5,Wednesday
10285,S24_1578,Marta's Replicas Co.,34,100.0,3716.88,Motorcycles,2004-08-27,Shipped,Cambridge,USA,0.33,2004-08-01 00:00:00,2004-07-01 00:00:00,2004-01-01 00:00:00,8,Friday
10314,S50_1392,Heintze Collectables,28,100.0,3403.12,Trucks and Buses,2004-10-22,Shipped,Aaarhus,Denmark,0.33,2004-10-01 00:00:00,2004-10-01 00:00:00,2004-01-01 00:00:00,10,Friday
10336,S18_3140,"La Corne D'abondance, Co.",48,100.0,5778.24,Vintage Cars,2004-11-20,Shipped,Paris,France,0.33,2004-11-01 00:00:00,2004-10-01 00:00:00,2004-01-01 00:00:00,11,Saturday
10275,S700_1691,La Rochelle Gifts,32,89.51,2864.32,Planes,2004-07-23,Shipped,Nantes,France,0.33,2004-07-01 00:00:00,2004-07-01 00:00:00,2004-01-01 00:00:00,7,Friday
10145,S10_1678,Toys4GrownUps.com,45,83.26,3746.7,Motorcycles,2003-08-25,Shipped,Pasadena,USA,0.33,2003-08-01 00:00:00,2003-07-01 00:00:00,2003-01-01 00:00:00,8,Monday
10250,S700_1691,The Sharp Gifts Warehouse,31,91.34,2831.54,Planes,2004-05-11,Shipped,San Jose,USA,0.33,2004-05-01 00:00:00,2004-04-01 00:00:00,2004-01-01 00:00:00,5,Tuesday
10313,S18_2319,Canadian Gift Exchange Network,29,100.0,3416.78,Trucks and Buses,2004-10-22,Shipped,Vancouver,Canada,0.33,2004-10-01 00:00:00,2004-10-01 00:00:00,2004-01-01 00:00:00,10,Friday
10353,S32_1374,Gift Ideas Corp.,46,81.17,3733.82,Motorcycles,2004-12-04,Shipped,Glendale,USA,0.33,2004-12-01 00:00:00,2004-10-01 00:00:00,2004-01-01 00:00:00,12,Saturday
10245,S18_1097,Super Scale Inc.,29,100.0,3451.0,Trucks and Buses,2004-05-04,Shipped,New Haven,USA,0.33,2004-05-01 00:00:00,2004-04-01 00:00:00,2004-01-01 00:00:00,5,Tuesday
10229,S12_1666,Mini Gifts Distributors Ltd.,25,100.0,3451.0,Trucks and Buses,2004-03-11,Shipped,San Rafael,USA,0.33,2004-03-01 00:00:00,2004-01-01 00:00:00,2004-01-01 00:00:00,3,Thursday
10295,S700_1138,Gifts4AllAges.com,26,75.34,1958.84,Ships,2004-09-10,Shipped,Boston,USA,0.33,2004-09-01 00:00:00,2004-07-01 00:00:00,2004-01-01 00:00:00,9,Friday
10113,S12_1666,Mini Gifts Distributors Ltd.,21,100.0,3415.44,Trucks and Buses,2003-03-26,Shipped,San Rafael,USA,0.33,2003-03-01 00:00:00,2003-01-01 00:00:00,2003-01-01 00:00:00,3,Wednesday
10103,S32_3522,Baane Mini Imports,45,75.63,3403.35,Trucks and Buses,2003-01-29,Shipped,Stavern,Norway,0.33,2003-01-01 00:00:00,2003-01-01 00:00:00,2003-01-01 00:00:00,1,Wednesday
10298,S10_2016,Atelier graphique,39,96.34,3757.26,Motorcycles,2004-09-27,Shipped,Nantes,France,0.33,2004-09-01 00:00:00,2004-07-01 00:00:00,2004-01-01 00:00:00,9,Monday
10373,S24_3949,"Oulu Toy Supplies, Inc.",39,73.0,2847.0,Planes,2005-01-31,Shipped,Oulu,Finland,0.33,2005-01-01 00:00:00,2005-01-01 00:00:00,2005-01-01 00:00:00,1,Monday
10168,S10_2016,Technics Stores Inc.,27,100.0,3660.93,Motorcycles,2003-10-28,Shipped,Burlingame,USA,0.32,2003-10-01 00:00:00,2003-10-01 00:00:00,2003-01-01 00:00:00,10,Tuesday
10285,S32_1374,Marta's Replicas Co.,37,98.89,3658.93,Motorcycles,2004-08-27,Shipped,Cambridge,USA,0.32,2004-08-01 00:00:00,2004-07-01 00:00:00,2004-01-01 00:00:00,8,Friday
10362,S10_4698,Technics Stores Inc.,22,100.0,3664.1,Motorcycles,2005-01-05,Shipped,Burlingame,USA,0.32,2005-01-01 00:00:00,2005-01-01 00:00:00,2005-01-01 00:00:00,1,Wednesday
10151,S12_4473,"Oulu Toy Supplies, Inc.",24,100.0,3327.6,Trucks and Buses,2003-09-21,Shipped,Oulu,Finland,0.32,2003-09-01 00:00:00,2003-07-01 00:00:00,2003-01-01 00:00:00,9,Sunday
10207,S12_4473,Diecast Collectables,34,99.54,3384.36,Trucks and Buses,2003-12-09,Shipped,Boston,USA,0.32,2003-12-01 00:00:00,2003-10-01 00:00:00,2003-01-01 00:00:00,12,Tuesday
10228,S18_1097,Cambridge Collectables Co.,32,100.0,3360.0,Trucks and Buses,2004-03-10,Shipped,Cambridge,USA,0.32,2004-03-01 00:00:00,2004-01-01 00:00:00,2004-01-01 00:00:00,3,Wednesday
10391,S18_1342,"Anna's Decorations, Ltd",35,100.0,5548.9,Vintage Cars,2005-03-09,Shipped,North Sydney,Australia,0.32,2005-03-01 00:00:00,2005-01-01 00:00:00,2005-01-01 00:00:00,3,Wednesday
10131,S18_1662,Gift Ideas Corp.,21,100.0,2781.66,Planes,2003-06-16,Shipped,Glendale,USA,0.32,2003-06-01 00:00:00,2003-04-01 00:00:00,2003-01-01 00:00:00,6,Monday
10259,S18_2319,Handji Gifts& Co,34,99.41,3379.94,Trucks and Buses,2004-06-15,Shipped,Singapore,Singapore,0.32,2004-06-01 00:00:00,2004-04-01 00:00:00,2004-01-01 00:00:00,6,Tuesday
10339,S18_2581,"Tokyo Collectables, Ltd",27,100.0,2810.7,Planes,2004-11-23,Shipped,Minato-ku,Japan,0.32,2004-11-01 00:00:00,2004-10-01 00:00:00,2004-01-01 00:00:00,11,Tuesday
10227,S18_2795,"Saveley & Henriot, Co.",29,100.0,5579.02,Vintage Cars,2004-03-02,Shipped,Lyon,France,0.32,2004-03-01 00:00:00,2004-01-01 00:00:00,2004-01-01 00:00:00,3,Tuesday
10188,S10_2016,Herkku Gifts,38,96.34,3660.92,Motorcycles,2003-11-18,Shipped,Bergen,Norway,0.32,2003-11-01 00:00:00,2003-10-01 00:00:00,2003-01-01 00:00:00,11,Tuesday
10174,S18_2949,"Australian Gift Network, Co",46,100.0,5592.22,Vintage Cars,2003-11-06,Shipped,South Brisbane,Australia,0.32,2003-11-01 00:00:00,2003-10-01 00:00:00,2003-01-01 00:00:00,11,Thursday
10215,S18_2949,West Coast Collectables Co.,49,100.0,5510.05,Vintage Cars,2004-01-29,Shipped,Burbank,USA,0.32,2004-01-01 00:00:00,2004-01-01 00:00:00,2004-01-01 00:00:00,1,Thursday
10119,S18_3029,Salzburg Collectables,21,89.46,1878.66,Ships,2003-04-28,Shipped,Salzburg,Austria,0.32,2003-04-01 00:00:00,2003-04-01 00:00:00,2003-01-01 00:00:00,4,Monday
10373,S18_3029,"Oulu Toy Supplies, Inc.",22,86.74,1908.28,Ships,2005-01-31,Shipped,Oulu,Finland,0.32,2005-01-01 00:00:00,2005-01-01 00:00:00,2005-01-01 00:00:00,1,Monday
10134,S24_2000,Lyon Souveniers,43,83.03,3570.29,Motorcycles,2003-07-01,Shipped,Paris,France,0.32,2003-07-01 00:00:00,2003-07-01 00:00:00,2003-01-01 00:00:00,7,Tuesday
10188,S24_2000,Herkku Gifts,40,91.4,3656.0,Motorcycles,2003-11-18,Shipped,Bergen,Norway,0.32,2003-11-01 00:00:00,2003-10-01 00:00:00,2003-01-01 00:00:00,11,Tuesday
10405,S24_3856,Mini Caravy,76,100.0,11739.7,Classic Cars,2005-04-14,Shipped,Strasbourg,France,0.32,2005-04-01 00:00:00,2005-04-01 00:00:00,2005-01-01 00:00:00,4,Thursday
10398,S24_3949,Reims Collectables,41,68.24,2797.84,Planes,2005-03-30,Shipped,Reims,France,0.32,2005-03-01 00:00:00,2005-01-01 00:00:00,2005-01-01 00:00:00,3,Wednesday
10145,S24_4278,Toys4GrownUps.com,33,84.77,2797.41,Planes,2003-08-25,Shipped,Pasadena,USA,0.32,2003-08-01 00:00:00,2003-07-01 00:00:00,2003-01-01 00:00:00,8,Monday
10250,S24_4278,The Sharp Gifts Warehouse,37,74.62,2760.94,Planes,2004-05-11,Shipped,San Jose,USA,0.32,2004-05-01 00:00:00,2004-04-01 00:00:00,2004-01-01 00:00:00,5,Tuesday
10190,S32_4485,Euro Shopping Channel,42,85.72,3600.24,Motorcycles,2003-11-19,Shipped,Madrid,Spain,0.32,2003-11-01 00:00:00,2003-10-01 00:00:00,2003-01-01 00:00:00,11,Wednesday
10331,S50_4713,Motor Mint Distributors Inc.,20,100.0,3657.8,Motorcycles,2004-11-17,Shipped,Philadelphia,USA,0.32,2004-11-01 00:00:00,2004-10-01 00:00:00,2004-01-01 00:00:00,11,Wednesday
10119,S700_1138,Salzburg Collectables,25,76.67,1916.75,Ships,2003-04-28,Shipped,Salzburg,Austria,0.32,2003-04-01 00:00:00,2003-04-01 00:00:00,2003-01-01 00:00:00,4,Monday
10131,S700_2047,Gift Ideas Corp.,22,85.99,1891.78,Ships,2003-06-16,Shipped,Glendale,USA,0.32,2003-06-01 00:00:00,2003-04-01 00:00:00,2003-01-01 00:00:00,6,Monday
10283,S700_2047,"Royal Canadian Collectables, Ltd.",20,94.14,1882.8,Ships,2004-08-20,Shipped,Tsawassen,Canada,0.32,2004-08-01 00:00:00,2004-07-01 00:00:00,2004-01-01 00:00:00,8,Friday
10412,S18_3232,Euro Shopping Channel,60,100.0,11887.8,Classic Cars,2005-05-03,Shipped,Madrid,Spain,0.32,2005-05-01 00:00:00,2005-04-01 00:00:00,2005-01-01 00:00:00,5,Tuesday
10145,S700_2834,Toys4GrownUps.com,20,100.0,2752.6,Planes,2003-08-25,Shipped,Pasadena,USA,0.32,2003-08-01 00:00:00,2003-07-01 00:00:00,2003-01-01 00:00:00,8,Monday
10168,S700_1691,Technics Stores Inc.,28,98.65,2762.2,Planes,2003-10-28,Shipped,Burlingame,USA,0.32,2003-10-01 00:00:00,2003-10-01 00:00:00,2003-01-01 00:00:00,10,Tuesday
10128,S18_3140,Euro Shopping Channel,41,100.0,5544.02,Vintage Cars,2003-06-06,Shipped,Madrid,Spain,0.32,2003-06-01 00:00:00,2003-04-01 00:00:00,2003-01-01 00:00:00,6,Friday
10249,S18_3856,Cambridge Collectables Co.,46,100.0,5600.5,Vintage Cars,2004-05-08,Shipped,Cambridge,USA,0.32,2004-05-01 00:00:00,2004-04-01 00:00:00,2004-01-01 00:00:00,5,Saturday
10316,S700_1691,giftsbymail.co.uk,34,82.21,2795.14,Planes,2004-11-01,Shipped,Cowes,UK,0.32,2004-11-01 00:00:00,2004-10-01 00:00:00,2004-01-01 00:00:00,11,Monday
10398,S700_2834,Reims Collectables,23,100.0,2810.83,Planes,2005-03-30,Shipped,Reims,France,0.32,2005-03-01 00:00:00,2005-01-01 00:00:00,2005-01-01 00:00:00,3,Wednesday
10328,S700_1691,Rovelli Gifts,27,100.0,2762.1,Planes,2004-11-12,Shipped,Bergamo,Italy,0.32,2004-11-01 00:00:00,2004-10-01 00:00:00,2004-01-01 00:00:00,11,Friday
10316,S700_4002,giftsbymail.co.uk,44,62.19,2736.36,Planes,2004-11-01,Shipped,Cowes,UK,0.32,2004-11-01 00:00:00,2004-10-01 00:00:00,2004-01-01 00:00:00,11,Monday
10361,S700_2466,Souveniers And Things Co.,26,100.0,2754.7,Planes,2004-12-17,Shipped,Chatswood,Australia,0.32,2004-12-01 00:00:00,2004-10-01 00:00:00,2004-01-01 00:00:00,12,Friday
10271,S50_1392,Mini Gifts Distributors Ltd.,34,98.39,3345.26,Trucks and Buses,2004-07-20,Shipped,San Rafael,USA,0.32,2004-07-01 00:00:00,2004-07-01 00:00:00,2004-01-01 00:00:00,7,Tuesday
10363,S24_2000,Suominen Souveniers,21,100.0,3595.62,Motorcycles,2005-01-06,Shipped,Espoo,Finland,0.32,2005-01-01 00:00:00,2005-01-01 00:00:00,2005-01-01 00:00:00,1,Thursday
10338,S18_3856,Royale Belge,45,100.0,5526.45,Vintage Cars,2004-11-22,Shipped,Charleroi,Belgium,0.32,2004-11-01 00:00:00,2004-10-01 00:00:00,2004-01-01 00:00:00,11,Monday
10108,S32_4485,Cruz & Sons Co.,31,100.0,3669.78,Motorcycles,2003-03-03,Shipped,Makati City,Philippines,0.32,2003-03-01 00:00:00,2003-01-01 00:00:00,2003-01-01 00:00:00,3,Monday
10178,S24_2841,Alpha Cognac,34,80.84,2748.56,Planes,2003-11-08,Shipped,Toulouse,France,0.32,2003-11-01 00:00:00,2003-10-01 00:00:00,2003-01-01 00:00:00,11,Saturday
10250,S24_1785,The Sharp Gifts Warehouse,31,88.63,2747.53,Planes,2004-05-11,Shipped,San Jose,USA,0.32,2004-05-01 00:00:00,2004-04-01 00:00:00,2004-01-01 00:00:00,5,Tuesday
10139,S18_2949,Souveniers And Things Co.,46,100.0,5545.76,Vintage Cars,2003-07-16,Shipped,Chatswood,Australia,0.32,2003-07-01 00:00:00,2003-07-01 00:00:00,2003-01-01 00:00:00,7,Wednesday
10416,S700_4002,L'ordine Souveniers,43,62.19,2674.17,Planes,2005-05-10,Shipped,Reggio Emilia,Italy,0.31,2005-05-01 00:00:00,2005-04-01 00:00:00,2005-01-01 00:00:00,5,Tuesday
10177,S700_1138,CAF Imports,24,76.0,1824.0,Ships,2003-11-07,Shipped,Madrid,Spain,0.31,2003-11-01 00:00:00,2003-10-01 00:00:00,2003-01-01 00:00:00,11,Friday
10312,S10_1949,Mini Gifts Distributors Ltd.,48,100.0,11623.7,Classic Cars,2004-10-21,Shipped,San Rafael,USA,0.31,2004-10-01 00:00:00,2004-10-01 00:00:00,2004-01-01 00:00:00,10,Thursday
10210,S24_1785,Osaka Souveniers Co.,27,98.48,2658.96,Planes,2004-01-12,Shipped,Osaka,Japan,0.31,2004-01-01 00:00:00,2004-01-01 00:00:00,2004-01-01 00:00:00,1,Monday
10333,S12_1666,Mini Wheels Co.,33,99.21,3273.93,Trucks and Buses,2004-11-18,Shipped,San Francisco,USA,0.31,2004-11-01 00:00:00,2004-10-01 00:00:00,2004-01-01 00:00:00,11,Thursday
10329,S12_2823,Land of Toys Inc.,24,100.0,3542.64,Motorcycles,2004-11-15,Shipped,NYC,USA,0.31,2004-11-01 00:00:00,2004-10-01 00:00:00,2004-01-01 00:00:00,11,Monday
10411,S18_1097,Quebec Home Shopping Network,27,100.0,3213.0,Trucks and Buses,2005-05-01,Shipped,Montreal,Canada,0.31,2005-05-01 00:00:00,2005-04-01 00:00:00,2005-01-01 00:00:00,5,Sunday
10308,S700_4002,Mini Classics,39,68.11,2656.29,Planes,2004-10-15,Shipped,White Plains,USA,0.31,2004-10-01 00:00:00,2004-10-01 00:00:00,2004-01-01 00:00:00,10,Friday
10250,S18_2581,The Sharp Gifts Warehouse,27,98.84,2668.68,Planes,2004-05-11,Shipped,San Jose,USA,0.31,2004-05-01 00:00:00,2004-04-01 00:00:00,2004-01-01 00:00:00,5,Tuesday
10149,S18_1749,Signal Collectibles Ltd.,34,100.0,5375.4,Vintage Cars,2003-09-12,Shipped,Brisbane,USA,0.31,2003-09-01 00:00:00,2003-07-01 00:00:00,2003-01-01 00:00:00,9,Friday
10210,S700_3167,Osaka Souveniers Co.,31,86.4,2678.4,Planes,2004-01-12,Shipped,Osaka,Japan,0.31,2004-01-01 00:00:00,2004-01-01 00:00:00,2004-01-01 00:00:00,1,Monday
10379,S18_1749,Euro Shopping Channel,39,100.0,5399.55,Vintage Cars,2005-02-10,Shipped,Madrid,Spain,0.31,2005-02-01 00:00:00,2005-01-01 00:00:00,2005-01-01 00:00:00,2,Thursday
10316,S700_2466,giftsbymail.co.uk,23,100.0,2706.41,Planes,2004-11-01,Shipped,Cowes,UK,0.31,2004-11-01 00:00:00,2004-10-01 00:00:00,2004-01-01 00:00:00,11,Monday
10185,S72_3212,Mini Creations Ltd.,28,64.43,1804.04,Ships,2003-11-14,Shipped,New Bedford,USA,0.31,2003-11-01 00:00:00,2003-10-01 00:00:00,2003-01-01 00:00:00,11,Friday
10276,S24_2360,Online Mini Collectables,46,75.49,3472.54,Motorcycles,2004-08-02,Shipped,Brickhaven,USA,0.31,2004-08-01 00:00:00,2004-07-01 00:00:00,2004-01-01 00:00:00,8,Monday
10133,S700_2834,Euro Shopping Channel,27,99.67,2691.09,Planes,2003-06-27,Shipped,Madrid,Spain,0.31,2003-06-01 00:00:00,2003-04-01 00:00:00,2003-01-01 00:00:00,6,Friday
10340,S700_1691,Enaco Distributors,30,88.6,2658.0,Planes,2004-11-24,Shipped,Barcelona,Spain,0.31,2004-11-01 00:00:00,2004-10-01 00:00:00,2004-01-01 00:00:00,11,Wednesday
10178,S18_3856,Alpha Cognac,48,100.0,5386.56,Vintage Cars,2003-11-08,Shipped,Toulouse,France,0.31,2003-11-01 00:00:00,2003-10-01 00:00:00,2003-01-01 00:00:00,11,Saturday
10373,S24_2841,"Oulu Toy Supplies, Inc.",38,70.44,2676.72,Planes,2005-01-31,Shipped,Oulu,Finland,0.31,2005-01-01 00:00:00,2005-01-01 00:00:00,2005-01-01 00:00:00,1,Monday
10151,S50_1392,"Oulu Toy Supplies, Inc.",26,100.0,3220.1,Trucks and Buses,2003-09-21,Shipped,Oulu,Finland,0.31,2003-09-01 00:00:00,2003-07-01 00:00:00,2003-01-01 00:00:00,9,Sunday
10305,S24_2300,Marta's Replicas Co.,24,100.0,3189.6,Trucks and Buses,2004-10-13,Shipped,Cambridge,USA,0.31,2004-10-01 00:00:00,2004-10-01 00:00:00,2004-01-01 00:00:00,10,Wednesday
10222,S24_3949,Collectable Mini Designs Co.,48,56.64,2718.72,Planes,2004-02-19,Shipped,San Diego,USA,0.31,2004-02-01 00:00:00,2004-01-01 00:00:00,2004-01-01 00:00:00,2,Thursday
10328,S24_3949,Rovelli Gifts,35,76.43,2675.05,Planes,2004-11-12,Shipped,Bergamo,Italy,0.31,2004-11-01 00:00:00,2004-10-01 00:00:00,2004-01-01 00:00:00,11,Friday
10103,S32_1268,Baane Mini Imports,31,100.0,3224.31,Trucks and Buses,2003-01-29,Shipped,Stavern,Norway,0.31,2003-01-01 00:00:00,2003-01-01 00:00:00,2003-01-01 00:00:00,1,Wednesday
10329,S24_2000,Land of Toys Inc.,37,94.43,3493.91,Motorcycles,2004-11-15,Shipped,NYC,USA,0.31,2004-11-01 00:00:00,2004-10-01 00:00:00,2004-01-01 00:00:00,11,Monday
10129,S700_1138,"Stylish Desk Decors, Co.",31,60.0,1860.0,Ships,2003-06-12,Shipped,London,UK,0.31,2003-06-01 00:00:00,2003-04-01 00:00:00,2003-01-01 00:00:00,6,Thursday
10168,S10_1678,Technics Stores Inc.,36,96.66,3479.76,Motorcycles,2003-10-28,Shipped,Burlingame,USA,0.31,2003-10-01 00:00:00,2003-10-01 00:00:00,2003-01-01 00:00:00,10,Tuesday
10252,S50_4713,Auto Canal Petit,48,72.41,3475.68,Motorcycles,2004-05-26,Shipped,Paris,France,0.31,2004-05-01 00:00:00,2004-04-01 00:00:00,2004-01-01 00:00:00,5,Wednesday
10299,S50_4713,"Toys of Finland, Co.",44,80.55,3544.2,Motorcycles,2004-09-30,Shipped,Helsinki,Finland,0.31,2004-09-01 00:00:00,2004-07-01 00:00:00,2004-01-01 00:00:00,9,Thursday
10319,S50_4713,Microscale Inc.,45,77.29,3478.05,Motorcycles,2004-11-03,Shipped,NYC,USA,0.31,2004-11-01 00:00:00,2004-10-01 00:00:00,2004-01-01 00:00:00,11,Wednesday
10390,S50_4713,Mini Gifts Distributors Ltd.,22,100.0,3491.18,Motorcycles,2005-03-04,Shipped,San Rafael,USA,0.31,2005-03-01 00:00:00,2005-01-01 00:00:00,2005-01-01 00:00:00,3,Friday
10143,S700_3167,Mini Creations Ltd.,28,96.0,2688.0,Planes,2003-08-10,Shipped,New Bedford,USA,0.31,2003-08-01 00:00:00,2003-07-01 00:00:00,2003-01-01 00:00:00,8,Sunday
10145,S18_2581,Toys4GrownUps.com,30,85.32,2559.6,Planes,2003-08-25,Shipped,Pasadena,USA,0.3,2003-08-01 00:00:00,2003-07-01 00:00:00,2003-01-01 00:00:00,8,Monday
10336,S50_1392,"La Corne D'abondance, Co.",23,100.0,3141.57,Trucks and Buses,2004-11-20,Shipped,Paris,France,0.3,2004-11-01 00:00:00,2004-10-01 00:00:00,2004-01-01 00:00:00,11,Saturday
10314,S700_1938,Heintze Collectables,23,76.22,1753.06,Ships,2004-10-22,Shipped,Aaarhus,Denmark,0.3,2004-10-01 00:00:00,2004-10-01 00:00:00,2004-01-01 00:00:00,10,Friday
10127,S12_1108,Muscle Machine Inc,46,100.0,11279.2,Classic Cars,2003-06-03,Shipped,NYC,USA,0.3,2003-06-01 00:00:00,2003-04-01 00:00:00,2003-01-01 00:00:00,6,Tuesday
10365,S32_4485,Mini Creations Ltd.,22,100.0,3425.18,Motorcycles,2005-01-07,Shipped,New Bedford,USA,0.3,2005-01-01 00:00:00,2005-01-01 00:00:00,2005-01-01 00:00:00,1,Friday
10224,S32_4485,Daedalus Designs Imports,30,100.0,3336.9,Motorcycles,2004-02-21,Shipped,Lille,France,0.3,2004-02-01 00:00:00,2004-01-01 00:00:00,2004-01-01 00:00:00,2,Saturday
10175,S32_2509,"Stylish Desk Decors, Co.",50,63.31,3165.5,Trucks and Buses,2003-11-06,Shipped,London,UK,0.3,2003-11-01 00:00:00,2003-10-01 00:00:00,2003-01-01 00:00:00,11,Thursday
10357,S18_3136,Mini Gifts Distributors Ltd.,44,100.0,5160.76,Vintage Cars,2004-12-10,Shipped,San Rafael,USA,0.3,2004-12-01 00:00:00,2004-10-01 00:00:00,2004-01-01 00:00:00,12,Friday
10328,S24_4278,Rovelli Gifts,43,60.86,2616.98,Planes,2004-11-12,Shipped,Bergamo,Italy,0.3,2004-11-01 00:00:00,2004-10-01 00:00:00,2004-01-01 00:00:00,11,Friday
10222,S24_2841,Collectable Mini Designs Co.,32,81.53,2608.96,Planes,2004-02-19,Shipped,San Diego,USA,0.3,2004-02-01 00:00:00,2004-01-01 00:00:00,2004-01-01 00:00:00,2,Thursday
10176,S50_1392,L'ordine Souveniers,23,100.0,3114.89,Trucks and Buses,2003-11-06,Shipped,Reggio Emilia,Italy,0.3,2003-11-01 00:00:00,2003-10-01 00:00:00,2003-01-01 00:00:00,11,Thursday
10217,S24_2300,Handji Gifts& Co,28,100.0,3148.88,Trucks and Buses,2004-02-04,Shipped,Singapore,Singapore,0.3,2004-02-01 00:00:00,2004-01-01 00:00:00,2004-01-01 00:00:00,2,Wednesday
10305,S32_1268,Marta's Replicas Co.,28,100.0,3155.04,Trucks and Buses,2004-10-13,Shipped,Cambridge,USA,0.3,2004-10-01 00:00:00,2004-10-01 00:00:00,2004-01-01 00:00:00,10,Wednesday
10183,S32_3522,"Classic Gift Ideas, Inc",49,64.64,3167.36,Trucks and Buses,2003-11-13,Shipped,Philadelphia,USA,0.3,2003-11-01 00:00:00,2003-10-01 00:00:00,2003-01-01 00:00:00,11,Thursday
10120,S24_1578,"Australian Collectors, Co.",35,98.05,3431.75,Motorcycles,2003-04-29,Shipped,Melbourne,Australia,0.3,2003-04-01 00:00:00,2003-04-01 00:00:00,2003-01-01 00:00:00,4,Tuesday
10274,S24_2841,Collectables For Less Inc.,40,65.08,2603.2,Planes,2004-07-21,Shipped,Brickhaven,USA,0.3,2004-07-01 00:00:00,2004-07-01 00:00:00,2004-01-01 00:00:00,7,Wednesday
10330,S24_2360,Cruz & Sons Co.,42,81.03,3403.26,Motorcycles,2004-11-16,Shipped,Makati City,Philippines,0.3,2004-11-01 00:00:00,2004-10-01 00:00:00,2004-01-01 00:00:00,11,Tuesday
10383,S50_1392,Euro Shopping Channel,29,100.0,3087.05,Trucks and Buses,2005-02-22,Shipped,Madrid,Spain,0.3,2005-02-01 00:00:00,2005-01-01 00:00:00,2005-01-01 00:00:00,2,Tuesday
10120,S700_2466,"Australian Collectors, Co.",24,100.0,2584.8,Planes,2003-04-29,Shipped,Melbourne,Australia,0.3,2003-04-01 00:00:00,2003-04-01 00:00:00,2003-01-01 00:00:00,4,Tuesday
10348,S32_3522,"Corrida Auto Replicas, Ltd",31,100.0,3139.99,Trucks and Buses,2004-11-01,Shipped,Madrid,Spain,0.3,2004-11-01 00:00:00,2004-10-01 00:00:00,2004-01-01 00:00:00,11,Monday
10396,S18_3140,Mini Gifts Distributors Ltd.,33,100.0,5273.73,Vintage Cars,2005-03-23,Shipped,San Rafael,USA,0.3,2005-03-01 00:00:00,2005-01-01 00:00:00,2005-01-01 00:00:00,3,Wednesday
10352,S72_1253,Auto-Moto Classics Inc.,49,52.64,2579.36,Planes,2004-12-03,Shipped,Brickhaven,USA,0.3,2004-12-01 00:00:00,2004-10-01 00:00:00,2004-01-01 00:00:00,12,Friday
10350,S18_3140,Euro Shopping Channel,44,100.0,5191.12,Vintage Cars,2004-12-02,Shipped,Madrid,Spain,0.3,2004-12-01 00:00:00,2004-10-01 00:00:00,2004-01-01 00:00:00,12,Thursday
10215,S18_3136,West Coast Collectables Co.,49,100.0,5285.14,Vintage Cars,2004-01-29,Shipped,Burbank,USA,0.3,2004-01-01 00:00:00,2004-01-01 00:00:00,2004-01-01 00:00:00,1,Thursday
10398,S18_2581,Reims Collectables,34,76.88,2613.92,Planes,2005-03-30,Shipped,Reims,France,0.3,2005-03-01 00:00:00,2005-01-01 00:00:00,2005-01-01 00:00:00,3,Wednesday
10194,S18_2432,"Saveley & Henriot, Co.",45,70.49,3172.05,Trucks and Buses,2003-11-25,Shipped,Lyon,France,0.3,2003-11-01 00:00:00,2003-10-01 00:00:00,2003-01-01 00:00:00,11,Tuesday
10114,S18_2432,"La Corne D'abondance, Co.",45,68.67,3090.15,Trucks and Buses,2003-04-01,Shipped,Paris,France,0.3,2003-04-01 00:00:00,2003-04-01 00:00:00,2003-01-01 00:00:00,4,Tuesday
10162,S18_1749,Corporate Gift Ideas Co.,29,100.0,5176.5,Vintage Cars,2003-10-18,Shipped,San Francisco,USA,0.3,2003-10-01 00:00:00,2003-10-01 00:00:00,2003-01-01 00:00:00,10,Saturday
10358,S18_4668,Euro Shopping Channel,30,100.0,5302.8,Vintage Cars,2004-12-10,Shipped,Madrid,Spain,0.3,2004-12-01 00:00:00,2004-10-01 00:00:00,2004-01-01 00:00:00,12,Friday
10100,S18_1749,Online Diecast Creations Co.,30,100.0,5151.0,Vintage Cars,2003-01-06,Shipped,Nashua,USA,0.3,2003-01-01 00:00:00,2003-01-01 00:00:00,2003-01-01 00:00:00,1,Monday
10280,S18_1342,Amica Models & Co.,50,100.0,5239.5,Vintage Cars,2004-08-17,Shipped,Torino,Italy,0.3,2004-08-01 00:00:00,2004-07-01 00:00:00,2004-01-01 00:00:00,8,Tuesday
10150,S10_1949,"Dragon Souveniers, Ltd.",45,100.0,10993.5,Classic Cars,2003-09-19,Shipped,Singapore,Singapore,0.3,2003-09-01 00:00:00,2003-07-01 00:00:00,2003-01-01 00:00:00,9,Friday
10235,S700_1691,"Royal Canadian Collectables, Ltd.",25,100.0,2580.25,Planes,2004-04-02,Shipped,Tsawassen,Canada,0.3,2004-04-01 00:00:00,2004-04-01 00:00:00,2004-01-01 00:00:00,4,Friday
10290,S24_4258,Auto-Moto Classics Inc.,45,100.0,5171.4,Vintage Cars,2004-09-07,Shipped,Brickhaven,USA,0.3,2004-09-01 00:00:00,2004-07-01 00:00:00,2004-01-01 00:00:00,9,Tuesday
10370,S32_3522,"Anna's Decorations, Ltd",25,100.0,3160.25,Trucks and Buses,2005-01-20,Shipped,North Sydney,Australia,0.3,2005-01-01 00:00:00,2005-01-01 00:00:00,2005-01-01 00:00:00,1,Thursday
10210,S700_2466,Osaka Souveniers Co.,26,99.72,2592.72,Planes,2004-01-12,Shipped,Osaka,Japan,0.3,2004-01-01 00:00:00,2004-01-01 00:00:00,2004-01-01 00:00:00,1,Monday
10185,S700_3962,Mini Creations Ltd.,22,79.45,1747.9,Ships,2003-11-14,Shipped,New Bedford,USA,0.3,2003-11-01 00:00:00,2003-10-01 00:00:00,2003-01-01 00:00:00,11,Friday
10416,S700_3167,L'ordine Souveniers,39,67.2,2620.8,Planes,2005-05-10,Shipped,Reggio Emilia,Italy,0.3,2005-05-01 00:00:00,2005-04-01 00:00:00,2005-01-01 00:00:00,5,Tuesday
10134,S10_2016,Lyon Souveniers,27,100.0,3307.77,Motorcycles,2003-07-01,Shipped,Paris,France,0.29,2003-07-01 00:00:00,2003-07-01 00:00:00,2003-01-01 00:00:00,7,Tuesday
10341,S24_2360,Salzburg Collectables,32,100.0,3307.2,Motorcycles,2004-11-24,Shipped,Salzburg,Austria,0.29,2004-11-01 00:00:00,2004-10-01 00:00:00,2004-01-01 00:00:00,11,Wednesday
10271,S12_4473,Mini Gifts Distributors Ltd.,31,97.17,3012.27,Trucks and Buses,2004-07-20,Shipped,San Rafael,USA,0.29,2004-07-01 00:00:00,2004-07-01 00:00:00,2004-01-01 00:00:00,7,Tuesday
10173,S18_1342,Rovelli Gifts,43,100.0,5036.16,Vintage Cars,2003-11-05,Shipped,Bergamo,Italy,0.29,2003-11-01 00:00:00,2003-10-01 00:00:00,2003-01-01 00:00:00,11,Wednesday
10391,S18_1367,"Anna's Decorations, Ltd",42,100.0,4998.0,Vintage Cars,2005-03-09,Shipped,North Sydney,Australia,0.29,2005-03-01 00:00:00,2005-01-01 00:00:00,2005-01-01 00:00:00,3,Wednesday
10110,S18_2795,"AV Stores, Co.",31,100.0,5074.39,Vintage Cars,2003-03-18,Shipped,Manchester,UK,0.29,2003-03-01 00:00:00,2003-01-01 00:00:00,2003-01-01 00:00:00,3,Tuesday
10273,S18_3140,Petit Auto,40,100.0,5026.4,Vintage Cars,2004-07-21,Shipped,Bruxelles,Belgium,0.29,2004-07-01 00:00:00,2004-07-01 00:00:00,2004-01-01 00:00:00,7,Wednesday
10163,S18_3320,Classic Legends Inc.,43,100.0,4991.44,Vintage Cars,2003-10-20,Shipped,NYC,USA,0.29,2003-10-01 00:00:00,2003-10-01 00:00:00,2003-01-01 00:00:00,10,Monday
10134,S24_1578,Lyon Souveniers,35,93.54,3273.9,Motorcycles,2003-07-01,Shipped,Paris,France,0.29,2003-07-01 00:00:00,2003-07-01 00:00:00,2003-01-01 00:00:00,7,Tuesday
10247,S12_1108,Suominen Souveniers,44,100.0,10606.2,Classic Cars,2004-05-05,Shipped,Espoo,Finland,0.29,2004-05-01 00:00:00,2004-04-01 00:00:00,2004-01-01 00:00:00,5,Wednesday
10378,S32_2206,Euro Shopping Channel,40,82.46,3298.4,Motorcycles,2005-02-10,Shipped,Madrid,Spain,0.29,2005-02-01 00:00:00,2005-01-01 00:00:00,2005-01-01 00:00:00,2,Thursday
10145,S32_4485,Toys4GrownUps.com,27,100.0,3251.34,Motorcycles,2003-08-25,Shipped,Pasadena,USA,0.29,2003-08-01 00:00:00,2003-07-01 00:00:00,2003-01-01 00:00:00,8,Monday
10264,S32_4485,Gifts4AllAges.com,34,97.97,3330.98,Motorcycles,2004-06-30,Shipped,Boston,USA,0.29,2004-06-01 00:00:00,2004-04-01 00:00:00,2004-01-01 00:00:00,6,Wednesday
10121,S50_4713,Reims Collectables,44,74.85,3293.4,Motorcycles,2003-05-07,Shipped,Reims,France,0.29,2003-05-01 00:00:00,2003-04-01 00:00:00,2003-01-01 00:00:00,5,Wednesday
10211,S50_4713,Auto Canal Petit,40,80.55,3222.0,Motorcycles,2004-01-15,Shipped,Paris,France,0.29,2004-01-01 00:00:00,2004-01-01 00:00:00,2004-01-01 00:00:00,1,Thursday
10373,S700_4002,"Oulu Toy Supplies, Inc.",45,55.62,2502.9,Planes,2005-01-31,Shipped,Oulu,Finland,0.29,2005-01-01 00:00:00,2005-01-01 00:00:00,2005-01-01 00:00:00,1,Monday
10106,S72_1253,Rovelli Gifts,48,52.64,2526.72,Planes,2003-02-17,Shipped,Bergamo,Italy,0.29,2003-02-01 00:00:00,2003-01-01 00:00:00,2003-01-01 00:00:00,2,Monday
10273,S72_3212,Petit Auto,37,45.86,1696.82,Ships,2004-07-21,Shipped,Bruxelles,Belgium,0.29,2004-07-01 00:00:00,2004-07-01 00:00:00,2004-01-01 00:00:00,7,Wednesday
10283,S72_3212,"Royal Canadian Collectables, Ltd.",33,51.32,1693.56,Ships,2004-08-20,Shipped,Tsawassen,Canada,0.29,2004-08-01 00:00:00,2004-07-01 00:00:00,2004-01-01 00:00:00,8,Friday
10280,S18_2949,Amica Models & Co.,46,100.0,5126.24,Vintage Cars,2004-08-17,Shipped,Torino,Italy,0.29,2004-08-01 00:00:00,2004-07-01 00:00:00,2004-01-01 00:00:00,8,Tuesday
10283,S72_1253,"Royal Canadian Collectables, Ltd.",43,57.61,2477.23,Planes,2004-08-20,Shipped,Tsawassen,Canada,0.29,2004-08-01 00:00:00,2004-07-01 00:00:00,2004-01-01 00:00:00,8,Friday
10106,S24_1785,Rovelli Gifts,28,88.63,2481.64,Planes,2003-02-17,Shipped,Bergamo,Italy,0.29,2003-02-01 00:00:00,2003-01-01 00:00:00,2003-01-01 00:00:00,2,Monday
10197,S18_4522,Enaco Distributors,50,100.0,5090.5,Vintage Cars,2003-11-26,Shipped,Barcelona,Spain,0.29,2003-11-01 00:00:00,2003-10-01 00:00:00,2003-01-01 00:00:00,11,Wednesday
10223,S700_1691,"Australian Collectors, Co.",25,100.0,2534.75,Planes,2004-02-20,Shipped,Melbourne,Australia,0.29,2004-02-01 00:00:00,2004-01-01 00:00:00,2004-01-01 00:00:00,2,Friday
10168,S32_1374,Technics Stores Inc.,28,100.0,3244.36,Motorcycles,2003-10-28,Shipped,Burlingame,USA,0.29,2003-10-01 00:00:00,2003-10-01 00:00:00,2003-01-01 00:00:00,10,Tuesday
10350,S24_2011,Euro Shopping Channel,34,50.33,1711.22,Ships,2004-12-02,Shipped,Madrid,Spain,0.29,2004-12-01 00:00:00,2004-10-01 00:00:00,2004-01-01 00:00:00,12,Thursday
10245,S32_3522,Super Scale Inc.,44,69.16,3043.04,Trucks and Buses,2004-05-04,Shipped,New Haven,USA,0.29,2004-05-01 00:00:00,2004-04-01 00:00:00,2004-01-01 00:00:00,5,Tuesday
10259,S50_1392,Handji Gifts& Co,29,100.0,3054.57,Trucks and Buses,2004-06-15,Shipped,Singapore,Singapore,0.29,2004-06-01 00:00:00,2004-04-01 00:00:00,2004-01-01 00:00:00,6,Tuesday
10250,S32_1374,The Sharp Gifts Warehouse,31,100.0,3282.28,Motorcycles,2004-05-11,Shipped,San Jose,USA,0.29,2004-05-01 00:00:00,2004-04-01 00:00:00,2004-01-01 00:00:00,5,Tuesday
10183,S24_4258,"Classic Gift Ideas, Inc",47,100.0,5035.11,Vintage Cars,2003-11-13,Shipped,Philadelphia,USA,0.29,2003-11-01 00:00:00,2003-10-01 00:00:00,2003-01-01 00:00:00,11,Thursday
10151,S32_1268,"Oulu Toy Supplies, Inc.",27,100.0,3068.55,Trucks and Buses,2003-09-21,Shipped,Oulu,Finland,0.29,2003-09-01 00:00:00,2003-07-01 00:00:00,2003-01-01 00:00:00,9,Sunday
10142,S72_3212,Mini Gifts Distributors Ltd.,39,44.23,1724.97,Ships,2003-08-08,Shipped,San Rafael,USA,0.29,2003-08-01 00:00:00,2003-07-01 00:00:00,2003-01-01 00:00:00,8,Friday
10198,S700_4002,Cruz & Sons Co.,40,63.67,2546.8,Planes,2003-11-27,Shipped,Makati City,Philippines,0.29,2003-11-01 00:00:00,2003-10-01 00:00:00,2003-01-01 00:00:00,11,Thursday
10120,S24_4278,"Australian Collectors, Co.",29,85.49,2479.21,Planes,2003-04-29,Shipped,Melbourne,Australia,0.29,2003-04-01 00:00:00,2003-04-01 00:00:00,2003-01-01 00:00:00,4,Tuesday
10102,S18_1342,Vitachrome Inc.,39,100.0,4808.31,Vintage Cars,2003-01-10,Shipped,NYC,USA,0.28,2003-01-01 00:00:00,2003-01-01 00:00:00,2003-01-01 00:00:00,1,Friday
10114,S24_2300,"La Corne D'abondance, Co.",21,100.0,2925.09,Trucks and Buses,2003-04-01,Shipped,Paris,France,0.28,2003-04-01 00:00:00,2003-04-01 00:00:00,2003-01-01 00:00:00,4,Tuesday
10119,S24_2841,Salzburg Collectables,41,59.6,2443.6,Planes,2003-04-28,Shipped,Salzburg,Austria,0.28,2003-04-01 00:00:00,2003-04-01 00:00:00,2003-01-01 00:00:00,4,Monday
10329,S10_2016,Land of Toys Inc.,20,100.0,3176.0,Motorcycles,2004-11-15,Shipped,NYC,USA,0.28,2004-11-01 00:00:00,2004-10-01 00:00:00,2004-01-01 00:00:00,11,Monday
10281,S12_1666,Diecast Classics Inc.,25,100.0,2938.5,Trucks and Buses,2004-08-19,Shipped,Allentown,USA,0.28,2004-08-01 00:00:00,2004-07-01 00:00:00,2004-01-01 00:00:00,8,Thursday
10381,S12_1666,Corporate Gift Ideas Co.,20,100.0,2952.0,Trucks and Buses,2005-02-17,Shipped,San Francisco,USA,0.28,2005-02-01 00:00:00,2005-01-01 00:00:00,2005-01-01 00:00:00,2,Thursday
10347,S18_2949,"Australian Collectors, Co.",48,100.0,4814.4,Vintage Cars,2004-11-29,Shipped,Melbourne,Australia,0.28,2004-11-01 00:00:00,2004-10-01 00:00:00,2004-01-01 00:00:00,11,Monday
10251,S10_1678,Tekni Collectables Inc.,28,100.0,3188.64,Motorcycles,2004-05-18,Shipped,Newark,USA,0.28,2004-05-01 00:00:00,2004-04-01 00:00:00,2004-01-01 00:00:00,5,Tuesday
10416,S700_2466,L'ordine Souveniers,22,100.0,2457.18,Planes,2005-05-10,Shipped,Reggio Emilia,Italy,0.28,2005-05-01 00:00:00,2005-04-01 00:00:00,2005-01-01 00:00:00,5,Tuesday
10246,S50_1392,Euro Shopping Channel,22,100.0,2928.42,Trucks and Buses,2004-05-05,Shipped,Madrid,Spain,0.28,2004-05-01 00:00:00,2004-04-01 00:00:00,2004-01-01 00:00:00,5,Wednesday
10312,S24_4258,Mini Gifts Distributors Ltd.,44,100.0,4884.88,Vintage Cars,2004-10-21,Shipped,San Rafael,USA,0.28,2004-10-01 00:00:00,2004-10-01 00:00:00,2004-01-01 00:00:00,10,Thursday
10380,S18_2325,Euro Shopping Channel,40,100.0,4931.6,Vintage Cars,2005-02-16,Shipped,Madrid,Spain,0.28,2005-02-01 00:00:00,2005-01-01 00:00:00,2005-01-01 00:00:00,2,Wednesday
10388,S10_1678,FunGiftIdeas.com,42,76.36,3207.12,Motorcycles,2005-03-03,Shipped,New Bedford,USA,0.28,2005-03-01 00:00:00,2005-01-01 00:00:00,2005-01-01 00:00:00,3,Thursday
10296,S700_2466,"Bavarian Collectables Imports, Co.",24,100.0,2441.04,Planes,2004-09-15,Shipped,Munich,Germany,0.28,2004-09-01 00:00:00,2004-07-01 00:00:00,2004-01-01 00:00:00,9,Wednesday
10235,S700_4002,"Royal Canadian Collectables, Ltd.",34,72.55,2466.7,Planes,2004-04-02,Shipped,Tsawassen,Canada,0.28,2004-04-01 00:00:00,2004-04-01 00:00:00,2004-01-01 00:00:00,4,Friday
10412,S18_2432,Euro Shopping Channel,47,61.99,2913.53,Trucks and Buses,2005-05-03,Shipped,Madrid,Spain,0.28,2005-05-01 00:00:00,2005-04-01 00:00:00,2005-01-01 00:00:00,5,Tuesday
10190,S24_2360,Euro Shopping Channel,42,76.19,3199.98,Motorcycles,2003-11-19,Shipped,Madrid,Spain,0.28,2003-11-01 00:00:00,2003-10-01 00:00:00,2003-01-01 00:00:00,11,Wednesday
10347,S18_2795,"Australian Collectors, Co.",21,100.0,4815.3,Vintage Cars,2004-11-29,Shipped,Melbourne,Australia,0.28,2004-11-01 00:00:00,2004-10-01 00:00:00,2004-01-01 00:00:00,11,Monday
10111,S18_3136,Mini Wheels Co.,43,100.0,4818.15,Vintage Cars,2003-03-25,Shipped,San Francisco,USA,0.28,2003-03-01 00:00:00,2003-01-01 00:00:00,2003-01-01 00:00:00,3,Tuesday
10163,S18_3136,Classic Legends Inc.,40,100.0,4900.8,Vintage Cars,2003-10-20,Shipped,NYC,USA,0.28,2003-10-01 00:00:00,2003-10-01 00:00:00,2003-01-01 00:00:00,10,Monday
10235,S700_2834,"Royal Canadian Collectables, Ltd.",25,96.11,2402.75,Planes,2004-04-02,Shipped,Tsawassen,Canada,0.28,2004-04-01 00:00:00,2004-04-01 00:00:00,2004-01-01 00:00:00,4,Friday
10146,S18_3782,Gift Ideas Corp.,47,67.14,3155.58,Motorcycles,2003-09-03,Shipped,Glendale,USA,0.28,2003-09-01 00:00:00,2003-07-01 00:00:00,2003-01-01 00:00:00,9,Wednesday
10191,S18_3782,"Toms Spezialitten, Ltd",43,72.74,3127.82,Motorcycles,2003-11-20,Shipped,Koln,Germany,0.28,2003-11-01 00:00:00,2003-10-01 00:00:00,2003-01-01 00:00:00,11,Thursday
10398,S18_3856,Reims Collectables,45,100.0,4811.85,Vintage Cars,2005-03-30,Shipped,Reims,France,0.28,2005-03-01 00:00:00,2005-01-01 00:00:00,2005-01-01 00:00:00,3,Wednesday
10313,S18_4600,Canadian Gift Exchange Network,28,100.0,2881.76,Trucks and Buses,2004-10-22,Shipped,Vancouver,Canada,0.28,2004-10-01 00:00:00,2004-10-01 00:00:00,2004-01-01 00:00:00,10,Friday
10107,S24_2000,Land of Toys Inc.,38,83.03,3155.14,Motorcycles,2003-02-24,Shipped,NYC,USA,0.28,2003-02-01 00:00:00,2003-01-01 00:00:00,2003-01-01 00:00:00,2,Monday
10236,S24_2000,Motor Mint Distributors Inc.,36,87.6,3153.6,Motorcycles,2004-04-03,Shipped,Philadelphia,USA,0.28,2004-04-01 00:00:00,2004-04-01 00:00:00,2004-01-01 00:00:00,4,Saturday
10347,S18_3136,"Australian Collectors, Co.",45,100.0,4948.2,Vintage Cars,2004-11-29,Shipped,Melbourne,Australia,0.28,2004-11-01 00:00:00,2004-10-01 00:00:00,2004-01-01 00:00:00,11,Monday
10175,S24_2300,"Stylish Desk Decors, Co.",28,100.0,2969.96,Trucks and Buses,2003-11-06,Shipped,London,UK,0.28,2003-11-01 00:00:00,2003-10-01 00:00:00,2003-01-01 00:00:00,11,Thursday
10293,S18_4522,Amica Models & Co.,49,100.0,4946.06,Vintage Cars,2004-09-09,Shipped,Torino,Italy,0.28,2004-09-01 00:00:00,2004-07-01 00:00:00,2004-01-01 00:00:00,9,Thursday
10142,S24_3151,Mini Gifts Distributors Ltd.,49,98.25,4814.25,Vintage Cars,2003-08-08,Shipped,San Rafael,USA,0.28,2003-08-01 00:00:00,2003-07-01 00:00:00,2003-01-01 00:00:00,8,Friday
10411,S32_1268,Quebec Home Shopping Network,26,100.0,2904.72,Trucks and Buses,2005-05-01,Shipped,Montreal,Canada,0.28,2005-05-01 00:00:00,2005-04-01 00:00:00,2005-01-01 00:00:00,5,Sunday
10237,S32_4485,Vitachrome Inc.,27,100.0,3113.64,Motorcycles,2004-04-05,Shipped,NYC,USA,0.28,2004-04-01 00:00:00,2004-04-01 00:00:00,2004-01-01 00:00:00,4,Monday
10186,S18_3856,"Double Decker Gift Stores, Ltd",46,100.0,4918.78,Vintage Cars,2003-11-14,Shipped,London,UK,0.28,2003-11-01 00:00:00,2003-10-01 00:00:00,2003-01-01 00:00:00,11,Friday
10149,S18_2325,Signal Collectibles Ltd.,33,100.0,4950.33,Vintage Cars,2003-09-12,Shipped,Brisbane,USA,0.28,2003-09-01 00:00:00,2003-07-01 00:00:00,2003-01-01 00:00:00,9,Friday
10304,S10_1949,Auto Assoc. & Cie.,47,100.0,10172.7,Classic Cars,2004-10-11,Shipped,Versailles,France,0.27,2004-10-01 00:00:00,2004-10-01 00:00:00,2004-01-01 00:00:00,10,Monday
10269,S24_4258,Salzburg Collectables,48,97.39,4674.72,Vintage Cars,2004-07-16,Shipped,Salzburg,Austria,0.27,2004-07-01 00:00:00,2004-07-01 00:00:00,2004-01-01 00:00:00,7,Friday
10193,S18_2325,"Australian Collectables, Ltd",44,100.0,4642.88,Vintage Cars,2003-11-21,Shipped,Glen Waverly,Australia,0.27,2003-11-01 00:00:00,2003-10-01 00:00:00,2003-01-01 00:00:00,11,Friday
10270,S18_3136,Souveniers And Things Co.,38,100.0,4775.08,Vintage Cars,2004-07-19,Shipped,Chatswood,Australia,0.27,2004-07-01 00:00:00,2004-07-01 00:00:00,2004-01-01 00:00:00,7,Monday
10131,S24_2841,Gift Ideas Corp.,35,67.14,2349.9,Planes,2003-06-16,Shipped,Glendale,USA,0.27,2003-06-01 00:00:00,2003-04-01 00:00:00,2003-01-01 00:00:00,6,Monday
10285,S50_4713,Marta's Replicas Co.,39,78.92,3077.88,Motorcycles,2004-08-27,Shipped,Cambridge,USA,0.27,2004-08-01 00:00:00,2004-07-01 00:00:00,2004-01-01 00:00:00,8,Friday
10178,S72_1253,Alpha Cognac,45,51.15,2301.75,Planes,2003-11-08,Shipped,Toulouse,France,0.27,2003-11-01 00:00:00,2003-10-01 00:00:00,2003-01-01 00:00:00,11,Saturday
10280,S18_2325,Amica Models & Co.,37,100.0,4750.8,Vintage Cars,2004-08-17,Shipped,Torino,Italy,0.27,2004-08-01 00:00:00,2004-07-01 00:00:00,2004-01-01 00:00:00,8,Tuesday
10150,S32_3522,"Dragon Souveniers, Ltd.",49,58.18,2850.82,Trucks and Buses,2003-09-19,Shipped,Singapore,Singapore,0.27,2003-09-01 00:00:00,2003-07-01 00:00:00,2003-01-01 00:00:00,9,Friday
10210,S10_2016,Osaka Souveniers Co.,23,100.0,3009.09,Motorcycles,2004-01-12,Shipped,Osaka,Japan,0.27,2004-01-01 00:00:00,2004-01-01 00:00:00,2004-01-01 00:00:00,1,Monday
10140,S32_1268,Technics Stores Inc.,26,100.0,2829.58,Trucks and Buses,2003-07-24,Shipped,Burlingame,USA,0.27,2003-07-01 00:00:00,2003-07-01 00:00:00,2003-01-01 00:00:00,7,Thursday
10145,S50_4713,Toys4GrownUps.com,38,81.36,3091.68,Motorcycles,2003-08-25,Shipped,Pasadena,USA,0.27,2003-08-01 00:00:00,2003-07-01 00:00:00,2003-01-01 00:00:00,8,Monday
10316,S24_3949,giftsbymail.co.uk,30,77.79,2333.7,Planes,2004-11-01,Shipped,Cowes,UK,0.27,2004-11-01 00:00:00,2004-10-01 00:00:00,2004-01-01 00:00:00,11,Monday
10281,S24_2300,Diecast Classics Inc.,25,100.0,2779.5,Trucks and Buses,2004-08-19,Shipped,Allentown,USA,0.27,2004-08-01 00:00:00,2004-07-01 00:00:00,2004-01-01 00:00:00,8,Thursday
10396,S18_4522,Mini Gifts Distributors Ltd.,45,100.0,4739.4,Vintage Cars,2005-03-23,Shipped,San Rafael,USA,0.27,2005-03-01 00:00:00,2005-01-01 00:00:00,2005-01-01 00:00:00,3,Wednesday
10155,S700_2466,"Toys of Finland, Co.",20,100.0,2353.4,Planes,2003-10-06,Shipped,Helsinki,Finland,0.27,2003-10-01 00:00:00,2003-10-01 00:00:00,2003-01-01 00:00:00,10,Monday
10103,S18_3320,Baane Mini Imports,46,100.0,4791.82,Vintage Cars,2003-01-29,Shipped,Stavern,Norway,0.27,2003-01-01 00:00:00,2003-01-01 00:00:00,2003-01-01 00:00:00,1,Wednesday
10402,S18_2625,Auto Canal Petit,55,55.72,3064.6,Motorcycles,2005-04-07,Shipped,Paris,France,0.27,2005-04-01 00:00:00,2005-04-01 00:00:00,2005-01-01 00:00:00,4,Thursday
10250,S700_4002,The Sharp Gifts Warehouse,38,62.19,2363.22,Planes,2004-05-11,Shipped,San Jose,USA,0.27,2004-05-01 00:00:00,2004-04-01 00:00:00,2004-01-01 00:00:00,5,Tuesday
10175,S18_2432,"Stylish Desk Decors, Co.",41,69.28,2840.48,Trucks and Buses,2003-11-06,Shipped,London,UK,0.27,2003-11-01 00:00:00,2003-10-01 00:00:00,2003-01-01 00:00:00,11,Thursday
10229,S32_1268,Mini Gifts Distributors Ltd.,25,100.0,2793.0,Trucks and Buses,2004-03-11,Shipped,San Rafael,USA,0.27,2004-03-01 00:00:00,2004-01-01 00:00:00,2004-01-01 00:00:00,3,Thursday
10140,S18_2432,Technics Stores Inc.,46,61.99,2851.54,Trucks and Buses,2003-07-24,Shipped,Burlingame,USA,0.27,2003-07-01 00:00:00,2003-07-01 00:00:00,2003-01-01 00:00:00,7,Thursday
10126,S18_2432,"Corrida Auto Replicas, Ltd",43,65.02,2795.86,Trucks and Buses,2003-05-28,Shipped,Madrid,Spain,0.27,2003-05-01 00:00:00,2003-04-01 00:00:00,2003-01-01 00:00:00,5,Wednesday
10312,S18_2325,Mini Gifts Distributors Ltd.,31,100.0,4729.36,Vintage Cars,2004-10-21,Shipped,San Rafael,USA,0.27,2004-10-01 00:00:00,2004-10-01 00:00:00,2004-01-01 00:00:00,10,Thursday
10281,S32_3522,Diecast Classics Inc.,36,77.57,2792.52,Trucks and Buses,2004-08-19,Shipped,Allentown,USA,0.27,2004-08-01 00:00:00,2004-07-01 00:00:00,2004-01-01 00:00:00,8,Thursday
10244,S18_1342,Euro Shopping Channel,40,100.0,4684.8,Vintage Cars,2004-04-29,Shipped,Madrid,Spain,0.27,2004-04-01 00:00:00,2004-04-01 00:00:00,2004-01-01 00:00:00,4,Thursday
10275,S24_1785,La Rochelle Gifts,25,95.2,2380.0,Planes,2004-07-23,Shipped,Nantes,France,0.27,2004-07-01 00:00:00,2004-07-01 00:00:00,2004-01-01 00:00:00,7,Friday
10284,S24_1785,"Norway Gifts By Mail, Co.",22,100.0,2310.88,Planes,2004-08-21,Shipped,Oslo,Norway,0.27,2004-08-01 00:00:00,2004-07-01 00:00:00,2004-01-01 00:00:00,8,Saturday
10145,S32_1374,Toys4GrownUps.com,33,93.9,3098.7,Motorcycles,2003-08-25,Shipped,Pasadena,USA,0.27,2003-08-01 00:00:00,2003-07-01 00:00:00,2003-01-01 00:00:00,8,Monday
10280,S18_1097,Amica Models & Co.,24,100.0,2800.08,Trucks and Buses,2004-08-17,Shipped,Torino,Italy,0.27,2004-08-01 00:00:00,2004-07-01 00:00:00,2004-01-01 00:00:00,8,Tuesday
10115,S50_1392,Classic Legends Inc.,27,100.0,2843.91,Trucks and Buses,2003-04-04,Shipped,NYC,USA,0.27,2003-04-01 00:00:00,2003-04-01 00:00:00,2003-01-01 00:00:00,4,Friday
10107,S12_2823,Land of Toys Inc.,21,100.0,3036.6,Motorcycles,2003-02-24,Shipped,NYC,USA,0.27,2003-02-01 00:00:00,2003-01-01 00:00:00,2003-01-01 00:00:00,2,Monday
10201,S10_2016,Mini Wheels Co.,24,100.0,3025.92,Motorcycles,2003-12-01,Shipped,San Francisco,USA,0.27,2003-12-01 00:00:00,2003-10-01 00:00:00,2003-01-01 00:00:00,12,Monday
10252,S24_2360,Auto Canal Petit,47,65.8,3092.6,Motorcycles,2004-05-26,Shipped,Paris,France,0.27,2004-05-01 00:00:00,2004-04-01 00:00:00,2004-01-01 00:00:00,5,Wednesday
10106,S18_3856,Rovelli Gifts,41,100.0,4774.86,Vintage Cars,2003-02-17,Shipped,Bergamo,Italy,0.27,2003-02-01 00:00:00,2003-01-01 00:00:00,2003-01-01 00:00:00,2,Monday
10296,S24_3949,"Bavarian Collectables Imports, Co.",32,71.65,2292.8,Planes,2004-09-15,Shipped,Munich,Germany,0.26,2004-09-01 00:00:00,2004-07-01 00:00:00,2004-01-01 00:00:00,9,Wednesday
10108,S18_3782,Cruz & Sons Co.,43,67.77,2914.11,Motorcycles,2003-03-03,Shipped,Makati City,Philippines,0.26,2003-03-01 00:00:00,2003-01-01 00:00:00,2003-01-01 00:00:00,3,Monday
10369,S18_2949,Collectables For Less Inc.,42,100.0,4581.36,Vintage Cars,2005-01-20,Shipped,Brickhaven,USA,0.26,2005-01-01 00:00:00,2005-01-01 00:00:00,2005-01-01 00:00:00,1,Thursday
10275,S10_2016,La Rochelle Gifts,22,100.0,2904.44,Motorcycles,2004-07-23,Shipped,Nantes,France,0.26,2004-07-01 00:00:00,2004-07-01 00:00:00,2004-01-01 00:00:00,7,Friday
10339,S10_4698,"Tokyo Collectables, Ltd",39,76.67,2990.13,Motorcycles,2004-11-23,Shipped,Minato-ku,Japan,0.26,2004-11-01 00:00:00,2004-10-01 00:00:00,2004-01-01 00:00:00,11,Tuesday
10400,S10_4757,The Sharp Gifts Warehouse,64,100.0,9661.44,Classic Cars,2005-04-01,Shipped,San Jose,USA,0.26,2005-04-01 00:00:00,2005-04-01 00:00:00,2005-01-01 00:00:00,4,Friday
10308,S24_2000,Mini Classics,47,63.22,2971.34,Motorcycles,2004-10-15,Shipped,White Plains,USA,0.26,2004-10-01 00:00:00,2004-10-01 00:00:00,2004-01-01 00:00:00,10,Friday
10275,S700_4002,La Rochelle Gifts,31,72.55,2249.05,Planes,2004-07-23,Shipped,Nantes,France,0.26,2004-07-01 00:00:00,2004-07-01 00:00:00,2004-01-01 00:00:00,7,Friday
10276,S12_1099,Online Mini Collectables,50,100.0,9631.0,Classic Cars,2004-08-02,Shipped,Brickhaven,USA,0.26,2004-08-01 00:00:00,2004-07-01 00:00:00,2004-01-01 00:00:00,8,Monday
10308,S18_2581,Mini Classics,27,82.79,2235.33,Planes,2004-10-15,Shipped,White Plains,USA,0.26,2004-10-01 00:00:00,2004-10-01 00:00:00,2004-01-01 00:00:00,10,Friday
10142,S12_3891,Mini Gifts Distributors Ltd.,46,100.0,9470.94,Classic Cars,2003-08-08,Shipped,San Rafael,USA,0.26,2003-08-01 00:00:00,2003-07-01 00:00:00,2003-01-01 00:00:00,8,Friday
10131,S700_4002,Gift Ideas Corp.,26,85.13,2213.38,Planes,2003-06-16,Shipped,Glendale,USA,0.26,2003-06-01 00:00:00,2003-04-01 00:00:00,2003-01-01 00:00:00,6,Monday
10358,S12_4473,Euro Shopping Channel,42,64.16,2694.72,Trucks and Buses,2004-12-10,Shipped,Madrid,Spain,0.26,2004-12-01 00:00:00,2004-10-01 00:00:00,2004-01-01 00:00:00,12,Friday
10308,S700_1691,Mini Classics,21,100.0,2224.95,Planes,2004-10-15,Shipped,White Plains,USA,0.26,2004-10-01 00:00:00,2004-10-01 00:00:00,2004-01-01 00:00:00,10,Friday
10289,S18_1342,Herkku Gifts,38,100.0,4567.98,Vintage Cars,2004-09-03,Shipped,Bergen,Norway,0.26,2004-09-01 00:00:00,2004-07-01 00:00:00,2004-01-01 00:00:00,9,Friday
10312,S18_3136,Mini Gifts Distributors Ltd.,38,100.0,4457.02,Vintage Cars,2004-10-21,Shipped,San Rafael,USA,0.26,2004-10-01 00:00:00,2004-10-01 00:00:00,2004-01-01 00:00:00,10,Thursday
10337,S18_4522,Classic Legends Inc.,29,100.0,4498.19,Vintage Cars,2004-11-21,Shipped,NYC,USA,0.26,2004-11-01 00:00:00,2004-10-01 00:00:00,2004-01-01 00:00:00,11,Sunday
10270,S32_1268,Souveniers And Things Co.,32,85.72,2743.04,Trucks and Buses,2004-07-19,Shipped,Chatswood,Australia,0.26,2004-07-01 00:00:00,2004-07-01 00:00:00,2004-01-01 00:00:00,7,Monday
10173,S18_2325,Rovelli Gifts,31,100.0,4492.83,Vintage Cars,2003-11-05,Shipped,Bergamo,Italy,0.26,2003-11-01 00:00:00,2003-10-01 00:00:00,2003-01-01 00:00:00,11,Wednesday
10151,S18_2432,"Oulu Toy Supplies, Inc.",39,69.28,2701.92,Trucks and Buses,2003-09-21,Shipped,Oulu,Finland,0.26,2003-09-01 00:00:00,2003-07-01 00:00:00,2003-01-01 00:00:00,9,Sunday
10304,S18_2949,Auto Assoc. & Cie.,46,100.0,4613.8,Vintage Cars,2004-10-11,Shipped,Versailles,France,0.26,2004-10-01 00:00:00,2004-10-01 00:00:00,2004-01-01 00:00:00,10,Monday
10371,S50_1392,Mini Gifts Distributors Ltd.,48,56.55,2714.4,Trucks and Buses,2005-01-23,Shipped,San Rafael,USA,0.26,2005-01-01 00:00:00,2005-01-01 00:00:00,2005-01-01 00:00:00,1,Sunday
10382,S32_1268,Mini Gifts Distributors Ltd.,26,100.0,2708.42,Trucks and Buses,2005-02-17,Shipped,San Rafael,USA,0.26,2005-02-01 00:00:00,2005-01-01 00:00:00,2005-01-01 00:00:00,2,Thursday
10280,S18_2795,Amica Models & Co.,22,100.0,4455.0,Vintage Cars,2004-08-17,Shipped,Torino,Italy,0.26,2004-08-01 00:00:00,2004-07-01 00:00:00,2004-01-01 00:00:00,8,Tuesday
10356,S18_2795,Lyon Souveniers,30,100.0,4462.2,Vintage Cars,2004-12-09,Shipped,Paris,France,0.26,2004-12-01 00:00:00,2004-10-01 00:00:00,2004-01-01 00:00:00,12,Thursday
10284,S24_2841,"Norway Gifts By Mail, Co.",30,73.99,2219.7,Planes,2004-08-21,Shipped,Oslo,Norway,0.26,2004-08-01 00:00:00,2004-07-01 00:00:00,2004-01-01 00:00:00,8,Saturday
10215,S18_3320,West Coast Collectables Co.,41,100.0,4555.92,Vintage Cars,2004-01-29,Shipped,Burbank,USA,0.26,2004-01-01 00:00:00,2004-01-01 00:00:00,2004-01-01 00:00:00,1,Thursday
10382,S24_4258,Mini Gifts Distributors Ltd.,33,100.0,4592.61,Vintage Cars,2005-02-17,Shipped,San Rafael,USA,0.26,2005-02-01 00:00:00,2005-01-01 00:00:00,2005-01-01 00:00:00,2,Thursday
10235,S24_1785,"Royal Canadian Collectables, Ltd.",23,96.29,2214.67,Planes,2004-04-02,Shipped,Tsawassen,Canada,0.26,2004-04-01 00:00:00,2004-04-01 00:00:00,2004-01-01 00:00:00,4,Friday
10224,S24_2360,Daedalus Designs Imports,37,80.34,2972.58,Motorcycles,2004-02-21,Shipped,Lille,France,0.26,2004-02-01 00:00:00,2004-01-01 00:00:00,2004-01-01 00:00:00,2,Saturday
10284,S18_2581,"Norway Gifts By Mail, Co.",31,71.81,2226.11,Planes,2004-08-21,Shipped,Oslo,Norway,0.26,2004-08-01 00:00:00,2004-07-01 00:00:00,2004-01-01 00:00:00,8,Saturday
10223,S24_1578,"Australian Collectors, Co.",32,91.29,2921.28,Motorcycles,2004-02-20,Shipped,Melbourne,Australia,0.26,2004-02-01 00:00:00,2004-01-01 00:00:00,2004-01-01 00:00:00,2,Friday
10336,S700_2824,"La Corne D'abondance, Co.",46,100.0,9558.8,Classic Cars,2004-11-20,Shipped,Paris,France,0.26,2004-11-01 00:00:00,2004-10-01 00:00:00,2004-01-01 00:00:00,11,Saturday
10355,S24_2360,Euro Shopping Channel,41,70.65,2896.65,Motorcycles,2004-12-07,Shipped,Madrid,Spain,0.26,2004-12-01 00:00:00,2004-10-01 00:00:00,2004-01-01 00:00:00,12,Tuesday
10313,S12_1666,Canadian Gift Exchange Network,21,100.0,2669.1,Trucks and Buses,2004-10-22,Shipped,Vancouver,Canada,0.26,2004-10-01 00:00:00,2004-10-01 00:00:00,2004-01-01 00:00:00,10,Friday
10108,S50_4713,Cruz & Sons Co.,34,82.99,2821.66,Motorcycles,2003-03-03,Shipped,Makati City,Philippines,0.25,2003-03-01 00:00:00,2003-01-01 00:00:00,2003-01-01 00:00:00,3,Monday
10107,S10_1678,Land of Toys Inc.,30,95.7,2871.0,Motorcycles,2003-02-24,Shipped,NYC,USA,0.25,2003-02-01 00:00:00,2003-01-01 00:00:00,2003-01-01 00:00:00,2,Monday
10333,S24_4258,Mini Wheels Co.,39,100.0,4424.16,Vintage Cars,2004-11-18,Shipped,San Francisco,USA,0.25,2004-11-01 00:00:00,2004-10-01 00:00:00,2004-01-01 00:00:00,11,Thursday
10151,S32_2509,"Oulu Toy Supplies, Inc.",41,63.85,2617.85,Trucks and Buses,2003-09-21,Shipped,Oulu,Finland,0.25,2003-09-01 00:00:00,2003-07-01 00:00:00,2003-01-01 00:00:00,9,Sunday
10252,S32_4485,Auto Canal Petit,25,100.0,2832.0,Motorcycles,2004-05-26,Shipped,Paris,France,0.25,2004-05-01 00:00:00,2004-04-01 00:00:00,2004-01-01 00:00:00,5,Wednesday
10236,S10_2016,Motor Mint Distributors Inc.,22,100.0,2852.08,Motorcycles,2004-04-03,Shipped,Philadelphia,USA,0.25,2004-04-01 00:00:00,2004-04-01 00:00:00,2004-01-01 00:00:00,4,Saturday
10397,S700_2610,Alpha Cognac,22,66.5,1463.0,Ships,2005-03-28,Shipped,Toulouse,France,0.25,2005-03-01 00:00:00,2005-01-01 00:00:00,2005-01-01 00:00:00,3,Monday
10419,S24_3856,Salzburg Collectables,70,100.0,9240.0,Classic Cars,2005-05-17,Shipped,Salzburg,Austria,0.25,2005-05-01 00:00:00,2005-04-01 00:00:00,2005-01-01 00:00:00,5,Tuesday
10209,S72_1253,"Men 'R' US Retailers, Ltd.",48,44.69,2145.12,Planes,2004-01-09,Shipped,Los Angeles,USA,0.25,2004-01-01 00:00:00,2004-01-01 00:00:00,2004-01-01 00:00:00,1,Friday
10250,S24_2000,The Sharp Gifts Warehouse,32,87.6,2803.2,Motorcycles,2004-05-11,Shipped,San Jose,USA,0.25,2004-05-01 00:00:00,2004-04-01 00:00:00,2004-01-01 00:00:00,5,Tuesday
10197,S700_1138,Enaco Distributors,23,64.67,1487.41,Ships,2003-11-26,Shipped,Barcelona,Spain,0.25,2003-11-01 00:00:00,2003-10-01 00:00:00,2003-01-01 00:00:00,11,Wednesday
10416,S24_2000,L'ordine Souveniers,32,87.6,2803.2,Motorcycles,2005-05-10,Shipped,Reggio Emilia,Italy,0.25,2005-05-01 00:00:00,2005-04-01 00:00:00,2005-01-01 00:00:00,5,Tuesday
10316,S24_2841,giftsbymail.co.uk,34,63.71,2166.14,Planes,2004-11-01,Shipped,Cowes,UK,0.25,2004-11-01 00:00:00,2004-10-01 00:00:00,2004-01-01 00:00:00,11,Monday
10207,S50_1392,Diecast Collectables,28,94.92,2657.76,Trucks and Buses,2003-12-09,Shipped,Boston,USA,0.25,2003-12-01 00:00:00,2003-10-01 00:00:00,2003-01-01 00:00:00,12,Tuesday
10120,S24_2000,"Australian Collectors, Co.",34,83.79,2848.86,Motorcycles,2003-04-29,Shipped,Melbourne,Australia,0.25,2003-04-01 00:00:00,2003-04-01 00:00:00,2003-01-01 00:00:00,4,Tuesday
10107,S24_1578,Land of Toys Inc.,25,100.0,2845.75,Motorcycles,2003-02-24,Shipped,NYC,USA,0.25,2003-02-01 00:00:00,2003-01-01 00:00:00,2003-01-01 00:00:00,2,Monday
10363,S18_3782,Suominen Souveniers,32,89.12,2851.84,Motorcycles,2005-01-06,Shipped,Espoo,Finland,0.25,2005-01-01 00:00:00,2005-01-01 00:00:00,2005-01-01 00:00:00,1,Thursday
10221,S18_3140,Petit Auto,33,100.0,4417.38,Vintage Cars,2004-02-18,Shipped,Bruxelles,Belgium,0.25,2004-02-01 00:00:00,2004-01-01 00:00:00,2004-01-01 00:00:00,2,Wednesday
10304,S32_3522,Auto Assoc. & Cie.,36,73.04,2629.44,Trucks and Buses,2004-10-11,Shipped,Versailles,France,0.25,2004-10-01 00:00:00,2004-10-01 00:00:00,2004-01-01 00:00:00,10,Monday
10310,S18_3782,"Toms Spezialitten, Ltd",42,67.14,2819.88,Motorcycles,2004-10-16,Shipped,Koln,Germany,0.25,2004-10-01 00:00:00,2004-10-01 00:00:00,2004-01-01 00:00:00,10,Saturday
10150,S18_2949,"Dragon Souveniers, Ltd.",47,91.18,4285.46,Vintage Cars,2003-09-19,Shipped,Singapore,Singapore,0.25,2003-09-01 00:00:00,2003-07-01 00:00:00,2003-01-01 00:00:00,9,Friday
10381,S18_3136,Corporate Gift Ideas Co.,35,100.0,4288.2,Vintage Cars,2005-02-17,Shipped,San Francisco,USA,0.25,2005-02-01 00:00:00,2005-01-01 00:00:00,2005-01-01 00:00:00,2,Thursday
10297,S32_1374,"Clover Collections, Co.",26,100.0,2856.88,Motorcycles,2004-09-16,Shipped,Dublin,Ireland,0.25,2004-09-01 00:00:00,2004-07-01 00:00:00,2004-01-01 00:00:00,9,Thursday
10168,S18_2625,Technics Stores Inc.,46,61.18,2814.28,Motorcycles,2003-10-28,Shipped,Burlingame,USA,0.25,2003-10-01 00:00:00,2003-10-01 00:00:00,2003-01-01 00:00:00,10,Tuesday
10329,S32_1374,Land of Toys Inc.,45,63.91,2875.95,Motorcycles,2004-11-15,Shipped,NYC,USA,0.25,2004-11-01 00:00:00,2004-10-01 00:00:00,2004-01-01 00:00:00,11,Monday
10143,S700_2466,Mini Creations Ltd.,26,82.77,2152.02,Planes,2003-08-10,Shipped,New Bedford,USA,0.25,2003-08-01 00:00:00,2003-07-01 00:00:00,2003-01-01 00:00:00,8,Sunday
10207,S18_2432,Diecast Collectables,37,69.89,2585.93,Trucks and Buses,2003-12-09,Shipped,Boston,USA,0.25,2003-12-01 00:00:00,2003-10-01 00:00:00,2003-01-01 00:00:00,12,Tuesday
10382,S24_2300,Mini Gifts Distributors Ltd.,20,100.0,2654.4,Trucks and Buses,2005-02-17,Shipped,San Rafael,USA,0.25,2005-02-01 00:00:00,2005-01-01 00:00:00,2005-01-01 00:00:00,2,Thursday
10184,S18_2432,"Iberia Gift Imports, Corp.",44,60.16,2647.04,Trucks and Buses,2003-11-14,Shipped,Sevilla,Spain,0.25,2003-11-01 00:00:00,2003-10-01 00:00:00,2003-01-01 00:00:00,11,Friday
10169,S24_2360,"Anna's Decorations, Ltd",38,74.11,2816.18,Motorcycles,2003-11-04,Shipped,North Sydney,Australia,0.25,2003-11-01 00:00:00,2003-10-01 00:00:00,2003-01-01 00:00:00,11,Tuesday
10257,S18_2949,The Sharp Gifts Warehouse,50,88.14,4407.0,Vintage Cars,2004-06-14,Shipped,San Jose,USA,0.25,2004-06-01 00:00:00,2004-04-01 00:00:00,2004-01-01 00:00:00,6,Monday
10381,S18_2949,Corporate Gift Ideas Co.,41,100.0,4319.76,Vintage Cars,2005-02-17,Shipped,San Francisco,USA,0.25,2005-02-01 00:00:00,2005-01-01 00:00:00,2005-01-01 00:00:00,2,Thursday
10162,S18_2325,Corporate Gift Ideas Co.,38,100.0,4299.7,Vintage Cars,2003-10-18,Shipped,San Francisco,USA,0.25,2003-10-01 00:00:00,2003-10-01 00:00:00,2003-01-01 00:00:00,10,Saturday
10271,S18_2238,Mini Gifts Distributors Ltd.,50,100.0,9169.0,Classic Cars,2004-07-20,Shipped,San Rafael,USA,0.25,2004-07-01 00:00:00,2004-07-01 00:00:00,2004-01-01 00:00:00,7,Tuesday
10124,S18_2325,Signal Gift Stores,42,100.0,4431.84,Vintage Cars,2003-05-21,Shipped,Las Vegas,USA,0.25,2003-05-01 00:00:00,2003-04-01 00:00:00,2003-01-01 00:00:00,5,Wednesday
10332,S18_1342,"AV Stores, Co.",46,95.13,4375.98,Vintage Cars,2004-11-17,Shipped,Manchester,UK,0.25,2004-11-01 00:00:00,2004-10-01 00:00:00,2004-01-01 00:00:00,11,Wednesday
10162,S18_1342,Corporate Gift Ideas Co.,48,91.44,4389.12,Vintage Cars,2003-10-18,Shipped,San Francisco,USA,0.25,2003-10-01 00:00:00,2003-10-01 00:00:00,2003-01-01 00:00:00,10,Saturday
10273,S18_3856,Petit Auto,50,85.75,4287.5,Vintage Cars,2004-07-21,Shipped,Bruxelles,Belgium,0.25,2004-07-01 00:00:00,2004-07-01 00:00:00,2004-01-01 00:00:00,7,Wednesday
10127,S12_4473,Muscle Machine Inc,24,100.0,2559.6,Trucks and Buses,2003-06-03,Shipped,NYC,USA,0.25,2003-06-01 00:00:00,2003-04-01 00:00:00,2003-01-01 00:00:00,6,Tuesday
10361,S72_1253,Souveniers And Things Co.,23,95.2,2189.6,Planes,2004-12-17,Shipped,Chatswood,Australia,0.25,2004-12-01 00:00:00,2004-10-01 00:00:00,2004-01-01 00:00:00,12,Friday
10261,S72_3212,Quebec Home Shopping Network,29,50.78,1472.62,Ships,2004-06-17,Shipped,Montreal,Canada,0.25,2004-06-01 00:00:00,2004-04-01 00:00:00,2004-01-01 00:00:00,6,Thursday
10326,S18_4522,"Volvo Model Replicas, Co",50,86.01,4300.5,Vintage Cars,2004-11-09,Shipped,Lule,Sweden,0.25,2004-11-01 00:00:00,2004-10-01 00:00:00,2004-01-01 00:00:00,11,Tuesday
10266,S12_1099,L'ordine Souveniers,44,100.0,9160.36,Classic Cars,2004-07-06,Shipped,Reggio Emilia,Italy,0.25,2004-07-01 00:00:00,2004-07-01 00:00:00,2004-01-01 00:00:00,7,Tuesday
10147,S12_1099,Collectables For Less Inc.,48,100.0,9245.76,Classic Cars,2003-09-05,Shipped,Brickhaven,USA,0.25,2003-09-01 00:00:00,2003-07-01 00:00:00,2003-01-01 00:00:00,9,Friday
10120,S10_2016,"Australian Collectors, Co.",29,96.34,2793.86,Motorcycles,2003-04-29,Shipped,Melbourne,Australia,0.25,2003-04-01 00:00:00,2003-04-01 00:00:00,2003-01-01 00:00:00,4,Tuesday
10178,S24_3949,Alpha Cognac,30,72.33,2169.9,Planes,2003-11-08,Shipped,Toulouse,France,0.25,2003-11-01 00:00:00,2003-10-01 00:00:00,2003-01-01 00:00:00,11,Saturday
10121,S10_1678,Reims Collectables,34,81.35,2765.9,Motorcycles,2003-05-07,Shipped,Reims,France,0.24,2003-05-01 00:00:00,2003-04-01 00:00:00,2003-01-01 00:00:00,5,Wednesday
10416,S700_1691,L'ordine Souveniers,23,91.34,2100.82,Planes,2005-05-10,Shipped,Reggio Emilia,Italy,0.24,2005-05-01 00:00:00,2005-04-01 00:00:00,2005-01-01 00:00:00,5,Tuesday
10339,S10_2016,"Tokyo Collectables, Ltd",40,68.92,2756.8,Motorcycles,2004-11-23,Shipped,Minato-ku,Japan,0.24,2004-11-01 00:00:00,2004-10-01 00:00:00,2004-01-01 00:00:00,11,Tuesday
10196,S12_1108,Super Scale Inc.,47,100.0,8887.7,Classic Cars,2003-11-26,Shipped,New Haven,USA,0.24,2003-11-01 00:00:00,2003-10-01 00:00:00,2003-01-01 00:00:00,11,Wednesday
10391,S12_1666,"Anna's Decorations, Ltd",39,63.2,2464.8,Trucks and Buses,2005-03-09,Shipped,North Sydney,Australia,0.24,2005-03-01 00:00:00,2005-01-01 00:00:00,2005-01-01 00:00:00,3,Wednesday
10134,S12_2823,Lyon Souveniers,20,100.0,2711.2,Motorcycles,2003-07-01,Shipped,Paris,France,0.24,2003-07-01 00:00:00,2003-07-01 00:00:00,2003-01-01 00:00:00,7,Tuesday
10405,S12_4675,Mini Caravy,97,93.28,9048.16,Classic Cars,2005-04-14,Shipped,Strasbourg,France,0.24,2005-04-01 00:00:00,2005-04-01 00:00:00,2005-01-01 00:00:00,4,Thursday
10206,S10_1949,Canadian Gift Exchange Network,47,100.0,9064.89,Classic Cars,2003-12-05,Shipped,Vancouver,Canada,0.24,2003-12-01 00:00:00,2003-10-01 00:00:00,2003-01-01 00:00:00,12,Friday
10357,S18_2432,Mini Gifts Distributors Ltd.,41,61.99,2541.59,Trucks and Buses,2004-12-10,Shipped,San Rafael,USA,0.24,2004-12-01 00:00:00,2004-10-01 00:00:00,2004-01-01 00:00:00,12,Friday
10120,S18_2625,"Australian Collectors, Co.",46,58.15,2674.9,Motorcycles,2003-04-29,Shipped,Melbourne,Australia,0.24,2003-04-01 00:00:00,2003-04-01 00:00:00,2003-01-01 00:00:00,4,Tuesday
10149,S18_2795,Signal Collectibles Ltd.,23,100.0,4230.62,Vintage Cars,2003-09-12,Shipped,Brisbane,USA,0.24,2003-09-01 00:00:00,2003-07-01 00:00:00,2003-01-01 00:00:00,9,Friday
10165,S18_3232,"Dragon Souveniers, Ltd.",47,100.0,8754.69,Classic Cars,2003-10-22,Shipped,Singapore,Singapore,0.24,2003-10-01 00:00:00,2003-10-01 00:00:00,2003-01-01 00:00:00,10,Wednesday
10310,S18_3232,"Toms Spezialitten, Ltd",48,100.0,8940.96,Classic Cars,2004-10-16,Shipped,Koln,Germany,0.24,2004-10-01 00:00:00,2004-10-01 00:00:00,2004-01-01 00:00:00,10,Saturday
10111,S18_3320,Mini Wheels Co.,39,100.0,4178.85,Vintage Cars,2003-03-25,Shipped,San Francisco,USA,0.24,2003-03-01 00:00:00,2003-01-01 00:00:00,2003-01-01 00:00:00,3,Tuesday
10281,S18_4600,Diecast Classics Inc.,25,99.29,2482.25,Trucks and Buses,2004-08-19,Shipped,Allentown,USA,0.24,2004-08-01 00:00:00,2004-07-01 00:00:00,2004-01-01 00:00:00,8,Thursday
10190,S50_4713,Euro Shopping Channel,40,66.72,2668.8,Motorcycles,2003-11-19,Shipped,Madrid,Spain,0.24,2003-11-01 00:00:00,2003-10-01 00:00:00,2003-01-01 00:00:00,11,Wednesday
10120,S18_2581,"Australian Collectors, Co.",29,71.81,2082.49,Planes,2003-04-29,Shipped,Melbourne,Australia,0.24,2003-04-01 00:00:00,2003-04-01 00:00:00,2003-01-01 00:00:00,4,Tuesday
10285,S24_2000,Marta's Replicas Co.,39,70.08,2733.12,Motorcycles,2004-08-27,Shipped,Cambridge,USA,0.24,2004-08-01 00:00:00,2004-07-01 00:00:00,2004-01-01 00:00:00,8,Friday
10384,S24_3151,Corporate Gift Ideas Co.,43,97.87,4208.41,Vintage Cars,2005-02-23,Shipped,San Francisco,USA,0.24,2005-02-01 00:00:00,2005-01-01 00:00:00,2005-01-01 00:00:00,2,Wednesday
10307,S18_3856,"Classic Gift Ideas, Inc",48,86.81,4166.88,Vintage Cars,2004-10-14,Shipped,Philadelphia,USA,0.24,2004-10-01 00:00:00,2004-10-01 00:00:00,2004-01-01 00:00:00,10,Thursday
10339,S72_1253,"Tokyo Collectables, Ltd",27,76.31,2060.37,Planes,2004-11-23,Shipped,Minato-ku,Japan,0.24,2004-11-01 00:00:00,2004-10-01 00:00:00,2004-01-01 00:00:00,11,Tuesday
10105,S72_3212,Danish Wholesale Imports,25,56.78,1419.5,Ships,2003-02-11,Shipped,Kobenhavn,Denmark,0.24,2003-02-01 00:00:00,2003-01-01 00:00:00,2003-01-01 00:00:00,2,Tuesday
10297,S18_2581,"Clover Collections, Co.",25,82.79,2069.75,Planes,2004-09-16,Shipped,Dublin,Ireland,0.24,2004-09-01 00:00:00,2004-07-01 00:00:00,2004-01-01 00:00:00,9,Thursday
10284,S700_4002,"Norway Gifts By Mail, Co.",32,64.41,2061.12,Planes,2004-08-21,Shipped,Oslo,Norway,0.24,2004-08-01 00:00:00,2004-07-01 00:00:00,2004-01-01 00:00:00,8,Saturday
10135,S32_4485,Mini Gifts Distributors Ltd.,30,89.8,2694.0,Motorcycles,2003-07-02,Shipped,San Rafael,USA,0.24,2003-07-01 00:00:00,2003-07-01 00:00:00,2003-01-01 00:00:00,7,Wednesday
10328,S700_3167,Rovelli Gifts,33,64.0,2112.0,Planes,2004-11-12,Shipped,Bergamo,Italy,0.24,2004-11-01 00:00:00,2004-10-01 00:00:00,2004-01-01 00:00:00,11,Friday
10391,S18_1097,"Anna's Decorations, Ltd",29,85.1,2467.9,Trucks and Buses,2005-03-09,Shipped,North Sydney,Australia,0.24,2005-03-01 00:00:00,2005-01-01 00:00:00,2005-01-01 00:00:00,3,Wednesday
10165,S12_1108,"Dragon Souveniers, Ltd.",44,100.0,8594.52,Classic Cars,2003-10-22,Shipped,Singapore,Singapore,0.23,2003-10-01 00:00:00,2003-10-01 00:00:00,2003-01-01 00:00:00,10,Wednesday
10284,S700_1691,"Norway Gifts By Mail, Co.",24,83.12,1994.88,Planes,2004-08-21,Shipped,Oslo,Norway,0.23,2004-08-01 00:00:00,2004-07-01 00:00:00,2004-01-01 00:00:00,8,Saturday
10231,S12_1108,CAF Imports,42,100.0,8378.58,Classic Cars,2004-03-19,Shipped,Madrid,Spain,0.23,2004-03-01 00:00:00,2004-01-01 00:00:00,2004-01-01 00:00:00,3,Friday
10293,S12_1108,Amica Models & Co.,46,100.0,8411.56,Classic Cars,2004-09-09,Shipped,Torino,Italy,0.23,2004-09-01 00:00:00,2004-07-01 00:00:00,2004-01-01 00:00:00,9,Thursday
10126,S12_1666,"Corrida Auto Replicas, Ltd",21,100.0,2439.57,Trucks and Buses,2003-05-28,Shipped,Madrid,Spain,0.23,2003-05-01 00:00:00,2003-04-01 00:00:00,2003-01-01 00:00:00,5,Wednesday
10176,S12_3148,L'ordine Souveniers,47,100.0,8378.69,Classic Cars,2003-11-06,Shipped,Reggio Emilia,Italy,0.23,2003-11-01 00:00:00,2003-10-01 00:00:00,2003-01-01 00:00:00,11,Thursday
10344,S18_2325,Marseille Mini Autos,30,100.0,3928.2,Vintage Cars,2004-11-25,Shipped,Marseille,France,0.23,2004-11-01 00:00:00,2004-10-01 00:00:00,2004-01-01 00:00:00,11,Thursday
10136,S18_3232,Alpha Cognac,41,100.0,8331.61,Classic Cars,2003-07-04,Shipped,Toulouse,France,0.23,2003-07-01 00:00:00,2003-07-01 00:00:00,2003-01-01 00:00:00,7,Friday
10149,S18_3320,Signal Collectibles Ltd.,42,94.25,3958.5,Vintage Cars,2003-09-12,Shipped,Brisbane,USA,0.23,2003-09-01 00:00:00,2003-07-01 00:00:00,2003-01-01 00:00:00,9,Friday
10304,S18_3320,Auto Assoc. & Cie.,38,100.0,3958.46,Vintage Cars,2004-10-11,Shipped,Versailles,France,0.23,2004-10-01 00:00:00,2004-10-01 00:00:00,2004-01-01 00:00:00,10,Monday
10392,S18_3320,Mini Auto Werke,36,100.0,4035.96,Vintage Cars,2005-03-10,Shipped,Graz,Austria,0.23,2005-03-01 00:00:00,2005-01-01 00:00:00,2005-01-01 00:00:00,3,Thursday
10169,S18_3782,"Anna's Decorations, Ltd",38,68.39,2598.82,Motorcycles,2003-11-04,Shipped,North Sydney,Australia,0.23,2003-11-01 00:00:00,2003-10-01 00:00:00,2003-01-01 00:00:00,11,Tuesday
10264,S18_3782,Gifts4AllAges.com,48,54.71,2626.08,Motorcycles,2004-06-30,Shipped,Boston,USA,0.23,2004-06-01 00:00:00,2004-04-01 00:00:00,2004-01-01 00:00:00,6,Wednesday
10208,S12_1108,"Saveley & Henriot, Co.",46,100.0,8602.92,Classic Cars,2004-01-02,Shipped,Lyon,France,0.23,2004-01-01 00:00:00,2004-01-01 00:00:00,2004-01-01 00:00:00,1,Friday
10182,S18_4409,Mini Gifts Distributors Ltd.,36,100.0,3942.72,Vintage Cars,2003-11-12,Shipped,San Rafael,USA,0.23,2003-11-01 00:00:00,2003-10-01 00:00:00,2003-01-01 00:00:00,11,Wednesday
10183,S18_4600,"Classic Gift Ideas, Inc",21,100.0,2441.04,Trucks and Buses,2003-11-13,Shipped,Philadelphia,USA,0.23,2003-11-01 00:00:00,2003-10-01 00:00:00,2003-01-01 00:00:00,11,Thursday
10245,S18_4600,Super Scale Inc.,21,100.0,2390.22,Trucks and Buses,2004-05-04,Shipped,New Haven,USA,0.23,2004-05-01 00:00:00,2004-04-01 00:00:00,2004-01-01 00:00:00,5,Tuesday
10251,S24_1578,Tekni Collectables Inc.,26,100.0,2637.18,Motorcycles,2004-05-18,Shipped,Newark,USA,0.23,2004-05-01 00:00:00,2004-04-01 00:00:00,2004-01-01 00:00:00,5,Tuesday
10309,S24_1578,Baane Mini Imports,21,100.0,2650.62,Motorcycles,2004-10-15,Shipped,Stavern,Norway,0.23,2004-10-01 00:00:00,2004-10-01 00:00:00,2004-01-01 00:00:00,10,Friday
10329,S24_1578,Land of Toys Inc.,30,87.78,2633.4,Motorcycles,2004-11-15,Shipped,NYC,USA,0.23,2004-11-01 00:00:00,2004-10-01 00:00:00,2004-01-01 00:00:00,11,Monday
10223,S24_2000,"Australian Collectors, Co.",38,69.31,2633.78,Motorcycles,2004-02-20,Shipped,Melbourne,Australia,0.23,2004-02-01 00:00:00,2004-01-01 00:00:00,2004-01-01 00:00:00,2,Friday
10391,S24_2022,"Anna's Decorations, Ltd",24,100.0,4042.08,Vintage Cars,2005-03-09,Shipped,North Sydney,Australia,0.23,2005-03-01 00:00:00,2005-01-01 00:00:00,2005-01-01 00:00:00,3,Wednesday
10119,S24_3949,Salzburg Collectables,28,70.29,1968.12,Planes,2003-04-28,Shipped,Salzburg,Austria,0.23,2003-04-01 00:00:00,2003-04-01 00:00:00,2003-01-01 00:00:00,4,Monday
10168,S24_3949,Technics Stores Inc.,27,73.02,1971.54,Planes,2003-10-28,Shipped,Burlingame,USA,0.23,2003-10-01 00:00:00,2003-10-01 00:00:00,2003-01-01 00:00:00,10,Tuesday
10210,S24_3949,Osaka Souveniers Co.,29,69.6,2018.4,Planes,2004-01-12,Shipped,Osaka,Japan,0.23,2004-01-01 00:00:00,2004-01-01 00:00:00,2004-01-01 00:00:00,1,Monday
10235,S24_3949,"Royal Canadian Collectables, Ltd.",33,60.05,1981.65,Planes,2004-04-02,Shipped,Tsawassen,Canada,0.23,2004-04-01 00:00:00,2004-04-01 00:00:00,2004-01-01 00:00:00,4,Friday
10351,S24_3949,"Stylish Desk Decors, Co.",34,59.37,2018.58,Planes,2004-12-03,Shipped,London,UK,0.23,2004-12-01 00:00:00,2004-10-01 00:00:00,2004-01-01 00:00:00,12,Friday
10335,S32_2509,Mini Gifts Distributors Ltd.,40,60.6,2424.0,Trucks and Buses,2004-11-19,Shipped,San Rafael,USA,0.23,2004-11-01 00:00:00,2004-10-01 00:00:00,2004-01-01 00:00:00,11,Friday
10285,S32_4485,Marta's Replicas Co.,26,100.0,2600.26,Motorcycles,2004-08-27,Shipped,Cambridge,USA,0.23,2004-08-01 00:00:00,2004-07-01 00:00:00,2004-01-01 00:00:00,8,Friday
10319,S32_4485,Microscale Inc.,22,100.0,2626.8,Motorcycles,2004-11-03,Shipped,NYC,USA,0.23,2004-11-01 00:00:00,2004-10-01 00:00:00,2004-01-01 00:00:00,11,Wednesday
10219,S18_2238,Signal Collectibles Ltd.,43,100.0,8448.64,Classic Cars,2004-02-10,Shipped,Brisbane,USA,0.23,2004-02-01 00:00:00,2004-01-01 00:00:00,2004-01-01 00:00:00,2,Tuesday
10413,S12_1108,Gift Depot Inc.,36,100.0,8677.8,Classic Cars,2005-05-05,Shipped,Bridgewater,USA,0.23,2005-05-01 00:00:00,2005-04-01 00:00:00,2005-01-01 00:00:00,5,Thursday
10380,S24_3969,Euro Shopping Channel,43,95.03,4086.29,Vintage Cars,2005-02-16,Shipped,Madrid,Spain,0.23,2005-02-01 00:00:00,2005-01-01 00:00:00,2005-01-01 00:00:00,2,Wednesday
10128,S18_4522,Euro Shopping Channel,43,92.16,3962.88,Vintage Cars,2003-06-06,Shipped,Madrid,Spain,0.23,2003-06-01 00:00:00,2003-04-01 00:00:00,2003-01-01 00:00:00,6,Friday
10105,S24_3816,Danish Wholesale Imports,50,79.67,3983.5,Vintage Cars,2003-02-11,Shipped,Kobenhavn,Denmark,0.23,2003-02-01 00:00:00,2003-01-01 00:00:00,2003-01-01 00:00:00,2,Tuesday
10265,S18_3482,"Australian Collectables, Ltd",49,100.0,8427.02,Classic Cars,2004-07-02,Shipped,Glen Waverly,Australia,0.23,2004-07-01 00:00:00,2004-07-01 00:00:00,2004-01-01 00:00:00,7,Friday
10313,S32_1268,Canadian Gift Exchange Network,27,87.64,2366.28,Trucks and Buses,2004-10-22,Shipped,Vancouver,Canada,0.23,2004-10-01 00:00:00,2004-10-01 00:00:00,2004-01-01 00:00:00,10,Friday
10273,S24_3816,Petit Auto,48,83.02,3984.96,Vintage Cars,2004-07-21,Shipped,Bruxelles,Belgium,0.23,2004-07-01 00:00:00,2004-07-01 00:00:00,2004-01-01 00:00:00,7,Wednesday
10208,S18_4522,"Saveley & Henriot, Co.",45,87.77,3949.65,Vintage Cars,2004-01-02,Shipped,Lyon,France,0.23,2004-01-01 00:00:00,2004-01-01 00:00:00,2004-01-01 00:00:00,1,Friday
10333,S32_3522,Mini Wheels Co.,33,73.69,2431.77,Trucks and Buses,2004-11-18,Shipped,San Francisco,USA,0.23,2004-11-01 00:00:00,2004-10-01 00:00:00,2004-01-01 00:00:00,11,Thursday
10363,S24_2360,Suominen Souveniers,43,61.23,2632.89,Motorcycles,2005-01-06,Shipped,Espoo,Finland,0.23,2005-01-01 00:00:00,2005-01-01 00:00:00,2005-01-01 00:00:00,1,Thursday
10133,S32_1374,Euro Shopping Channel,23,100.0,2642.01,Motorcycles,2003-06-27,Shipped,Madrid,Spain,0.23,2003-06-01 00:00:00,2003-04-01 00:00:00,2003-01-01 00:00:00,6,Friday
10316,S18_3856,giftsbymail.co.uk,47,86.81,4080.07,Vintage Cars,2004-11-01,Shipped,Cowes,UK,0.23,2004-11-01 00:00:00,2004-10-01 00:00:00,2004-01-01 00:00:00,11,Monday
10217,S32_3522,Handji Gifts& Co,39,62.05,2419.95,Trucks and Buses,2004-02-04,Shipped,Singapore,Singapore,0.23,2004-02-01 00:00:00,2004-01-01 00:00:00,2004-01-01 00:00:00,2,Wednesday
10299,S10_1678,"Toys of Finland, Co.",23,100.0,2597.39,Motorcycles,2004-09-30,Shipped,Helsinki,Finland,0.23,2004-09-01 00:00:00,2004-07-01 00:00:00,2004-01-01 00:00:00,9,Thursday
10175,S32_1268,"Stylish Desk Decors, Co.",22,100.0,2436.72,Trucks and Buses,2003-11-06,Shipped,London,UK,0.23,2003-11-01 00:00:00,2003-10-01 00:00:00,2003-01-01 00:00:00,11,Thursday
10273,S700_1138,Petit Auto,21,65.34,1372.14,Ships,2004-07-21,Shipped,Bruxelles,Belgium,0.23,2004-07-01 00:00:00,2004-07-01 00:00:00,2004-01-01 00:00:00,7,Wednesday
10105,S12_1108,Danish Wholesale Imports,41,100.0,8690.36,Classic Cars,2003-02-11,Shipped,Kobenhavn,Denmark,0.23,2003-02-01 00:00:00,2003-01-01 00:00:00,2003-01-01 00:00:00,2,Tuesday
10353,S24_1785,Gift Ideas Corp.,28,71.73,2008.44,Planes,2004-12-04,Shipped,Glendale,USA,0.23,2004-12-01 00:00:00,2004-10-01 00:00:00,2004-01-01 00:00:00,12,Saturday
10284,S32_4289,"Norway Gifts By Mail, Co.",50,81.86,4093.0,Vintage Cars,2004-08-21,Shipped,Oslo,Norway,0.23,2004-08-01 00:00:00,2004-07-01 00:00:00,2004-01-01 00:00:00,8,Saturday
10281,S32_1268,Diecast Classics Inc.,29,82.83,2402.07,Trucks and Buses,2004-08-19,Shipped,Allentown,USA,0.23,2004-08-01 00:00:00,2004-07-01 00:00:00,2004-01-01 00:00:00,8,Thursday
10319,S18_3782,Microscale Inc.,44,59.06,2598.64,Motorcycles,2004-11-03,Shipped,NYC,USA,0.23,2004-11-01 00:00:00,2004-10-01 00:00:00,2004-01-01 00:00:00,11,Wednesday
10180,S10_1678,Daedalus Designs Imports,29,86.13,2497.77,Motorcycles,2003-11-11,Shipped,Lille,France,0.22,2003-11-01 00:00:00,2003-10-01 00:00:00,2003-01-01 00:00:00,11,Tuesday
10222,S18_3856,Collectable Mini Designs Co.,45,85.75,3858.75,Vintage Cars,2004-02-19,Shipped,San Diego,USA,0.22,2004-02-01 00:00:00,2004-01-01 00:00:00,2004-01-01 00:00:00,2,Thursday
10174,S10_1949,"Australian Gift Network, Co",34,100.0,8014.82,Classic Cars,2003-11-06,Shipped,South Brisbane,Australia,0.22,2003-11-01 00:00:00,2003-10-01 00:00:00,2003-01-01 00:00:00,11,Thursday
10280,S10_1949,Amica Models & Co.,34,100.0,8014.82,Classic Cars,2004-08-17,Shipped,Torino,Italy,0.22,2004-08-01 00:00:00,2004-07-01 00:00:00,2004-01-01 00:00:00,8,Tuesday
10381,S10_1949,Corporate Gift Ideas Co.,36,100.0,8254.8,Classic Cars,2005-02-17,Shipped,San Francisco,USA,0.22,2005-02-01 00:00:00,2005-01-01 00:00:00,2005-01-01 00:00:00,2,Thursday
10135,S12_1099,Mini Gifts Distributors Ltd.,42,100.0,8008.56,Classic Cars,2003-07-02,Shipped,San Rafael,USA,0.22,2003-07-01 00:00:00,2003-07-01 00:00:00,2003-01-01 00:00:00,7,Wednesday
10159,S12_1099,Corporate Gift Ideas Co.,41,100.0,8296.35,Classic Cars,2003-10-10,Shipped,San Francisco,USA,0.22,2003-10-01 00:00:00,2003-10-01 00:00:00,2003-01-01 00:00:00,10,Friday
10142,S12_1108,Mini Gifts Distributors Ltd.,33,100.0,8023.29,Classic Cars,2003-08-08,Shipped,San Rafael,USA,0.22,2003-08-01 00:00:00,2003-07-01 00:00:00,2003-01-01 00:00:00,8,Friday
10314,S12_1108,Heintze Collectables,38,100.0,7975.44,Classic Cars,2004-10-22,Shipped,Aaarhus,Denmark,0.22,2004-10-01 00:00:00,2004-10-01 00:00:00,2004-01-01 00:00:00,10,Friday
10413,S12_3148,Gift Depot Inc.,47,100.0,8236.75,Classic Cars,2005-05-05,Shipped,Bridgewater,USA,0.22,2005-05-01 00:00:00,2005-04-01 00:00:00,2005-01-01 00:00:00,5,Thursday
10127,S12_3891,Muscle Machine Inc,42,100.0,8138.76,Classic Cars,2003-06-03,Shipped,NYC,USA,0.22,2003-06-01 00:00:00,2003-04-01 00:00:00,2003-01-01 00:00:00,6,Tuesday
10272,S12_3891,Diecast Classics Inc.,39,100.0,7962.24,Classic Cars,2004-07-20,Shipped,Allentown,USA,0.22,2004-07-01 00:00:00,2004-07-01 00:00:00,2004-01-01 00:00:00,7,Tuesday
10293,S12_3891,Amica Models & Co.,45,100.0,8253.0,Classic Cars,2004-09-09,Shipped,Torino,Italy,0.22,2004-09-01 00:00:00,2004-07-01 00:00:00,2004-01-01 00:00:00,9,Thursday
10322,S18_1097,Online Diecast Creations Co.,22,100.0,2251.04,Trucks and Buses,2004-11-04,Shipped,Nashua,USA,0.22,2004-11-01 00:00:00,2004-10-01 00:00:00,2004-01-01 00:00:00,11,Thursday
10312,S18_1342,Mini Gifts Distributors Ltd.,43,89.38,3843.34,Vintage Cars,2004-10-21,Shipped,San Rafael,USA,0.22,2004-10-01 00:00:00,2004-10-01 00:00:00,2004-01-01 00:00:00,10,Thursday
10101,S18_2325,"Blauer See Auto, Co.",25,100.0,3782.0,Vintage Cars,2003-01-09,Shipped,Frankfurt,Germany,0.22,2003-01-01 00:00:00,2003-01-01 00:00:00,2003-01-01 00:00:00,1,Thursday
10403,S10_1678,"UK Collectables, Ltd.",24,100.0,2434.56,Motorcycles,2005-04-08,Shipped,Liverpool,UK,0.22,2005-04-01 00:00:00,2005-04-01 00:00:00,2005-01-01 00:00:00,4,Friday
10101,S18_2795,"Blauer See Auto, Co.",26,100.0,3773.38,Vintage Cars,2003-01-09,Shipped,Frankfurt,Germany,0.22,2003-01-01 00:00:00,2003-01-01 00:00:00,2003-01-01 00:00:00,1,Thursday
10312,S18_2795,Mini Gifts Distributors Ltd.,25,100.0,3881.25,Vintage Cars,2004-10-21,Shipped,San Rafael,USA,0.22,2004-10-01 00:00:00,2004-10-01 00:00:00,2004-01-01 00:00:00,10,Thursday
10306,S18_3140,"AV Stores, Co.",32,100.0,3759.04,Vintage Cars,2004-10-14,Shipped,Manchester,UK,0.22,2004-10-01 00:00:00,2004-10-01 00:00:00,2004-01-01 00:00:00,10,Thursday
10372,S18_3140,"Tokyo Collectables, Ltd",28,100.0,3862.88,Vintage Cars,2005-01-26,Shipped,Minato-ku,Japan,0.22,2005-01-01 00:00:00,2005-01-01 00:00:00,2005-01-01 00:00:00,1,Wednesday
10109,S18_3232,Motor Mint Distributors Inc.,46,100.0,8257.0,Classic Cars,2003-03-10,Shipped,Philadelphia,USA,0.22,2003-03-01 00:00:00,2003-01-01 00:00:00,2003-01-01 00:00:00,3,Monday
10114,S18_3232,"La Corne D'abondance, Co.",48,100.0,8209.44,Classic Cars,2003-04-01,Shipped,Paris,France,0.22,2003-04-01 00:00:00,2003-04-01 00:00:00,2003-01-01 00:00:00,4,Tuesday
10203,S18_3232,Euro Shopping Channel,48,100.0,8291.04,Classic Cars,2003-12-02,Shipped,Madrid,Spain,0.22,2003-12-01 00:00:00,2003-10-01 00:00:00,2003-01-01 00:00:00,12,Tuesday
10211,S18_3782,Auto Canal Petit,46,54.09,2488.14,Motorcycles,2004-01-15,Shipped,Paris,France,0.22,2004-01-01 00:00:00,2004-01-01 00:00:00,2004-01-01 00:00:00,1,Thursday
10220,S18_4027,"Clover Collections, Co.",50,100.0,8258.0,Classic Cars,2004-02-12,Shipped,Dublin,Ireland,0.22,2004-02-01 00:00:00,2004-01-01 00:00:00,2004-01-01 00:00:00,2,Thursday
10162,S18_4409,Corporate Gift Ideas Co.,39,100.0,3912.09,Vintage Cars,2003-10-18,Shipped,San Francisco,USA,0.22,2003-10-01 00:00:00,2003-10-01 00:00:00,2003-01-01 00:00:00,10,Saturday
10241,S18_4409,Mini Caravy,42,90.19,3787.98,Vintage Cars,2004-04-13,Shipped,Strasbourg,France,0.22,2004-04-01 00:00:00,2004-04-01 00:00:00,2004-01-01 00:00:00,4,Tuesday
10188,S24_1578,Herkku Gifts,25,100.0,2535.75,Motorcycles,2003-11-18,Shipped,Bergen,Norway,0.22,2003-11-01 00:00:00,2003-10-01 00:00:00,2003-01-01 00:00:00,11,Tuesday
10129,S24_3151,"Stylish Desk Decors, Co.",41,94.71,3883.11,Vintage Cars,2003-06-12,Shipped,London,UK,0.22,2003-06-01 00:00:00,2003-04-01 00:00:00,2003-01-01 00:00:00,6,Thursday
10197,S24_3151,Enaco Distributors,47,83.2,3910.4,Vintage Cars,2003-11-26,Shipped,Barcelona,Spain,0.22,2003-11-01 00:00:00,2003-10-01 00:00:00,2003-01-01 00:00:00,11,Wednesday
10233,S24_3151,Tekni Collectables Inc.,40,94.71,3788.4,Vintage Cars,2004-03-29,Shipped,Newark,USA,0.22,2004-03-01 00:00:00,2004-01-01 00:00:00,2004-01-01 00:00:00,3,Monday
10295,S24_3151,Gifts4AllAges.com,46,84.97,3908.62,Vintage Cars,2004-09-10,Shipped,Boston,USA,0.22,2004-09-01 00:00:00,2004-07-01 00:00:00,2004-01-01 00:00:00,9,Friday
10361,S24_3420,Souveniers And Things Co.,34,100.0,3871.92,Vintage Cars,2004-12-17,Shipped,Chatswood,Australia,0.22,2004-12-01 00:00:00,2004-10-01 00:00:00,2004-01-01 00:00:00,12,Friday
10127,S32_2509,Muscle Machine Inc,45,51.95,2337.75,Trucks and Buses,2003-06-03,Shipped,NYC,USA,0.22,2003-06-01 00:00:00,2003-04-01 00:00:00,2003-01-01 00:00:00,6,Tuesday
10292,S32_2509,Land of Toys Inc.,50,46.53,2326.5,Trucks and Buses,2004-09-08,Shipped,NYC,USA,0.22,2004-09-01 00:00:00,2004-07-01 00:00:00,2004-01-01 00:00:00,9,Wednesday
10305,S32_2509,Marta's Replicas Co.,40,57.9,2316.0,Trucks and Buses,2004-10-13,Shipped,Cambridge,USA,0.22,2004-10-01 00:00:00,2004-10-01 00:00:00,2004-01-01 00:00:00,10,Wednesday
10180,S32_4485,Daedalus Designs Imports,22,100.0,2514.6,Motorcycles,2003-11-11,Shipped,Lille,France,0.22,2003-11-01 00:00:00,2003-10-01 00:00:00,2003-01-01 00:00:00,11,Tuesday
10309,S50_4713,Baane Mini Imports,28,88.68,2483.04,Motorcycles,2004-10-15,Shipped,Stavern,Norway,0.22,2004-10-01 00:00:00,2004-10-01 00:00:00,2004-01-01 00:00:00,10,Friday
10398,S700_3167,Reims Collectables,29,65.6,1902.4,Planes,2005-03-30,Shipped,Reims,France,0.22,2005-03-01 00:00:00,2005-01-01 00:00:00,2005-01-01 00:00:00,3,Wednesday
10143,S72_1253,Mini Creations Ltd.,37,50.65,1874.05,Planes,2003-08-10,Shipped,New Bedford,USA,0.22,2003-08-01 00:00:00,2003-07-01 00:00:00,2003-01-01 00:00:00,8,Sunday
10274,S72_1253,Collectables For Less Inc.,32,58.6,1875.2,Planes,2004-07-21,Shipped,Brickhaven,USA,0.22,2004-07-01 00:00:00,2004-07-01 00:00:00,2004-01-01 00:00:00,7,Wednesday
10121,S24_2360,Reims Collectables,32,76.88,2460.16,Motorcycles,2003-05-07,Shipped,Reims,France,0.22,2003-05-01 00:00:00,2003-04-01 00:00:00,2003-01-01 00:00:00,5,Wednesday
10394,S32_2509,Euro Shopping Channel,36,62.77,2259.72,Trucks and Buses,2005-03-15,Shipped,Madrid,Spain,0.22,2005-03-01 00:00:00,2005-01-01 00:00:00,2005-01-01 00:00:00,3,Tuesday
10375,S24_2000,La Rochelle Gifts,23,100.0,2443.29,Motorcycles,2005-02-03,Shipped,Nantes,France,0.22,2005-02-01 00:00:00,2005-01-01 00:00:00,2005-01-01 00:00:00,2,Thursday
10180,S24_2360,Daedalus Designs Imports,35,72.03,2521.05,Motorcycles,2003-11-11,Shipped,Lille,France,0.22,2003-11-01 00:00:00,2003-10-01 00:00:00,2003-01-01 00:00:00,11,Tuesday
10129,S24_3816,"Stylish Desk Decors, Co.",50,77.99,3899.5,Vintage Cars,2003-06-12,Shipped,London,UK,0.22,2003-06-01 00:00:00,2003-04-01 00:00:00,2003-01-01 00:00:00,6,Thursday
10217,S32_1268,Handji Gifts& Co,21,100.0,2244.9,Trucks and Buses,2004-02-04,Shipped,Singapore,Singapore,0.22,2004-02-01 00:00:00,2004-01-01 00:00:00,2004-01-01 00:00:00,2,Wednesday
10351,S24_2841,"Stylish Desk Decors, Co.",25,74.68,1867.0,Planes,2004-12-03,Shipped,London,UK,0.22,2004-12-01 00:00:00,2004-10-01 00:00:00,2004-01-01 00:00:00,12,Friday
10291,S32_3522,Scandinavian Gift Ideas,32,71.75,2296.0,Trucks and Buses,2004-09-08,Shipped,Boras,Sweden,0.22,2004-09-01 00:00:00,2004-07-01 00:00:00,2004-01-01 00:00:00,9,Wednesday
10328,S18_3856,Rovelli Gifts,34,100.0,3815.48,Vintage Cars,2004-11-12,Shipped,Bergamo,Italy,0.22,2004-11-01 00:00:00,2004-10-01 00:00:00,2004-01-01 00:00:00,11,Friday
10163,S24_4258,Classic Legends Inc.,42,91.55,3845.1,Vintage Cars,2003-10-20,Shipped,NYC,USA,0.22,2003-10-01 00:00:00,2003-10-01 00:00:00,2003-01-01 00:00:00,10,Monday
10398,S700_2466,Reims Collectables,22,86.76,1908.72,Planes,2005-03-30,Shipped,Reims,France,0.22,2005-03-01 00:00:00,2005-01-01 00:00:00,2005-01-01 00:00:00,3,Wednesday
10388,S32_4289,FunGiftIdeas.com,35,100.0,3918.95,Vintage Cars,2005-03-03,Shipped,New Bedford,USA,0.22,2005-03-01 00:00:00,2005-01-01 00:00:00,2005-01-01 00:00:00,3,Thursday
10178,S700_2466,Alpha Cognac,22,87.75,1930.5,Planes,2003-11-08,Shipped,Toulouse,France,0.22,2003-11-01 00:00:00,2003-10-01 00:00:00,2003-01-01 00:00:00,11,Saturday
10288,S18_2325,Handji Gifts& Co,31,100.0,3822.92,Vintage Cars,2004-09-01,Shipped,Singapore,Singapore,0.22,2004-09-01 00:00:00,2004-07-01 00:00:00,2004-01-01 00:00:00,9,Wednesday
10319,S24_2360,Microscale Inc.,31,81.73,2533.63,Motorcycles,2004-11-03,Shipped,NYC,USA,0.22,2004-11-01 00:00:00,2004-10-01 00:00:00,2004-01-01 00:00:00,11,Wednesday
10307,S24_2841,"Classic Gift Ideas, Inc",25,75.36,1884.0,Planes,2004-10-14,Shipped,Philadelphia,USA,0.22,2004-10-01 00:00:00,2004-10-01 00:00:00,2004-01-01 00:00:00,10,Thursday
10120,S32_1374,"Australian Collectors, Co.",22,100.0,2461.36,Motorcycles,2003-04-29,Shipped,Melbourne,Australia,0.22,2003-04-01 00:00:00,2003-04-01 00:00:00,2003-01-01 00:00:00,4,Tuesday
10405,S18_3232,Mini Caravy,55,100.0,8289.05,Classic Cars,2005-04-14,Shipped,Strasbourg,France,0.22,2005-04-01 00:00:00,2005-04-01 00:00:00,2005-01-01 00:00:00,4,Thursday
10223,S32_1374,"Australian Collectors, Co.",21,100.0,2475.27,Motorcycles,2004-02-20,Shipped,Melbourne,Australia,0.22,2004-02-01 00:00:00,2004-01-01 00:00:00,2004-01-01 00:00:00,2,Friday
10133,S700_1691,Euro Shopping Channel,24,77.64,1863.36,Planes,2003-06-27,Shipped,Madrid,Spain,0.22,2003-06-01 00:00:00,2003-04-01 00:00:00,2003-01-01 00:00:00,6,Friday
10263,S32_1374,Gift Depot Inc.,31,79.91,2477.21,Motorcycles,2004-06-28,Shipped,Bridgewater,USA,0.22,2004-06-01 00:00:00,2004-04-01 00:00:00,2004-01-01 00:00:00,6,Monday
10110,S18_2325,"AV Stores, Co.",33,100.0,3859.68,Vintage Cars,2003-03-18,Shipped,Manchester,UK,0.22,2003-03-01 00:00:00,2003-01-01 00:00:00,2003-01-01 00:00:00,3,Tuesday
10237,S10_1678,Vitachrome Inc.,23,100.0,2333.12,Motorcycles,2004-04-05,Shipped,NYC,USA,0.21,2004-04-01 00:00:00,2004-04-01 00:00:00,2004-01-01 00:00:00,4,Monday
10375,S32_4289,La Rochelle Gifts,44,82.26,3619.44,Vintage Cars,2005-02-03,Shipped,Nantes,France,0.21,2005-02-01 00:00:00,2005-01-01 00:00:00,2005-01-01 00:00:00,2,Thursday
10122,S12_1099,Marseille Mini Autos,42,100.0,7599.9,Classic Cars,2003-05-08,Shipped,Marseille,France,0.21,2003-05-01 00:00:00,2003-04-01 00:00:00,2003-01-01 00:00:00,5,Thursday
10176,S12_3891,L'ordine Souveniers,50,100.0,7872.5,Classic Cars,2003-11-06,Shipped,Reggio Emilia,Italy,0.21,2003-11-01 00:00:00,2003-10-01 00:00:00,2003-01-01 00:00:00,11,Thursday
10205,S18_1342,Euro Shopping Channel,36,100.0,3735.72,Vintage Cars,2003-12-03,Shipped,Madrid,Spain,0.21,2003-12-01 00:00:00,2003-10-01 00:00:00,2003-01-01 00:00:00,12,Wednesday
10322,S18_1342,Online Diecast Creations Co.,43,86.3,3710.9,Vintage Cars,2004-11-04,Shipped,Nashua,USA,0.21,2004-11-01 00:00:00,2004-10-01 00:00:00,2004-01-01 00:00:00,11,Thursday
10246,S18_2319,Euro Shopping Channel,22,98.18,2159.96,Trucks and Buses,2004-05-05,Shipped,Madrid,Spain,0.21,2004-05-01 00:00:00,2004-04-01 00:00:00,2004-01-01 00:00:00,5,Wednesday
10356,S18_2325,Lyon Souveniers,29,100.0,3630.22,Vintage Cars,2004-12-09,Shipped,Paris,France,0.21,2004-12-01 00:00:00,2004-10-01 00:00:00,2004-01-01 00:00:00,12,Thursday
10165,S18_2432,"Dragon Souveniers, Ltd.",31,71.1,2204.1,Trucks and Buses,2003-10-22,Shipped,Singapore,Singapore,0.21,2003-10-01 00:00:00,2003-10-01 00:00:00,2003-01-01 00:00:00,10,Wednesday
10217,S18_2432,Handji Gifts& Co,35,61.38,2148.3,Trucks and Buses,2004-02-04,Shipped,Singapore,Singapore,0.21,2004-02-01 00:00:00,2004-01-01 00:00:00,2004-01-01 00:00:00,2,Wednesday
10305,S18_2432,Marta's Replicas Co.,41,53.48,2192.68,Trucks and Buses,2004-10-13,Shipped,Cambridge,USA,0.21,2004-10-01 00:00:00,2004-10-01 00:00:00,2004-01-01 00:00:00,10,Wednesday
10322,S18_2432,Online Diecast Creations Co.,35,61.21,2142.35,Trucks and Buses,2004-11-04,Shipped,Nashua,USA,0.21,2004-11-01 00:00:00,2004-10-01 00:00:00,2004-01-01 00:00:00,11,Thursday
10275,S18_2625,La Rochelle Gifts,37,63.6,2353.2,Motorcycles,2004-07-23,Shipped,Nantes,France,0.21,2004-07-01 00:00:00,2004-07-01 00:00:00,2004-01-01 00:00:00,7,Friday
10193,S18_2795,"Australian Collectables, Ltd",22,100.0,3675.32,Vintage Cars,2003-11-21,Shipped,Glen Waverly,Australia,0.21,2003-11-01 00:00:00,2003-10-01 00:00:00,2003-01-01 00:00:00,11,Friday
10255,S18_2795,Mini Caravy,24,100.0,3726.0,Vintage Cars,2004-06-04,Shipped,Strasbourg,France,0.21,2004-06-01 00:00:00,2004-04-01 00:00:00,2004-01-01 00:00:00,6,Friday
10304,S18_2795,Auto Assoc. & Cie.,20,100.0,3577.6,Vintage Cars,2004-10-11,Shipped,Versailles,France,0.21,2004-10-01 00:00:00,2004-10-01 00:00:00,2004-01-01 00:00:00,10,Monday
10258,S10_1949,"Tokyo Collectables, Ltd",32,100.0,7680.64,Classic Cars,2004-06-15,Shipped,Minato-ku,Japan,0.21,2004-06-01 00:00:00,2004-04-01 00:00:00,2004-01-01 00:00:00,6,Tuesday
10206,S18_3136,Canadian Gift Exchange Network,30,100.0,3581.4,Vintage Cars,2003-12-05,Shipped,Vancouver,Canada,0.21,2003-12-01 00:00:00,2003-10-01 00:00:00,2003-01-01 00:00:00,12,Friday
10232,S18_3140,giftsbymail.co.uk,22,100.0,3606.02,Vintage Cars,2004-03-20,Shipped,Cowes,UK,0.21,2004-03-01 00:00:00,2004-01-01 00:00:00,2004-01-01 00:00:00,3,Saturday
10195,S18_3232,Mini Classics,50,100.0,7620.5,Classic Cars,2003-11-25,Shipped,White Plains,USA,0.21,2003-11-01 00:00:00,2003-10-01 00:00:00,2003-01-01 00:00:00,11,Tuesday
10227,S18_3320,"Saveley & Henriot, Co.",33,100.0,3666.96,Vintage Cars,2004-03-02,Shipped,Lyon,France,0.21,2004-03-01 00:00:00,2004-01-01 00:00:00,2004-01-01 00:00:00,3,Tuesday
10148,S18_4409,"Anna's Decorations, Ltd",34,100.0,3598.22,Vintage Cars,2003-09-11,Shipped,North Sydney,Australia,0.21,2003-09-01 00:00:00,2003-07-01 00:00:00,2003-01-01 00:00:00,9,Thursday
10213,S18_4409,"Double Decker Gift Stores, Ltd",38,94.79,3602.02,Vintage Cars,2004-01-22,Shipped,London,UK,0.21,2004-01-01 00:00:00,2004-01-01 00:00:00,2004-01-01 00:00:00,1,Thursday
10280,S18_4409,Amica Models & Co.,35,100.0,3704.05,Vintage Cars,2004-08-17,Shipped,Torino,Italy,0.21,2004-08-01 00:00:00,2004-07-01 00:00:00,2004-01-01 00:00:00,8,Tuesday
10305,S18_4600,Marta's Replicas Co.,22,99.29,2184.38,Trucks and Buses,2004-10-13,Shipped,Cambridge,USA,0.21,2004-10-01 00:00:00,2004-10-01 00:00:00,2004-01-01 00:00:00,10,Wednesday
10332,S24_1937,"AV Stores, Co.",45,81.91,3685.95,Vintage Cars,2004-11-17,Shipped,Manchester,UK,0.21,2004-11-01 00:00:00,2004-10-01 00:00:00,2004-01-01 00:00:00,11,Wednesday
10316,S24_3420,giftsbymail.co.uk,47,76.93,3615.71,Vintage Cars,2004-11-01,Shipped,Cowes,UK,0.21,2004-11-01 00:00:00,2004-10-01 00:00:00,2004-01-01 00:00:00,11,Monday
10301,S24_3856,"Norway Gifts By Mail, Co.",50,100.0,7723.5,Classic Cars,2003-10-05,Shipped,Oslo,Norway,0.21,2003-10-01 00:00:00,2003-10-01 00:00:00,2003-01-01 00:00:00,10,Sunday
10143,S24_3949,Mini Creations Ltd.,28,66.19,1853.32,Planes,2003-08-10,Shipped,New Bedford,USA,0.21,2003-08-01 00:00:00,2003-07-01 00:00:00,2003-01-01 00:00:00,8,Sunday
10263,S24_4278,Gift Depot Inc.,24,75.35,1808.4,Planes,2004-06-28,Shipped,Bridgewater,USA,0.21,2004-06-01 00:00:00,2004-04-01 00:00:00,2004-01-01 00:00:00,6,Monday
10364,S32_2206,Marseille Mini Autos,48,48.28,2317.44,Motorcycles,2005-01-06,Shipped,Marseille,France,0.21,2005-01-01 00:00:00,2005-01-01 00:00:00,2005-01-01 00:00:00,1,Thursday
10165,S32_2509,"Dragon Souveniers, Ltd.",48,45.99,2207.52,Trucks and Buses,2003-10-22,Shipped,Singapore,Singapore,0.21,2003-10-01 00:00:00,2003-10-01 00:00:00,2003-01-01 00:00:00,10,Wednesday
10159,S32_4485,Corporate Gift Ideas Co.,23,100.0,2347.15,Motorcycles,2003-10-10,Shipped,San Francisco,USA,0.21,2003-10-01 00:00:00,2003-10-01 00:00:00,2003-01-01 00:00:00,10,Friday
10249,S72_1253,Cambridge Collectables Co.,32,57.61,1843.52,Planes,2004-05-08,Shipped,Cambridge,USA,0.21,2004-05-01 00:00:00,2004-04-01 00:00:00,2004-01-01 00:00:00,5,Saturday
10292,S12_4473,Land of Toys Inc.,21,100.0,2214.87,Trucks and Buses,2004-09-08,Shipped,NYC,USA,0.21,2004-09-01 00:00:00,2004-07-01 00:00:00,2004-01-01 00:00:00,9,Wednesday
10312,S18_2949,Mini Gifts Distributors Ltd.,37,100.0,3711.1,Vintage Cars,2004-10-21,Shipped,San Rafael,USA,0.21,2004-10-01 00:00:00,2004-10-01 00:00:00,2004-01-01 00:00:00,10,Thursday
10214,S18_2325,"Corrida Auto Replicas, Ltd",27,100.0,3604.23,Vintage Cars,2004-01-26,Shipped,Madrid,Spain,0.21,2004-01-01 00:00:00,2004-01-01 00:00:00,2004-01-01 00:00:00,1,Monday
10235,S18_2581,"Royal Canadian Collectables, Ltd.",24,76.03,1824.72,Planes,2004-04-02,Shipped,Tsawassen,Canada,0.21,2004-04-01 00:00:00,2004-04-01 00:00:00,2004-01-01 00:00:00,4,Friday
10275,S24_2000,La Rochelle Gifts,30,79.98,2399.4,Motorcycles,2004-07-23,Shipped,Nantes,France,0.21,2004-07-01 00:00:00,2004-07-01 00:00:00,2004-01-01 00:00:00,7,Friday
10291,S32_1268,Scandinavian Gift Ideas,26,83.79,2178.54,Trucks and Buses,2004-09-08,Shipped,Boras,Sweden,0.21,2004-09-01 00:00:00,2004-07-01 00:00:00,2004-01-01 00:00:00,9,Wednesday
10222,S24_3816,Collectable Mini Designs Co.,46,80.51,3703.46,Vintage Cars,2004-02-19,Shipped,San Diego,USA,0.21,2004-02-01 00:00:00,2004-01-01 00:00:00,2004-01-01 00:00:00,2,Thursday
10185,S18_4522,Mini Creations Ltd.,47,77.24,3630.28,Vintage Cars,2003-11-14,Shipped,New Bedford,USA,0.21,2003-11-01 00:00:00,2003-10-01 00:00:00,2003-01-01 00:00:00,11,Friday
10264,S24_2360,Gifts4AllAges.com,37,65.1,2408.7,Motorcycles,2004-06-30,Shipped,Boston,USA,0.21,2004-06-01 00:00:00,2004-04-01 00:00:00,2004-01-01 00:00:00,6,Wednesday
10299,S18_4721,"Toys of Finland, Co.",49,100.0,7947.31,Classic Cars,2004-09-30,Shipped,Helsinki,Finland,0.21,2004-09-01 00:00:00,2004-07-01 00:00:00,2004-01-01 00:00:00,9,Thursday
10194,S32_3522,"Saveley & Henriot, Co.",39,54.94,2142.66,Trucks and Buses,2003-11-25,Shipped,Lyon,France,0.21,2003-11-01 00:00:00,2003-10-01 00:00:00,2003-01-01 00:00:00,11,Tuesday
10319,S18_4721,Microscale Inc.,45,100.0,7901.1,Classic Cars,2004-11-03,Shipped,NYC,USA,0.21,2004-11-01 00:00:00,2004-10-01 00:00:00,2004-01-01 00:00:00,11,Wednesday
10126,S24_4258,"Corrida Auto Replicas, Ltd",34,100.0,3576.12,Vintage Cars,2003-05-28,Shipped,Madrid,Spain,0.21,2003-05-01 00:00:00,2003-04-01 00:00:00,2003-01-01 00:00:00,5,Wednesday
10307,S72_1253,"Classic Gift Ideas, Inc",34,53.63,1823.42,Planes,2004-10-14,Shipped,Philadelphia,USA,0.21,2004-10-01 00:00:00,2004-10-01 00:00:00,2004-01-01 00:00:00,10,Thursday
10229,S32_3522,Mini Gifts Distributors Ltd.,30,73.04,2191.2,Trucks and Buses,2004-03-11,Shipped,San Rafael,USA,0.21,2004-03-01 00:00:00,2004-01-01 00:00:00,2004-01-01 00:00:00,3,Thursday
10296,S700_3167,"Bavarian Collectables Imports, Co.",22,80.8,1777.6,Planes,2004-09-15,Shipped,Munich,Germany,0.21,2004-09-01 00:00:00,2004-07-01 00:00:00,2004-01-01 00:00:00,9,Wednesday
10308,S700_3167,Mini Classics,21,87.2,1831.2,Planes,2004-10-15,Shipped,White Plains,USA,0.21,2004-10-01 00:00:00,2004-10-01 00:00:00,2004-01-01 00:00:00,10,Friday
10177,S18_3140,CAF Imports,23,100.0,3675.63,Vintage Cars,2003-11-07,Shipped,Madrid,Spain,0.21,2003-11-01 00:00:00,2003-10-01 00:00:00,2003-01-01 00:00:00,11,Friday
10185,S12_3891,Mini Creations Ltd.,43,100.0,7886.2,Classic Cars,2003-11-14,Shipped,New Bedford,USA,0.21,2003-11-01 00:00:00,2003-10-01 00:00:00,2003-01-01 00:00:00,11,Friday
10175,S32_3522,"Stylish Desk Decors, Co.",29,74.98,2174.42,Trucks and Buses,2003-11-06,Shipped,London,UK,0.21,2003-11-01 00:00:00,2003-10-01 00:00:00,2003-01-01 00:00:00,11,Thursday
10153,S18_3140,Euro Shopping Channel,31,100.0,3641.57,Vintage Cars,2003-09-28,Shipped,Madrid,Spain,0.21,2003-09-01 00:00:00,2003-07-01 00:00:00,2003-01-01 00:00:00,9,Sunday
10257,S24_4258,The Sharp Gifts Warehouse,46,78.89,3628.94,Vintage Cars,2004-06-14,Shipped,San Jose,USA,0.21,2004-06-01 00:00:00,2004-04-01 00:00:00,2004-01-01 00:00:00,6,Monday
10280,S18_1749,Amica Models & Co.,26,100.0,3668.6,Vintage Cars,2004-08-17,Shipped,Torino,Italy,0.21,2004-08-01 00:00:00,2004-07-01 00:00:00,2004-01-01 00:00:00,8,Tuesday
10155,S18_3856,"Toys of Finland, Co.",29,100.0,3622.97,Vintage Cars,2003-10-06,Shipped,Helsinki,Finland,0.21,2003-10-01 00:00:00,2003-10-01 00:00:00,2003-01-01 00:00:00,10,Monday
10227,S18_1749,"Saveley & Henriot, Co.",26,100.0,3712.8,Vintage Cars,2004-03-02,Shipped,Lyon,France,0.21,2004-03-01 00:00:00,2004-01-01 00:00:00,2004-01-01 00:00:00,3,Tuesday
10315,S18_4522,La Rochelle Gifts,36,100.0,3602.16,Vintage Cars,2004-10-29,Shipped,Nantes,France,0.21,2004-10-01 00:00:00,2004-10-01 00:00:00,2004-01-01 00:00:00,10,Friday
10350,S50_1392,Euro Shopping Channel,31,71.4,2213.4,Trucks and Buses,2004-12-02,Shipped,Madrid,Spain,0.21,2004-12-01 00:00:00,2004-10-01 00:00:00,2004-01-01 00:00:00,12,Thursday
10283,S18_4522,"Royal Canadian Collectables, Ltd.",34,100.0,3580.88,Vintage Cars,2004-08-20,Shipped,Tsawassen,Canada,0.21,2004-08-01 00:00:00,2004-07-01 00:00:00,2004-01-01 00:00:00,8,Friday
10419,S18_2870,Salzburg Collectables,55,100.0,7695.6,Classic Cars,2005-05-17,Shipped,Salzburg,Austria,0.21,2005-05-01 00:00:00,2005-04-01 00:00:00,2005-01-01 00:00:00,5,Tuesday
10126,S10_1949,"Corrida Auto Replicas, Ltd",38,100.0,7329.06,Classic Cars,2003-05-28,Shipped,Madrid,Spain,0.2,2003-05-01 00:00:00,2003-04-01 00:00:00,2003-01-01 00:00:00,5,Wednesday
10390,S24_2360,Mini Gifts Distributors Ltd.,35,65.13,2279.55,Motorcycles,2005-03-04,Shipped,San Rafael,USA,0.2,2005-03-01 00:00:00,2005-01-01 00:00:00,2005-01-01 00:00:00,3,Friday
10194,S10_1949,"Saveley & Henriot, Co.",42,100.0,7290.36,Classic Cars,2003-11-25,Shipped,Lyon,France,0.2,2003-11-01 00:00:00,2003-10-01 00:00:00,2003-01-01 00:00:00,11,Tuesday
10388,S10_2016,FunGiftIdeas.com,50,44.51,2225.5,Motorcycles,2005-03-03,Shipped,New Bedford,USA,0.2,2005-03-01 00:00:00,2005-01-01 00:00:00,2005-01-01 00:00:00,3,Thursday
10211,S12_1099,Auto Canal Petit,41,100.0,7498.9,Classic Cars,2004-01-15,Shipped,Paris,France,0.2,2004-01-01 00:00:00,2004-01-01 00:00:00,2004-01-01 00:00:00,1,Thursday
10176,S12_1108,L'ordine Souveniers,33,100.0,7474.5,Classic Cars,2003-11-06,Shipped,Reggio Emilia,Italy,0.2,2003-11-01 00:00:00,2003-10-01 00:00:00,2003-01-01 00:00:00,11,Thursday
10127,S12_3148,Muscle Machine Inc,46,100.0,7366.44,Classic Cars,2003-06-03,Shipped,NYC,USA,0.2,2003-06-01 00:00:00,2003-04-01 00:00:00,2003-01-01 00:00:00,6,Tuesday
10141,S12_4473,Suominen Souveniers,21,100.0,2140.11,Trucks and Buses,2003-08-01,Shipped,Espoo,Finland,0.2,2003-08-01 00:00:00,2003-07-01 00:00:00,2003-01-01 00:00:00,8,Friday
10382,S12_4473,Mini Gifts Distributors Ltd.,32,66.58,2130.56,Trucks and Buses,2005-02-17,Shipped,San Rafael,USA,0.2,2005-02-01 00:00:00,2005-01-01 00:00:00,2005-01-01 00:00:00,2,Thursday
10347,S18_1097,"Australian Collectors, Co.",42,49.6,2083.2,Trucks and Buses,2004-11-29,Shipped,Melbourne,Australia,0.2,2004-11-01 00:00:00,2004-10-01 00:00:00,2004-01-01 00:00:00,11,Monday
10304,S18_1342,Auto Assoc. & Cie.,37,95.55,3535.35,Vintage Cars,2004-10-11,Shipped,Versailles,France,0.2,2004-10-01 00:00:00,2004-10-01 00:00:00,2004-01-01 00:00:00,10,Monday
10192,S18_1984,Online Diecast Creations Co.,47,100.0,7421.3,Classic Cars,2003-11-20,Shipped,Nashua,USA,0.2,2003-11-01 00:00:00,2003-10-01 00:00:00,2003-01-01 00:00:00,11,Thursday
10301,S18_1984,"Norway Gifts By Mail, Co.",47,100.0,7488.04,Classic Cars,2003-10-05,Shipped,Oslo,Norway,0.2,2003-10-01 00:00:00,2003-10-01 00:00:00,2003-01-01 00:00:00,10,Sunday
10115,S18_2238,Classic Legends Inc.,46,100.0,7381.16,Classic Cars,2003-04-04,Shipped,NYC,USA,0.2,2003-04-01 00:00:00,2003-04-01 00:00:00,2003-01-01 00:00:00,4,Friday
10184,S18_2238,"Iberia Gift Imports, Corp.",46,100.0,7381.16,Classic Cars,2003-11-14,Shipped,Sevilla,Spain,0.2,2003-11-01 00:00:00,2003-10-01 00:00:00,2003-01-01 00:00:00,11,Friday
10370,S18_2432,"Anna's Decorations, Ltd",22,96.86,2130.92,Trucks and Buses,2005-01-20,Shipped,North Sydney,Australia,0.2,2005-01-01 00:00:00,2005-01-01 00:00:00,2005-01-01 00:00:00,1,Thursday
10318,S18_2625,Diecast Classics Inc.,42,52.7,2213.4,Motorcycles,2004-11-02,Shipped,Allentown,USA,0.2,2004-11-01 00:00:00,2004-10-01 00:00:00,2004-01-01 00:00:00,11,Tuesday
10140,S10_1949,Technics Stores Inc.,37,100.0,7374.1,Classic Cars,2003-07-24,Shipped,Burlingame,USA,0.2,2003-07-01 00:00:00,2003-07-01 00:00:00,2003-01-01 00:00:00,7,Thursday
10244,S18_2949,Euro Shopping Channel,30,100.0,3525.6,Vintage Cars,2004-04-29,Shipped,Madrid,Spain,0.2,2004-04-01 00:00:00,2004-04-01 00:00:00,2004-01-01 00:00:00,4,Thursday
10357,S18_2957,Mini Gifts Distributors Ltd.,49,70.58,3458.42,Vintage Cars,2004-12-10,Shipped,San Rafael,USA,0.2,2004-12-01 00:00:00,2004-10-01 00:00:00,2004-01-01 00:00:00,12,Friday
10305,S18_3232,Marta's Replicas Co.,37,100.0,7455.87,Classic Cars,2004-10-13,Shipped,Cambridge,USA,0.2,2004-10-01 00:00:00,2004-10-01 00:00:00,2004-01-01 00:00:00,10,Wednesday
10349,S18_3232,Muscle Machine Inc,48,100.0,7396.8,Classic Cars,2004-12-01,Shipped,NYC,USA,0.2,2004-12-01 00:00:00,2004-10-01 00:00:00,2004-01-01 00:00:00,12,Wednesday
10280,S18_3320,Amica Models & Co.,34,100.0,3474.46,Vintage Cars,2004-08-17,Shipped,Torino,Italy,0.2,2004-08-01 00:00:00,2004-07-01 00:00:00,2004-01-01 00:00:00,8,Tuesday
10312,S18_3320,Mini Gifts Distributors Ltd.,33,100.0,3535.95,Vintage Cars,2004-10-21,Shipped,San Rafael,USA,0.2,2004-10-01 00:00:00,2004-10-01 00:00:00,2004-01-01 00:00:00,10,Thursday
10226,S18_3685,Collectable Mini Designs Co.,46,100.0,7343.9,Classic Cars,2004-02-26,Shipped,San Diego,USA,0.2,2004-02-01 00:00:00,2004-01-01 00:00:00,2004-01-01 00:00:00,2,Thursday
10135,S18_3782,Mini Gifts Distributors Ltd.,45,50.36,2266.2,Motorcycles,2003-07-02,Shipped,San Rafael,USA,0.2,2003-07-01 00:00:00,2003-07-01 00:00:00,2003-01-01 00:00:00,7,Wednesday
10224,S18_3782,Daedalus Designs Imports,38,58.44,2220.72,Motorcycles,2004-02-21,Shipped,Lille,France,0.2,2004-02-01 00:00:00,2004-01-01 00:00:00,2004-01-01 00:00:00,2,Saturday
10230,S18_4027,"Blauer See Auto, Co.",42,100.0,7238.28,Classic Cars,2004-03-15,Shipped,Frankfurt,Germany,0.2,2004-03-01 00:00:00,2004-01-01 00:00:00,2004-01-01 00:00:00,3,Monday
10227,S18_4409,"Saveley & Henriot, Co.",34,100.0,3566.94,Vintage Cars,2004-03-02,Shipped,Lyon,France,0.2,2004-03-01 00:00:00,2004-01-01 00:00:00,2004-01-01 00:00:00,3,Tuesday
10211,S24_1578,Auto Canal Petit,25,90.16,2254.0,Motorcycles,2004-01-15,Shipped,Paris,France,0.2,2004-01-01 00:00:00,2004-01-01 00:00:00,2004-01-01 00:00:00,1,Thursday
10237,S24_1578,Vitachrome Inc.,20,100.0,2299.0,Motorcycles,2004-04-05,Shipped,NYC,USA,0.2,2004-04-01 00:00:00,2004-04-01 00:00:00,2004-01-01 00:00:00,4,Monday
10339,S24_1578,"Tokyo Collectables, Ltd",27,84.39,2278.53,Motorcycles,2004-11-23,Shipped,Minato-ku,Japan,0.2,2004-11-01 00:00:00,2004-10-01 00:00:00,2004-01-01 00:00:00,11,Tuesday
10322,S24_2022,Online Diecast Creations Co.,30,100.0,3500.1,Vintage Cars,2004-11-04,Shipped,Nashua,USA,0.2,2004-11-01 00:00:00,2004-10-01 00:00:00,2004-01-01 00:00:00,11,Thursday
10369,S24_4258,Collectables For Less Inc.,40,86.92,3476.8,Vintage Cars,2005-01-20,Shipped,Brickhaven,USA,0.2,2005-01-01 00:00:00,2005-01-01 00:00:00,2005-01-01 00:00:00,1,Thursday
10223,S24_4278,"Australian Collectors, Co.",23,74.62,1716.26,Planes,2004-02-20,Shipped,Melbourne,Australia,0.2,2004-02-01 00:00:00,2004-01-01 00:00:00,2004-01-01 00:00:00,2,Friday
10184,S32_2509,"Iberia Gift Imports, Corp.",33,62.77,2071.41,Trucks and Buses,2003-11-14,Shipped,Sevilla,Spain,0.2,2003-11-01 00:00:00,2003-10-01 00:00:00,2003-01-01 00:00:00,11,Friday
10390,S32_4485,Mini Gifts Distributors Ltd.,45,48.98,2204.1,Motorcycles,2005-03-04,Shipped,San Rafael,USA,0.2,2005-03-01 00:00:00,2005-01-01 00:00:00,2005-01-01 00:00:00,3,Friday
10159,S50_4713,Corporate Gift Ideas Co.,31,71.6,2219.6,Motorcycles,2003-10-10,Shipped,San Francisco,USA,0.2,2003-10-01 00:00:00,2003-10-01 00:00:00,2003-01-01 00:00:00,10,Friday
10377,S18_3232,"Toys of Finland, Co.",39,100.0,7264.53,Classic Cars,2005-02-09,Shipped,Helsinki,Finland,0.2,2005-02-01 00:00:00,2005-01-01 00:00:00,2005-01-01 00:00:00,2,Wednesday
10263,S24_2000,Gift Depot Inc.,37,62.46,2311.02,Motorcycles,2004-06-28,Shipped,Bridgewater,USA,0.2,2004-06-01 00:00:00,2004-04-01 00:00:00,2004-01-01 00:00:00,6,Monday
10230,S18_2238,"Blauer See Auto, Co.",49,100.0,7300.51,Classic Cars,2004-03-15,Shipped,Frankfurt,Germany,0.2,2004-03-01 00:00:00,2004-01-01 00:00:00,2004-01-01 00:00:00,3,Monday
10173,S18_1749,Rovelli Gifts,24,100.0,3508.8,Vintage Cars,2003-11-05,Shipped,Bergamo,Italy,0.2,2003-11-01 00:00:00,2003-10-01 00:00:00,2003-01-01 00:00:00,11,Wednesday
10196,S12_3891,Super Scale Inc.,38,100.0,7232.16,Classic Cars,2003-11-26,Shipped,New Haven,USA,0.2,2003-11-01 00:00:00,2003-10-01 00:00:00,2003-01-01 00:00:00,11,Wednesday
10326,S24_3151,"Volvo Model Replicas, Co",41,85.85,3519.85,Vintage Cars,2004-11-09,Shipped,Lule,Sweden,0.2,2004-11-01 00:00:00,2004-10-01 00:00:00,2004-01-01 00:00:00,11,Tuesday
10322,S18_2949,Online Diecast Creations Co.,33,100.0,3524.73,Vintage Cars,2004-11-04,Shipped,Nashua,USA,0.2,2004-11-01 00:00:00,2004-10-01 00:00:00,2004-01-01 00:00:00,11,Thursday
10130,S18_3856,Auto-Moto Classics Inc.,33,100.0,3423.75,Vintage Cars,2003-06-16,Shipped,Brickhaven,USA,0.2,2003-06-01 00:00:00,2003-04-01 00:00:00,2003-01-01 00:00:00,6,Monday
10117,S18_3140,"Dragon Souveniers, Ltd.",26,100.0,3551.34,Vintage Cars,2003-04-16,Shipped,Singapore,Singapore,0.2,2003-04-01 00:00:00,2003-04-01 00:00:00,2003-01-01 00:00:00,4,Wednesday
10357,S18_2949,Mini Gifts Distributors Ltd.,41,87.13,3572.33,Vintage Cars,2004-12-10,Shipped,San Rafael,USA,0.2,2004-12-01 00:00:00,2004-10-01 00:00:00,2004-01-01 00:00:00,12,Friday
10221,S18_4522,Petit Auto,39,89.53,3491.67,Vintage Cars,2004-02-18,Shipped,Bruxelles,Belgium,0.2,2004-02-01 00:00:00,2004-01-01 00:00:00,2004-01-01 00:00:00,2,Wednesday
10306,S18_4522,"AV Stores, Co.",39,90.4,3525.6,Vintage Cars,2004-10-14,Shipped,Manchester,UK,0.2,2004-10-01 00:00:00,2004-10-01 00:00:00,2004-01-01 00:00:00,10,Thursday
10336,S18_2238,"La Corne D'abondance, Co.",49,100.0,7460.74,Classic Cars,2004-11-20,Shipped,Paris,France,0.2,2004-11-01 00:00:00,2004-10-01 00:00:00,2004-01-01 00:00:00,11,Saturday
10215,S24_4258,West Coast Collectables Co.,39,90.57,3532.23,Vintage Cars,2004-01-29,Shipped,Burbank,USA,0.2,2004-01-01 00:00:00,2004-01-01 00:00:00,2004-01-01 00:00:00,1,Thursday
10228,S24_4258,Cambridge Collectables Co.,33,100.0,3406.59,Vintage Cars,2004-03-10,Shipped,Cambridge,USA,0.2,2004-03-01 00:00:00,2004-01-01 00:00:00,2004-01-01 00:00:00,3,Wednesday
10244,S24_4258,Euro Shopping Channel,40,86.68,3467.2,Vintage Cars,2004-04-29,Shipped,Madrid,Spain,0.2,2004-04-01 00:00:00,2004-04-01 00:00:00,2004-01-01 00:00:00,4,Thursday
10285,S24_2360,Marta's Replicas Co.,38,59.56,2263.28,Motorcycles,2004-08-27,Shipped,Cambridge,USA,0.2,2004-08-01 00:00:00,2004-07-01 00:00:00,2004-01-01 00:00:00,8,Friday
10361,S32_4289,Souveniers And Things Co.,49,72.33,3544.17,Vintage Cars,2004-12-17,Shipped,Chatswood,Australia,0.2,2004-12-01 00:00:00,2004-10-01 00:00:00,2004-01-01 00:00:00,12,Friday
10284,S700_3167,"Norway Gifts By Mail, Co.",25,69.6,1740.0,Planes,2004-08-21,Shipped,Oslo,Norway,0.2,2004-08-01 00:00:00,2004-07-01 00:00:00,2004-01-01 00:00:00,8,Saturday
10185,S18_3140,Mini Creations Ltd.,28,100.0,3442.04,Vintage Cars,2003-11-14,Shipped,New Bedford,USA,0.2,2003-11-01 00:00:00,2003-10-01 00:00:00,2003-01-01 00:00:00,11,Friday
10232,S72_3212,giftsbymail.co.uk,24,49.69,1192.56,Ships,2004-03-20,Shipped,Cowes,UK,0.2,2004-03-01 00:00:00,2004-01-01 00:00:00,2004-01-01 00:00:00,3,Saturday
10206,S32_3522,Canadian Gift Exchange Network,36,58.82,2117.52,Trucks and Buses,2003-12-05,Shipped,Vancouver,Canada,0.2,2003-12-01 00:00:00,2003-10-01 00:00:00,2003-01-01 00:00:00,12,Friday
10390,S18_3482,Mini Gifts Distributors Ltd.,50,100.0,7397.0,Classic Cars,2005-03-04,Shipped,San Rafael,USA,0.2,2005-03-01 00:00:00,2005-01-01 00:00:00,2005-01-01 00:00:00,3,Friday
10223,S700_3167,"Australian Collectors, Co.",26,67.2,1747.2,Planes,2004-02-20,Shipped,Melbourne,Australia,0.2,2004-02-01 00:00:00,2004-01-01 00:00:00,2004-01-01 00:00:00,2,Friday
10143,S18_3856,Mini Creations Ltd.,34,100.0,3455.76,Vintage Cars,2003-08-10,Shipped,New Bedford,USA,0.2,2003-08-01 00:00:00,2003-07-01 00:00:00,2003-01-01 00:00:00,8,Sunday
10372,S18_4522,"Tokyo Collectables, Ltd",41,86.89,3562.49,Vintage Cars,2005-01-26,Shipped,Minato-ku,Japan,0.2,2005-01-01 00:00:00,2005-01-01 00:00:00,2005-01-01 00:00:00,1,Wednesday
10318,S24_2000,Diecast Classics Inc.,26,86.83,2257.58,Motorcycles,2004-11-02,Shipped,Allentown,USA,0.2,2004-11-01 00:00:00,2004-10-01 00:00:00,2004-01-01 00:00:00,11,Tuesday
10173,S18_2795,Rovelli Gifts,22,100.0,3452.68,Vintage Cars,2003-11-05,Shipped,Bergamo,Italy,0.2,2003-11-01 00:00:00,2003-10-01 00:00:00,2003-01-01 00:00:00,11,Wednesday
10201,S10_1678,Mini Wheels Co.,22,98.57,2168.54,Motorcycles,2003-12-01,Shipped,San Francisco,USA,0.19,2003-12-01 00:00:00,2003-10-01 00:00:00,2003-01-01 00:00:00,12,Monday
10126,S18_2957,"Corrida Auto Replicas, Ltd",46,73.7,3390.2,Vintage Cars,2003-05-28,Shipped,Madrid,Spain,0.19,2003-05-01 00:00:00,2003-04-01 00:00:00,2003-01-01 00:00:00,5,Wednesday
10291,S10_1949,Scandinavian Gift Ideas,37,100.0,7136.19,Classic Cars,2004-09-08,Shipped,Boras,Sweden,0.19,2004-09-01 00:00:00,2004-07-01 00:00:00,2004-01-01 00:00:00,9,Wednesday
10105,S10_4757,Danish Wholesale Imports,50,100.0,7208.0,Classic Cars,2003-02-11,Shipped,Kobenhavn,Denmark,0.19,2003-02-01 00:00:00,2003-01-01 00:00:00,2003-01-01 00:00:00,2,Tuesday
10281,S10_4962,Diecast Classics Inc.,44,100.0,7020.64,Classic Cars,2004-08-19,Shipped,Allentown,USA,0.19,2004-08-01 00:00:00,2004-07-01 00:00:00,2004-01-01 00:00:00,8,Thursday
10310,S12_1099,"Toms Spezialitten, Ltd",33,100.0,6934.62,Classic Cars,2004-10-16,Shipped,Koln,Germany,0.19,2004-10-01 00:00:00,2004-10-01 00:00:00,2004-01-01 00:00:00,10,Saturday
10320,S12_1099,"Volvo Model Replicas, Co",31,100.0,6876.11,Classic Cars,2004-11-03,Shipped,Lule,Sweden,0.19,2004-11-01 00:00:00,2004-10-01 00:00:00,2004-01-01 00:00:00,11,Wednesday
10220,S12_1108,"Clover Collections, Co.",32,100.0,7181.44,Classic Cars,2004-02-12,Shipped,Dublin,Ireland,0.19,2004-02-01 00:00:00,2004-01-01 00:00:00,2004-01-01 00:00:00,2,Thursday
10282,S12_1108,Mini Gifts Distributors Ltd.,41,100.0,7071.27,Classic Cars,2004-08-20,Shipped,San Rafael,USA,0.19,2004-08-01 00:00:00,2004-07-01 00:00:00,2004-01-01 00:00:00,8,Friday
10230,S12_3148,"Blauer See Auto, Co.",43,100.0,7016.31,Classic Cars,2004-03-15,Shipped,Frankfurt,Germany,0.19,2004-03-01 00:00:00,2004-01-01 00:00:00,2004-01-01 00:00:00,3,Monday
10153,S12_3891,Euro Shopping Channel,49,100.0,7036.89,Classic Cars,2003-09-28,Shipped,Madrid,Spain,0.19,2003-09-01 00:00:00,2003-07-01 00:00:00,2003-01-01 00:00:00,9,Sunday
10231,S12_3891,CAF Imports,49,100.0,6952.12,Classic Cars,2004-03-19,Shipped,Madrid,Spain,0.19,2004-03-01 00:00:00,2004-01-01 00:00:00,2004-01-01 00:00:00,3,Friday
10314,S12_3891,Heintze Collectables,36,100.0,6913.8,Classic Cars,2004-10-22,Shipped,Aaarhus,Denmark,0.19,2004-10-01 00:00:00,2004-10-01 00:00:00,2004-01-01 00:00:00,10,Friday
10183,S18_1097,"Classic Gift Ideas, Inc",21,96.84,2033.64,Trucks and Buses,2003-11-13,Shipped,Philadelphia,USA,0.19,2003-11-01 00:00:00,2003-10-01 00:00:00,2003-01-01 00:00:00,11,Thursday
10194,S18_1097,"Saveley & Henriot, Co.",21,93.34,1960.14,Trucks and Buses,2003-11-25,Shipped,Lyon,France,0.19,2003-11-01 00:00:00,2003-10-01 00:00:00,2003-01-01 00:00:00,11,Tuesday
10125,S18_1342,"Australian Collectors, Co.",32,100.0,3254.72,Vintage Cars,2003-05-21,Shipped,Melbourne,Australia,0.19,2003-05-01 00:00:00,2003-04-01 00:00:00,2003-01-01 00:00:00,5,Wednesday
10256,S18_1342,Danish Wholesale Imports,34,95.55,3248.7,Vintage Cars,2004-06-08,Shipped,Kobenhavn,Denmark,0.19,2004-06-01 00:00:00,2004-04-01 00:00:00,2004-01-01 00:00:00,6,Tuesday
10373,S18_1662,"Oulu Toy Supplies, Inc.",28,57.55,1611.4,Planes,2005-01-31,Shipped,Oulu,Finland,0.19,2005-01-01 00:00:00,2005-01-01 00:00:00,2005-01-01 00:00:00,1,Monday
10331,S18_1749,Motor Mint Distributors Inc.,44,74.04,3257.76,Vintage Cars,2004-11-17,Shipped,Philadelphia,USA,0.19,2004-11-01 00:00:00,2004-10-01 00:00:00,2004-01-01 00:00:00,11,Wednesday
10127,S18_2238,Muscle Machine Inc,45,100.0,7146.9,Classic Cars,2003-06-03,Shipped,NYC,USA,0.19,2003-06-01 00:00:00,2003-04-01 00:00:00,2003-01-01 00:00:00,6,Tuesday
10151,S18_2238,"Oulu Toy Supplies, Inc.",43,100.0,7110.91,Classic Cars,2003-09-21,Shipped,Oulu,Finland,0.19,2003-09-01 00:00:00,2003-07-01 00:00:00,2003-01-01 00:00:00,9,Sunday
10112,S10_1949,"Volvo Model Replicas, Co",29,100.0,7209.11,Classic Cars,2003-03-24,Shipped,Lule,Sweden,0.19,2003-03-01 00:00:00,2003-01-01 00:00:00,2003-01-01 00:00:00,3,Monday
10159,S18_2625,Corporate Gift Ideas Co.,42,51.48,2162.16,Motorcycles,2003-10-10,Shipped,San Francisco,USA,0.19,2003-10-01 00:00:00,2003-10-01 00:00:00,2003-01-01 00:00:00,10,Friday
10188,S18_2625,Herkku Gifts,32,65.42,2093.44,Motorcycles,2003-11-18,Shipped,Bergen,Norway,0.19,2003-11-01 00:00:00,2003-10-01 00:00:00,2003-01-01 00:00:00,11,Tuesday
10241,S18_2870,Mini Caravy,44,100.0,6853.44,Classic Cars,2004-04-13,Shipped,Strasbourg,France,0.19,2004-04-01 00:00:00,2004-04-01 00:00:00,2004-01-01 00:00:00,4,Tuesday
10163,S18_2949,Classic Legends Inc.,31,100.0,3329.09,Vintage Cars,2003-10-20,Shipped,NYC,USA,0.19,2003-10-01 00:00:00,2003-10-01 00:00:00,2003-01-01 00:00:00,10,Monday
10183,S18_2949,"Classic Gift Ideas, Inc",37,89.15,3298.55,Vintage Cars,2003-11-13,Shipped,Philadelphia,USA,0.19,2003-11-01 00:00:00,2003-10-01 00:00:00,2003-01-01 00:00:00,11,Thursday
10206,S18_2949,Canadian Gift Exchange Network,37,90.17,3336.29,Vintage Cars,2003-12-05,Shipped,Vancouver,Canada,0.19,2003-12-01 00:00:00,2003-10-01 00:00:00,2003-01-01 00:00:00,12,Friday
10163,S18_2957,Classic Legends Inc.,48,69.96,3358.08,Vintage Cars,2003-10-20,Shipped,NYC,USA,0.19,2003-10-01 00:00:00,2003-10-01 00:00:00,2003-01-01 00:00:00,10,Monday
10239,S18_3232,"Oulu Toy Supplies, Inc.",47,100.0,7083.37,Classic Cars,2004-04-12,Shipped,Oulu,Finland,0.19,2004-04-01 00:00:00,2004-04-01 00:00:00,2004-01-01 00:00:00,4,Monday
10246,S18_3232,Euro Shopping Channel,36,100.0,7132.68,Classic Cars,2004-05-05,Shipped,Madrid,Spain,0.19,2004-05-01 00:00:00,2004-04-01 00:00:00,2004-01-01 00:00:00,5,Wednesday
10369,S18_3320,Collectables For Less Inc.,45,73.08,3288.6,Vintage Cars,2005-01-20,Shipped,Brickhaven,USA,0.19,2005-01-01 00:00:00,2005-01-01 00:00:00,2005-01-01 00:00:00,1,Thursday
10286,S18_3782,"La Corne D'abondance, Co.",38,57.2,2173.6,Motorcycles,2004-08-28,Shipped,Paris,France,0.19,2004-08-01 00:00:00,2004-07-01 00:00:00,2004-01-01 00:00:00,8,Saturday
10299,S18_3782,"Toys of Finland, Co.",39,55.95,2182.05,Motorcycles,2004-09-30,Shipped,Helsinki,Finland,0.19,2004-09-01 00:00:00,2004-07-01 00:00:00,2004-01-01 00:00:00,9,Thursday
10292,S18_4027,Land of Toys Inc.,44,100.0,7140.76,Classic Cars,2004-09-08,Shipped,NYC,USA,0.19,2004-09-01 00:00:00,2004-07-01 00:00:00,2004-01-01 00:00:00,9,Wednesday
10372,S18_4027,"Tokyo Collectables, Ltd",48,100.0,7031.52,Classic Cars,2005-01-26,Shipped,Minato-ku,Japan,0.19,2005-01-01 00:00:00,2005-01-01 00:00:00,2005-01-01 00:00:00,1,Wednesday
10413,S18_4027,Gift Depot Inc.,49,100.0,6896.75,Classic Cars,2005-05-05,Shipped,Bridgewater,USA,0.19,2005-05-01 00:00:00,2005-04-01 00:00:00,2005-01-01 00:00:00,5,Thursday
10275,S24_1578,La Rochelle Gifts,21,100.0,2153.76,Motorcycles,2004-07-23,Shipped,Nantes,France,0.19,2004-07-01 00:00:00,2004-07-01 00:00:00,2004-01-01 00:00:00,7,Friday
10168,S24_2000,Technics Stores Inc.,29,75.41,2186.89,Motorcycles,2003-10-28,Shipped,Burlingame,USA,0.19,2003-10-01 00:00:00,2003-10-01 00:00:00,2003-01-01 00:00:00,10,Tuesday
10177,S24_3151,CAF Imports,45,72.58,3266.1,Vintage Cars,2003-11-07,Shipped,Madrid,Spain,0.19,2003-11-01 00:00:00,2003-10-01 00:00:00,2003-01-01 00:00:00,11,Friday
10222,S24_3151,Collectable Mini Designs Co.,47,70.81,3328.07,Vintage Cars,2004-02-19,Shipped,San Diego,USA,0.19,2004-02-01 00:00:00,2004-01-01 00:00:00,2004-01-01 00:00:00,2,Thursday
10106,S24_4278,Rovelli Gifts,26,63.76,1657.76,Planes,2003-02-17,Shipped,Bergamo,Italy,0.19,2003-02-01 00:00:00,2003-01-01 00:00:00,2003-01-01 00:00:00,2,Monday
10275,S24_4278,La Rochelle Gifts,27,62.31,1682.37,Planes,2004-07-23,Shipped,Nantes,France,0.19,2004-07-01 00:00:00,2004-07-01 00:00:00,2004-01-01 00:00:00,7,Friday
10297,S24_4278,"Clover Collections, Co.",23,72.45,1666.35,Planes,2004-09-16,Shipped,Dublin,Ireland,0.19,2004-09-01 00:00:00,2004-07-01 00:00:00,2004-01-01 00:00:00,9,Thursday
10219,S32_2509,Signal Collectibles Ltd.,35,55.19,1931.65,Trucks and Buses,2004-02-10,Shipped,Brisbane,USA,0.19,2004-02-01 00:00:00,2004-01-01 00:00:00,2004-01-01 00:00:00,2,Tuesday
10341,S32_4485,Salzburg Collectables,31,71.02,2201.62,Motorcycles,2004-11-24,Shipped,Salzburg,Austria,0.19,2004-11-01 00:00:00,2004-10-01 00:00:00,2004-01-01 00:00:00,11,Wednesday
10403,S50_4713,"UK Collectables, Ltd.",31,68.34,2118.54,Motorcycles,2005-04-08,Shipped,Liverpool,UK,0.19,2005-04-01 00:00:00,2005-04-01 00:00:00,2005-01-01 00:00:00,4,Friday
10352,S700_4002,Auto-Moto Classics Inc.,22,75.51,1661.22,Planes,2004-12-03,Shipped,Brickhaven,USA,0.19,2004-12-01 00:00:00,2004-10-01 00:00:00,2004-01-01 00:00:00,12,Friday
10155,S72_1253,"Toys of Finland, Co.",34,49.16,1671.44,Planes,2003-10-06,Shipped,Helsinki,Finland,0.19,2003-10-01 00:00:00,2003-10-01 00:00:00,2003-01-01 00:00:00,10,Monday
10302,S18_4409,"UK Collectables, Ltd.",38,89.27,3392.26,Vintage Cars,2003-10-06,Shipped,Liverpool,UK,0.19,2003-10-01 00:00:00,2003-10-01 00:00:00,2003-01-01 00:00:00,10,Monday
10311,S18_4409,Euro Shopping Channel,41,81.91,3358.31,Vintage Cars,2004-10-16,Shipped,Madrid,Spain,0.19,2004-10-01 00:00:00,2004-10-01 00:00:00,2004-01-01 00:00:00,10,Saturday
10383,S18_3232,Euro Shopping Channel,47,100.0,6869.05,Classic Cars,2005-02-22,Shipped,Madrid,Spain,0.19,2005-02-01 00:00:00,2005-01-01 00:00:00,2005-01-01 00:00:00,2,Tuesday
10244,S18_3136,Euro Shopping Channel,29,100.0,3340.51,Vintage Cars,2004-04-29,Shipped,Madrid,Spain,0.19,2004-04-01 00:00:00,2004-04-01 00:00:00,2004-01-01 00:00:00,4,Thursday
10217,S10_4962,Handji Gifts& Co,48,100.0,7020.48,Classic Cars,2004-02-04,Shipped,Singapore,Singapore,0.19,2004-02-01 00:00:00,2004-01-01 00:00:00,2004-01-01 00:00:00,2,Wednesday
10143,S24_2841,Mini Creations Ltd.,27,60.97,1646.19,Planes,2003-08-10,Shipped,New Bedford,USA,0.19,2003-08-01 00:00:00,2003-07-01 00:00:00,2003-01-01 00:00:00,8,Sunday
10155,S24_2841,"Toys of Finland, Co.",23,72.62,1670.26,Planes,2003-10-06,Shipped,Helsinki,Finland,0.19,2003-10-01 00:00:00,2003-10-01 00:00:00,2003-01-01 00:00:00,10,Monday
10185,S700_1138,Mini Creations Ltd.,21,54.0,1134.0,Ships,2003-11-14,Shipped,New Bedford,USA,0.19,2003-11-01 00:00:00,2003-10-01 00:00:00,2003-01-01 00:00:00,11,Friday
10353,S50_1341,Gift Ideas Corp.,40,82.21,3288.4,Vintage Cars,2004-12-04,Shipped,Glendale,USA,0.19,2004-12-01 00:00:00,2004-10-01 00:00:00,2004-01-01 00:00:00,12,Saturday
10324,S18_2238,Vitachrome Inc.,47,100.0,7207.45,Classic Cars,2004-11-05,Shipped,NYC,USA,0.19,2004-11-01 00:00:00,2004-10-01 00:00:00,2004-01-01 00:00:00,11,Friday
10105,S18_4522,Danish Wholesale Imports,41,82.5,3382.5,Vintage Cars,2003-02-11,Shipped,Kobenhavn,Denmark,0.19,2003-02-01 00:00:00,2003-01-01 00:00:00,2003-01-01 00:00:00,2,Tuesday
10210,S700_1691,Osaka Souveniers Co.,21,78.55,1649.55,Planes,2004-01-12,Shipped,Osaka,Japan,0.19,2004-01-01 00:00:00,2004-01-01 00:00:00,2004-01-01 00:00:00,1,Monday
10398,S24_2841,Reims Collectables,28,57.55,1611.4,Planes,2005-03-30,Shipped,Reims,France,0.19,2005-03-01 00:00:00,2005-01-01 00:00:00,2005-01-01 00:00:00,3,Wednesday
10324,S32_1268,Vitachrome Inc.,20,98.18,1963.6,Trucks and Buses,2004-11-05,Shipped,NYC,USA,0.19,2004-11-01 00:00:00,2004-10-01 00:00:00,2004-01-01 00:00:00,11,Friday
10299,S24_2360,"Toys of Finland, Co.",33,66.49,2194.17,Motorcycles,2004-09-30,Shipped,Helsinki,Finland,0.19,2004-09-01 00:00:00,2004-07-01 00:00:00,2004-01-01 00:00:00,9,Thursday
10351,S18_3856,"Stylish Desk Decors, Co.",20,100.0,3374.6,Vintage Cars,2004-12-03,Shipped,London,UK,0.19,2004-12-01 00:00:00,2004-10-01 00:00:00,2004-01-01 00:00:00,12,Friday
10396,S24_3816,Mini Gifts Distributors Ltd.,37,90.57,3351.09,Vintage Cars,2005-03-23,Shipped,San Rafael,USA,0.19,2005-03-01 00:00:00,2005-01-01 00:00:00,2005-01-01 00:00:00,3,Wednesday
10139,S24_4258,Souveniers And Things Co.,29,100.0,3276.13,Vintage Cars,2003-07-16,Shipped,Chatswood,Australia,0.19,2003-07-01 00:00:00,2003-07-01 00:00:00,2003-01-01 00:00:00,7,Wednesday
10403,S24_2360,"UK Collectables, Ltd.",27,79.65,2150.55,Motorcycles,2005-04-08,Shipped,Liverpool,UK,0.19,2005-04-01 00:00:00,2005-04-01 00:00:00,2005-01-01 00:00:00,4,Friday
10375,S700_2834,La Rochelle Gifts,25,66.73,1668.25,Planes,2005-02-03,Shipped,Nantes,France,0.19,2005-02-01 00:00:00,2005-01-01 00:00:00,2005-01-01 00:00:00,2,Thursday
10373,S72_1253,"Oulu Toy Supplies, Inc.",25,64.97,1624.25,Planes,2005-01-31,Shipped,Oulu,Finland,0.19,2005-01-01 00:00:00,2005-01-01 00:00:00,2005-01-01 00:00:00,1,Monday
10159,S24_2360,Corporate Gift Ideas Co.,27,80.34,2169.18,Motorcycles,2003-10-10,Shipped,San Francisco,USA,0.19,2003-10-01 00:00:00,2003-10-01 00:00:00,2003-01-01 00:00:00,10,Friday
10121,S32_4485,Reims Collectables,25,86.74,2168.5,Motorcycles,2003-05-07,Shipped,Reims,France,0.19,2003-05-01 00:00:00,2003-04-01 00:00:00,2003-01-01 00:00:00,5,Wednesday
10203,S24_3856,Euro Shopping Channel,47,100.0,6996.42,Classic Cars,2003-12-02,Shipped,Madrid,Spain,0.19,2003-12-01 00:00:00,2003-10-01 00:00:00,2003-01-01 00:00:00,12,Tuesday
10297,S24_2000,"Clover Collections, Co.",32,65.51,2096.32,Motorcycles,2004-09-16,Shipped,Dublin,Ireland,0.19,2004-09-01 00:00:00,2004-07-01 00:00:00,2004-01-01 00:00:00,9,Thursday
10304,S24_4258,Auto Assoc. & Cie.,33,100.0,3342.57,Vintage Cars,2004-10-11,Shipped,Versailles,France,0.19,2004-10-01 00:00:00,2004-10-01 00:00:00,2004-01-01 00:00:00,10,Monday
10207,S18_2238,Diecast Collectables,44,100.0,7060.24,Classic Cars,2003-12-09,Shipped,Boston,USA,0.19,2003-12-01 00:00:00,2003-10-01 00:00:00,2003-01-01 00:00:00,12,Tuesday
10380,S18_4409,Euro Shopping Channel,32,100.0,3376.64,Vintage Cars,2005-02-16,Shipped,Madrid,Spain,0.19,2005-02-01 00:00:00,2005-01-01 00:00:00,2005-01-01 00:00:00,2,Wednesday
10212,S24_3856,Euro Shopping Channel,49,100.0,6949.67,Classic Cars,2004-01-16,Shipped,Madrid,Spain,0.19,2004-01-01 00:00:00,2004-01-01 00:00:00,2004-01-01 00:00:00,1,Friday
10111,S18_1342,Mini Wheels Co.,33,99.66,3288.78,Vintage Cars,2003-03-25,Shipped,San Francisco,USA,0.19,2003-03-01 00:00:00,2003-01-01 00:00:00,2003-01-01 00:00:00,3,Tuesday
10390,S18_4721,Mini Gifts Distributors Ltd.,49,100.0,6862.94,Classic Cars,2005-03-04,Shipped,San Rafael,USA,0.19,2005-03-01 00:00:00,2005-01-01 00:00:00,2005-01-01 00:00:00,3,Friday
10100,S18_2248,Online Diecast Creations Co.,50,67.8,3390.0,Vintage Cars,2003-01-06,Shipped,Nashua,USA,0.19,2003-01-01 00:00:00,2003-01-01 00:00:00,2003-01-01 00:00:00,1,Monday
10305,S10_4962,Marta's Replicas Co.,38,100.0,6680.78,Classic Cars,2004-10-13,Shipped,Cambridge,USA,0.18,2004-10-01 00:00:00,2004-10-01 00:00:00,2004-01-01 00:00:00,10,Wednesday
10250,S32_4289,The Sharp Gifts Warehouse,50,61.22,3061.0,Vintage Cars,2004-05-11,Shipped,San Jose,USA,0.18,2004-05-01 00:00:00,2004-04-01 00:00:00,2004-01-01 00:00:00,5,Tuesday
10306,S12_1108,"AV Stores, Co.",31,100.0,6570.76,Classic Cars,2004-10-14,Shipped,Manchester,UK,0.18,2004-10-01 00:00:00,2004-10-01 00:00:00,2004-01-01 00:00:00,10,Thursday
10287,S18_1129,"Vida Sport, Ltd",41,100.0,6499.32,Classic Cars,2004-08-30,Shipped,Gensve,Switzerland,0.18,2004-08-01 00:00:00,2004-07-01 00:00:00,2004-01-01 00:00:00,8,Monday
10139,S18_1342,Souveniers And Things Co.,31,100.0,3184.94,Vintage Cars,2003-07-16,Shipped,Chatswood,Australia,0.18,2003-07-01 00:00:00,2003-07-01 00:00:00,2003-01-01 00:00:00,7,Wednesday
10193,S18_1342,"Australian Collectables, Ltd",28,100.0,3106.88,Vintage Cars,2003-11-21,Shipped,Glen Waverly,Australia,0.18,2003-11-01 00:00:00,2003-10-01 00:00:00,2003-01-01 00:00:00,11,Friday
10369,S18_1367,Collectables For Less Inc.,32,98.63,3156.16,Vintage Cars,2005-01-20,Shipped,Brickhaven,USA,0.18,2005-01-01 00:00:00,2005-01-01 00:00:00,2005-01-01 00:00:00,1,Thursday
10412,S18_2238,Euro Shopping Channel,41,100.0,6712.93,Classic Cars,2005-05-03,Shipped,Madrid,Spain,0.18,2005-05-01 00:00:00,2005-04-01 00:00:00,2005-01-01 00:00:00,5,Tuesday
10332,S18_2248,"AV Stores, Co.",38,84.25,3201.5,Vintage Cars,2004-11-17,Shipped,Manchester,UK,0.18,2004-11-01 00:00:00,2004-10-01 00:00:00,2004-01-01 00:00:00,11,Wednesday
10390,S18_2325,Mini Gifts Distributors Ltd.,31,98.99,3068.69,Vintage Cars,2005-03-04,Shipped,San Rafael,USA,0.18,2005-03-01 00:00:00,2005-01-01 00:00:00,2005-01-01 00:00:00,3,Friday
10246,S18_2432,Euro Shopping Channel,30,61.99,1859.7,Trucks and Buses,2004-05-05,Shipped,Madrid,Spain,0.18,2004-05-01 00:00:00,2004-04-01 00:00:00,2004-01-01 00:00:00,5,Wednesday
10107,S18_2625,Land of Toys Inc.,29,70.87,2055.23,Motorcycles,2003-02-24,Shipped,NYC,USA,0.18,2003-02-01 00:00:00,2003-01-01 00:00:00,2003-01-01 00:00:00,2,Monday
10210,S18_2625,Osaka Souveniers Co.,40,49.67,1986.8,Motorcycles,2004-01-12,Shipped,Osaka,Japan,0.18,2004-01-01 00:00:00,2004-01-01 00:00:00,2004-01-01 00:00:00,1,Monday
10263,S18_2625,Gift Depot Inc.,34,58.75,1997.5,Motorcycles,2004-06-28,Shipped,Bridgewater,USA,0.18,2004-06-01 00:00:00,2004-04-01 00:00:00,2004-01-01 00:00:00,6,Monday
10313,S10_4962,Canadian Gift Exchange Network,40,100.0,6678.0,Classic Cars,2004-10-22,Shipped,Vancouver,Canada,0.18,2004-10-01 00:00:00,2004-10-01 00:00:00,2004-01-01 00:00:00,10,Friday
10139,S18_3320,Souveniers And Things Co.,30,100.0,3095.4,Vintage Cars,2003-07-16,Shipped,Chatswood,Australia,0.18,2003-07-01 00:00:00,2003-07-01 00:00:00,2003-01-01 00:00:00,7,Wednesday
10330,S18_3782,Cruz & Sons Co.,29,69.63,2019.27,Motorcycles,2004-11-16,Shipped,Makati City,Philippines,0.18,2004-11-01 00:00:00,2004-10-01 00:00:00,2004-01-01 00:00:00,11,Tuesday
10247,S18_4027,Suominen Souveniers,48,100.0,6756.0,Classic Cars,2004-05-05,Shipped,Espoo,Finland,0.18,2004-05-01 00:00:00,2004-04-01 00:00:00,2004-01-01 00:00:00,5,Wednesday
10124,S18_4409,Signal Gift Stores,36,85.59,3081.24,Vintage Cars,2003-05-21,Shipped,Las Vegas,USA,0.18,2003-05-01 00:00:00,2003-04-01 00:00:00,2003-01-01 00:00:00,5,Wednesday
10105,S24_3151,Danish Wholesale Imports,44,72.58,3193.52,Vintage Cars,2003-02-11,Shipped,Kobenhavn,Denmark,0.18,2003-02-01 00:00:00,2003-01-01 00:00:00,2003-01-01 00:00:00,2,Tuesday
10119,S24_3151,Salzburg Collectables,35,87.62,3066.7,Vintage Cars,2003-04-28,Shipped,Salzburg,Austria,0.18,2003-04-01 00:00:00,2003-04-01 00:00:00,2003-01-01 00:00:00,4,Monday
10283,S24_3151,"Royal Canadian Collectables, Ltd.",34,92.94,3159.96,Vintage Cars,2004-08-20,Shipped,Tsawassen,Canada,0.18,2004-08-01 00:00:00,2004-07-01 00:00:00,2004-01-01 00:00:00,8,Friday
10390,S24_3856,Mini Gifts Distributors Ltd.,45,100.0,6763.05,Classic Cars,2005-03-04,Shipped,San Rafael,USA,0.18,2005-03-01 00:00:00,2005-01-01 00:00:00,2005-01-01 00:00:00,3,Friday
10361,S24_4278,Souveniers And Things Co.,25,62.46,1561.5,Planes,2004-12-17,Shipped,Chatswood,Australia,0.18,2004-12-01 00:00:00,2004-10-01 00:00:00,2004-01-01 00:00:00,12,Friday
10257,S18_3136,The Sharp Gifts Warehouse,37,84.82,3138.34,Vintage Cars,2004-06-14,Shipped,San Jose,USA,0.18,2004-06-01 00:00:00,2004-04-01 00:00:00,2004-01-01 00:00:00,6,Monday
10193,S18_1749,"Australian Collectables, Ltd",21,100.0,3141.6,Vintage Cars,2003-11-21,Shipped,Glen Waverly,Australia,0.18,2003-11-01 00:00:00,2003-10-01 00:00:00,2003-01-01 00:00:00,11,Friday
10287,S18_3482,"Vida Sport, Ltd",40,100.0,6761.6,Classic Cars,2004-08-30,Shipped,Gensve,Switzerland,0.18,2004-08-01 00:00:00,2004-07-01 00:00:00,2004-01-01 00:00:00,8,Monday
10375,S50_1341,La Rochelle Gifts,49,65.8,3224.2,Vintage Cars,2005-02-03,Shipped,Nantes,France,0.18,2005-02-01 00:00:00,2005-01-01 00:00:00,2005-01-01 00:00:00,2,Thursday
10252,S18_3482,Auto Canal Petit,41,100.0,6749.83,Classic Cars,2004-05-26,Shipped,Paris,France,0.18,2004-05-01 00:00:00,2004-04-01 00:00:00,2004-01-01 00:00:00,5,Wednesday
10388,S50_1341,FunGiftIdeas.com,27,100.0,3211.38,Vintage Cars,2005-03-03,Shipped,New Bedford,USA,0.18,2005-03-01 00:00:00,2005-01-01 00:00:00,2005-01-01 00:00:00,3,Thursday
10119,S24_3816,Salzburg Collectables,35,90.57,3169.95,Vintage Cars,2003-04-28,Shipped,Salzburg,Austria,0.18,2003-04-01 00:00:00,2003-04-01 00:00:00,2003-01-01 00:00:00,4,Monday
10205,S18_1367,Euro Shopping Channel,48,63.61,3053.28,Vintage Cars,2003-12-03,Shipped,Madrid,Spain,0.18,2003-12-01 00:00:00,2003-10-01 00:00:00,2003-01-01 00:00:00,12,Wednesday
10342,S18_3482,"Australian Collectors, Co.",55,100.0,6548.3,Classic Cars,2004-11-24,Shipped,Melbourne,Australia,0.18,2004-11-01 00:00:00,2004-10-01 00:00:00,2004-01-01 00:00:00,11,Wednesday
10186,S24_3816,"Double Decker Gift Stores, Ltd",36,85.54,3079.44,Vintage Cars,2003-11-14,Shipped,London,UK,0.18,2003-11-01 00:00:00,2003-10-01 00:00:00,2003-01-01 00:00:00,11,Friday
10186,S24_2841,"Double Decker Gift Stores, Ltd",22,69.2,1522.4,Planes,2003-11-14,Shipped,London,UK,0.18,2003-11-01 00:00:00,2003-10-01 00:00:00,2003-01-01 00:00:00,11,Friday
10238,S18_3482,Danish Wholesale Imports,49,100.0,6554.24,Classic Cars,2004-04-09,Shipped,Kobenhavn,Denmark,0.18,2004-04-01 00:00:00,2004-04-01 00:00:00,2004-01-01 00:00:00,4,Friday
10288,S24_2887,Handji Gifts& Co,48,100.0,6539.04,Classic Cars,2004-09-01,Shipped,Singapore,Singapore,0.18,2004-09-01 00:00:00,2004-07-01 00:00:00,2004-01-01 00:00:00,9,Wednesday
10375,S24_2360,La Rochelle Gifts,20,100.0,2046.0,Motorcycles,2005-02-03,Shipped,Nantes,France,0.18,2005-02-01 00:00:00,2005-01-01 00:00:00,2005-01-01 00:00:00,2,Thursday
10400,S24_3816,The Sharp Gifts Warehouse,42,72.96,3064.32,Vintage Cars,2005-04-01,Shipped,San Jose,USA,0.18,2005-04-01 00:00:00,2005-04-01 00:00:00,2005-01-01 00:00:00,4,Friday
10349,S18_2238,Muscle Machine Inc,38,100.0,6719.54,Classic Cars,2004-12-01,Shipped,NYC,USA,0.18,2004-12-01 00:00:00,2004-10-01 00:00:00,2004-01-01 00:00:00,12,Wednesday
10206,S24_4258,Canadian Gift Exchange Network,33,97.39,3213.87,Vintage Cars,2003-12-05,Shipped,Vancouver,Canada,0.18,2003-12-01 00:00:00,2003-10-01 00:00:00,2003-01-01 00:00:00,12,Friday
10411,S32_3522,Quebec Home Shopping Network,27,69.16,1867.32,Trucks and Buses,2005-05-01,Shipped,Montreal,Canada,0.18,2005-05-01 00:00:00,2005-04-01 00:00:00,2005-01-01 00:00:00,5,Sunday
10237,S24_2360,Vitachrome Inc.,26,79.65,2070.9,Motorcycles,2004-04-05,Shipped,NYC,USA,0.18,2004-04-01 00:00:00,2004-04-01 00:00:00,2004-01-01 00:00:00,4,Monday
10105,S18_3140,Danish Wholesale Imports,22,100.0,3065.04,Vintage Cars,2003-02-11,Shipped,Kobenhavn,Denmark,0.18,2003-02-01 00:00:00,2003-01-01 00:00:00,2003-01-01 00:00:00,2,Tuesday
10361,S700_2047,Souveniers And Things Co.,24,45.39,1089.36,Ships,2004-12-17,Shipped,Chatswood,Australia,0.18,2004-12-01 00:00:00,2004-10-01 00:00:00,2004-01-01 00:00:00,12,Friday
10228,S18_3136,Cambridge Collectables Co.,31,100.0,3181.53,Vintage Cars,2004-03-10,Shipped,Cambridge,USA,0.18,2004-03-01 00:00:00,2004-01-01 00:00:00,2004-01-01 00:00:00,3,Wednesday
10313,S32_3522,Canadian Gift Exchange Network,34,56.24,1912.16,Trucks and Buses,2004-10-22,Shipped,Vancouver,Canada,0.18,2004-10-01 00:00:00,2004-10-01 00:00:00,2004-01-01 00:00:00,10,Friday
10119,S700_4002,Salzburg Collectables,26,59.22,1539.72,Planes,2003-04-28,Shipped,Salzburg,Austria,0.18,2003-04-01 00:00:00,2003-04-01 00:00:00,2003-01-01 00:00:00,4,Monday
10108,S24_2360,Cruz & Sons Co.,35,58.87,2060.45,Motorcycles,2003-03-03,Shipped,Makati City,Philippines,0.18,2003-03-01 00:00:00,2003-01-01 00:00:00,2003-01-01 00:00:00,3,Monday
10204,S18_2325,Muscle Machine Inc,26,100.0,3206.32,Vintage Cars,2003-12-02,Shipped,NYC,USA,0.18,2003-12-01 00:00:00,2003-10-01 00:00:00,2003-01-01 00:00:00,12,Tuesday
10385,S24_3816,Mini Gifts Distributors Ltd.,37,85.54,3164.98,Vintage Cars,2005-02-28,Shipped,San Rafael,USA,0.18,2005-02-01 00:00:00,2005-01-01 00:00:00,2005-01-01 00:00:00,2,Monday
10246,S18_2238,Euro Shopping Channel,40,100.0,6549.2,Classic Cars,2004-05-05,Shipped,Madrid,Spain,0.18,2004-05-01 00:00:00,2004-04-01 00:00:00,2004-01-01 00:00:00,5,Wednesday
10332,S24_3969,"AV Stores, Co.",41,77.24,3166.84,Vintage Cars,2004-11-17,Shipped,Manchester,UK,0.18,2004-11-01 00:00:00,2004-10-01 00:00:00,2004-01-01 00:00:00,11,Wednesday
10126,S18_3320,"Corrida Auto Replicas, Ltd",38,82.34,3128.92,Vintage Cars,2003-05-28,Shipped,Madrid,Spain,0.18,2003-05-01 00:00:00,2003-04-01 00:00:00,2003-01-01 00:00:00,5,Wednesday
10228,S10_1949,Cambridge Collectables Co.,29,100.0,6463.23,Classic Cars,2004-03-10,Shipped,Cambridge,USA,0.17,2004-03-01 00:00:00,2004-01-01 00:00:00,2004-01-01 00:00:00,3,Wednesday
10109,S18_3685,Motor Mint Distributors Inc.,47,100.0,6241.6,Classic Cars,2003-03-10,Shipped,Philadelphia,USA,0.17,2003-03-01 00:00:00,2003-01-01 00:00:00,2003-01-01 00:00:00,3,Monday
10229,S10_4962,Mini Gifts Distributors Ltd.,50,100.0,6426.5,Classic Cars,2004-03-11,Shipped,San Rafael,USA,0.17,2004-03-01 00:00:00,2004-01-01 00:00:00,2004-01-01 00:00:00,3,Thursday
10381,S10_4962,Corporate Gift Ideas Co.,37,100.0,6231.54,Classic Cars,2005-02-17,Shipped,San Francisco,USA,0.17,2005-02-01 00:00:00,2005-01-01 00:00:00,2005-01-01 00:00:00,2,Thursday
10108,S12_3380,Cruz & Sons Co.,45,100.0,6130.35,Classic Cars,2003-03-03,Shipped,Makati City,Philippines,0.17,2003-03-01 00:00:00,2003-01-01 00:00:00,2003-01-01 00:00:00,3,Monday
10396,S12_3891,Mini Gifts Distributors Ltd.,33,100.0,6109.29,Classic Cars,2005-03-23,Shipped,San Rafael,USA,0.17,2005-03-01 00:00:00,2005-01-01 00:00:00,2005-01-01 00:00:00,3,Wednesday
10371,S12_4473,Mini Gifts Distributors Ltd.,49,35.71,1749.79,Trucks and Buses,2005-01-23,Shipped,San Rafael,USA,0.17,2005-01-01 00:00:00,2005-01-01 00:00:00,2005-01-01 00:00:00,1,Sunday
10204,S18_1129,Muscle Machine Inc,42,100.0,6182.4,Classic Cars,2003-12-02,Shipped,NYC,USA,0.17,2003-12-01 00:00:00,2003-10-01 00:00:00,2003-01-01 00:00:00,12,Tuesday
10310,S18_1129,"Toms Spezialitten, Ltd",37,100.0,6231.91,Classic Cars,2004-10-16,Shipped,Koln,Germany,0.17,2004-10-01 00:00:00,2004-10-01 00:00:00,2004-01-01 00:00:00,10,Saturday
10331,S18_1129,Motor Mint Distributors Inc.,46,100.0,6434.02,Classic Cars,2004-11-17,Shipped,Philadelphia,USA,0.17,2004-11-01 00:00:00,2004-10-01 00:00:00,2004-01-01 00:00:00,11,Wednesday
10342,S18_1129,"Australian Collectors, Co.",40,100.0,6454.4,Classic Cars,2004-11-24,Shipped,Melbourne,Australia,0.17,2004-11-01 00:00:00,2004-10-01 00:00:00,2004-01-01 00:00:00,11,Wednesday
10227,S18_1342,"Saveley & Henriot, Co.",25,100.0,2953.75,Vintage Cars,2004-03-02,Shipped,Lyon,France,0.17,2004-03-01 00:00:00,2004-01-01 00:00:00,2004-01-01 00:00:00,3,Tuesday
10161,S18_1984,Heintze Collectables,48,100.0,6145.44,Classic Cars,2003-10-17,Shipped,Aaarhus,Denmark,0.17,2003-10-01 00:00:00,2003-10-01 00:00:00,2003-01-01 00:00:00,10,Friday
10204,S18_1984,Muscle Machine Inc,38,100.0,6432.64,Classic Cars,2003-12-02,Shipped,NYC,USA,0.17,2003-12-01 00:00:00,2003-10-01 00:00:00,2003-01-01 00:00:00,12,Tuesday
10266,S18_1984,L'ordine Souveniers,49,100.0,6203.4,Classic Cars,2004-07-06,Shipped,Reggio Emilia,Italy,0.17,2004-07-01 00:00:00,2004-07-01 00:00:00,2004-01-01 00:00:00,7,Tuesday
10271,S18_2432,Mini Gifts Distributors Ltd.,25,69.28,1732.0,Trucks and Buses,2004-07-20,Shipped,San Rafael,USA,0.17,2004-07-01 00:00:00,2004-07-01 00:00:00,2004-01-01 00:00:00,7,Tuesday
10313,S18_2432,Canadian Gift Exchange Network,34,52.87,1797.58,Trucks and Buses,2004-10-22,Shipped,Vancouver,Canada,0.17,2004-10-01 00:00:00,2004-10-01 00:00:00,2004-01-01 00:00:00,10,Friday
10245,S10_1949,Super Scale Inc.,34,100.0,6120.34,Classic Cars,2004-05-04,Shipped,New Haven,USA,0.17,2004-05-01 00:00:00,2004-04-01 00:00:00,2004-01-01 00:00:00,5,Tuesday
10201,S18_2625,Mini Wheels Co.,30,64.81,1944.3,Motorcycles,2003-12-01,Shipped,San Francisco,USA,0.17,2003-12-01 00:00:00,2003-10-01 00:00:00,2003-01-01 00:00:00,12,Monday
10339,S18_2625,"Tokyo Collectables, Ltd",30,62.16,1864.8,Motorcycles,2004-11-23,Shipped,Minato-ku,Japan,0.17,2004-11-01 00:00:00,2004-10-01 00:00:00,2004-01-01 00:00:00,11,Tuesday
10182,S18_2795,Mini Gifts Distributors Ltd.,21,100.0,3047.73,Vintage Cars,2003-11-12,Shipped,San Rafael,USA,0.17,2003-11-01 00:00:00,2003-10-01 00:00:00,2003-01-01 00:00:00,11,Wednesday
10366,S18_2870,Royale Belge,49,100.0,6144.6,Classic Cars,2005-01-10,Shipped,Charleroi,Belgium,0.17,2005-01-01 00:00:00,2005-01-01 00:00:00,2005-01-01 00:00:00,1,Monday
10280,S18_2957,Amica Models & Co.,43,68.71,2954.53,Vintage Cars,2004-08-17,Shipped,Torino,Italy,0.17,2004-08-01 00:00:00,2004-07-01 00:00:00,2004-01-01 00:00:00,8,Tuesday
10332,S18_2957,"AV Stores, Co.",26,100.0,2979.08,Vintage Cars,2004-11-17,Shipped,Manchester,UK,0.17,2004-11-01 00:00:00,2004-10-01 00:00:00,2004-01-01 00:00:00,11,Wednesday
10126,S18_3136,"Corrida Auto Replicas, Ltd",30,97.39,2921.7,Vintage Cars,2003-05-28,Shipped,Madrid,Spain,0.17,2003-05-01 00:00:00,2003-04-01 00:00:00,2003-01-01 00:00:00,5,Wednesday
10181,S18_3232,Herkku Gifts,45,100.0,6324.75,Classic Cars,2003-11-12,Shipped,Bergen,Norway,0.17,2003-11-01 00:00:00,2003-10-01 00:00:00,2003-01-01 00:00:00,11,Wednesday
10225,S18_3232,"Vida Sport, Ltd",43,100.0,6407.86,Classic Cars,2004-02-22,Shipped,Gensve,Switzerland,0.17,2004-02-01 00:00:00,2004-01-01 00:00:00,2004-01-01 00:00:00,2,Sunday
10278,S18_3232,Signal Gift Stores,42,100.0,6401.22,Classic Cars,2004-08-06,Shipped,Las Vegas,USA,0.17,2004-08-01 00:00:00,2004-07-01 00:00:00,2004-01-01 00:00:00,8,Friday
10366,S18_3232,Royale Belge,34,100.0,6275.72,Classic Cars,2005-01-10,Shipped,Charleroi,Belgium,0.17,2005-01-01 00:00:00,2005-01-01 00:00:00,2005-01-01 00:00:00,1,Monday
10244,S18_3320,Euro Shopping Channel,36,84.33,3035.88,Vintage Cars,2004-04-29,Shipped,Madrid,Spain,0.17,2004-04-01 00:00:00,2004-04-01 00:00:00,2004-01-01 00:00:00,4,Thursday
10323,S18_3320,"Blauer See Auto, Co.",33,91.27,3011.91,Vintage Cars,2004-11-05,Shipped,Frankfurt,Germany,0.17,2004-11-01 00:00:00,2004-10-01 00:00:00,2004-01-01 00:00:00,11,Friday
10212,S18_3685,Euro Shopping Channel,45,100.0,6357.6,Classic Cars,2004-01-16,Shipped,Madrid,Spain,0.17,2004-01-01 00:00:00,2004-01-01 00:00:00,2004-01-01 00:00:00,1,Friday
10301,S18_3685,"Norway Gifts By Mail, Co.",39,100.0,6446.7,Classic Cars,2003-10-05,Shipped,Oslo,Norway,0.17,2003-10-01 00:00:00,2003-10-01 00:00:00,2003-01-01 00:00:00,10,Sunday
10207,S18_4027,Diecast Collectables,40,100.0,6146.8,Classic Cars,2003-12-09,Shipped,Boston,USA,0.17,2003-12-01 00:00:00,2003-10-01 00:00:00,2003-01-01 00:00:00,12,Tuesday
10394,S18_4027,Euro Shopping Channel,37,100.0,6376.58,Classic Cars,2005-03-15,Shipped,Madrid,Spain,0.17,2005-03-01 00:00:00,2005-01-01 00:00:00,2005-01-01 00:00:00,3,Tuesday
10180,S24_2000,Daedalus Designs Imports,28,68.55,1919.4,Motorcycles,2003-11-11,Shipped,Lille,France,0.17,2003-11-01 00:00:00,2003-10-01 00:00:00,2003-01-01 00:00:00,11,Tuesday
10222,S24_3420,Collectable Mini Designs Co.,43,70.35,3025.05,Vintage Cars,2004-02-19,Shipped,San Diego,USA,0.17,2004-02-01 00:00:00,2004-01-01 00:00:00,2004-01-01 00:00:00,2,Thursday
10339,S24_3420,"Tokyo Collectables, Ltd",29,99.69,2891.01,Vintage Cars,2004-11-23,Shipped,Minato-ku,Japan,0.17,2004-11-01 00:00:00,2004-10-01 00:00:00,2004-01-01 00:00:00,11,Tuesday
10373,S24_3420,"Oulu Toy Supplies, Inc.",46,66.0,3036.0,Vintage Cars,2005-01-31,Shipped,Oulu,Finland,0.17,2005-01-01 00:00:00,2005-01-01 00:00:00,2005-01-01 00:00:00,1,Monday
10284,S24_4278,"Norway Gifts By Mail, Co.",21,71.0,1491.0,Planes,2004-08-21,Shipped,Oslo,Norway,0.17,2004-08-01 00:00:00,2004-07-01 00:00:00,2004-01-01 00:00:00,8,Saturday
10259,S32_2509,Handji Gifts& Co,40,43.83,1753.2,Trucks and Buses,2004-06-15,Shipped,Singapore,Singapore,0.17,2004-06-01 00:00:00,2004-04-01 00:00:00,2004-01-01 00:00:00,6,Tuesday
10313,S32_2509,Canadian Gift Exchange Network,38,45.45,1727.1,Trucks and Buses,2004-10-22,Shipped,Vancouver,Canada,0.17,2004-10-01 00:00:00,2004-10-01 00:00:00,2004-01-01 00:00:00,10,Friday
10180,S50_4713,Daedalus Designs Imports,21,93.56,1964.76,Motorcycles,2003-11-11,Shipped,Lille,France,0.17,2003-11-01 00:00:00,2003-10-01 00:00:00,2003-01-01 00:00:00,11,Tuesday
10186,S72_1253,"Double Decker Gift Stores, Ltd",28,52.14,1459.92,Planes,2003-11-14,Shipped,London,UK,0.17,2003-11-01 00:00:00,2003-10-01 00:00:00,2003-01-01 00:00:00,11,Friday
10403,S18_3782,"UK Collectables, Ltd.",36,52.22,1879.92,Motorcycles,2005-04-08,Shipped,Liverpool,UK,0.17,2005-04-01 00:00:00,2005-04-01 00:00:00,2005-01-01 00:00:00,4,Friday
10182,S24_3432,Mini Gifts Distributors Ltd.,49,100.0,6244.07,Classic Cars,2003-11-12,Shipped,San Rafael,USA,0.17,2003-11-01 00:00:00,2003-10-01 00:00:00,2003-01-01 00:00:00,11,Wednesday
10270,S18_2949,Souveniers And Things Co.,31,96.24,2983.44,Vintage Cars,2004-07-19,Shipped,Chatswood,Australia,0.17,2004-07-01 00:00:00,2004-07-01 00:00:00,2004-01-01 00:00:00,7,Monday
10350,S24_3151,Euro Shopping Channel,30,100.0,3021.0,Vintage Cars,2004-12-02,Shipped,Madrid,Spain,0.17,2004-12-01 00:00:00,2004-10-01 00:00:00,2004-01-01 00:00:00,12,Thursday
10310,S18_3482,"Toms Spezialitten, Ltd",49,100.0,6266.12,Classic Cars,2004-10-16,Shipped,Koln,Germany,0.17,2004-10-01 00:00:00,2004-10-01 00:00:00,2004-01-01 00:00:00,10,Saturday
10296,S24_2841,"Bavarian Collectables Imports, Co.",21,71.25,1496.25,Planes,2004-09-15,Shipped,Munich,Germany,0.17,2004-09-01 00:00:00,2004-07-01 00:00:00,2004-01-01 00:00:00,9,Wednesday
10279,S24_3432,Euro Shopping Channel,48,100.0,6168.0,Classic Cars,2004-08-09,Shipped,Madrid,Spain,0.17,2004-08-01 00:00:00,2004-07-01 00:00:00,2004-01-01 00:00:00,8,Monday
10246,S24_4048,Euro Shopping Channel,46,100.0,6311.2,Classic Cars,2004-05-05,Shipped,Madrid,Spain,0.17,2004-05-01 00:00:00,2004-04-01 00:00:00,2004-01-01 00:00:00,5,Wednesday
10168,S18_2581,Technics Stores Inc.,21,70.96,1490.16,Planes,2003-10-28,Shipped,Burlingame,USA,0.17,2003-10-01 00:00:00,2003-10-01 00:00:00,2003-01-01 00:00:00,10,Tuesday
10342,S18_4721,"Australian Collectors, Co.",38,100.0,6276.46,Classic Cars,2004-11-24,Shipped,Melbourne,Australia,0.17,2004-11-01 00:00:00,2004-10-01 00:00:00,2004-01-01 00:00:00,11,Wednesday
10192,S24_3856,Online Diecast Creations Co.,45,100.0,6319.35,Classic Cars,2003-11-20,Shipped,Nashua,USA,0.17,2003-11-01 00:00:00,2003-10-01 00:00:00,2003-01-01 00:00:00,11,Thursday
10308,S32_1374,Mini Classics,24,79.91,1917.84,Motorcycles,2004-10-15,Shipped,White Plains,USA,0.17,2004-10-01 00:00:00,2004-10-01 00:00:00,2004-01-01 00:00:00,10,Friday
10161,S18_1589,Heintze Collectables,43,100.0,6153.73,Classic Cars,2003-10-17,Shipped,Aaarhus,Denmark,0.17,2003-10-01 00:00:00,2003-10-01 00:00:00,2003-01-01 00:00:00,10,Friday
10373,S18_3856,"Oulu Toy Supplies, Inc.",50,60.49,3024.5,Vintage Cars,2005-01-31,Shipped,Oulu,Finland,0.17,2005-01-01 00:00:00,2005-01-01 00:00:00,2005-01-01 00:00:00,1,Monday
10135,S24_3856,Mini Gifts Distributors Ltd.,47,100.0,6336.07,Classic Cars,2003-07-02,Shipped,San Rafael,USA,0.17,2003-07-01 00:00:00,2003-07-01 00:00:00,2003-01-01 00:00:00,7,Wednesday
10238,S18_4721,Danish Wholesale Imports,44,100.0,6350.96,Classic Cars,2004-04-09,Shipped,Kobenhavn,Denmark,0.17,2004-04-01 00:00:00,2004-04-01 00:00:00,2004-01-01 00:00:00,4,Friday
10308,S32_4289,Mini Classics,46,66.04,3037.84,Vintage Cars,2004-10-15,Shipped,White Plains,USA,0.17,2004-10-01 00:00:00,2004-10-01 00:00:00,2004-01-01 00:00:00,10,Friday
10316,S72_1253,giftsbymail.co.uk,34,43.7,1485.8,Planes,2004-11-01,Shipped,Cowes,UK,0.17,2004-11-01 00:00:00,2004-10-01 00:00:00,2004-01-01 00:00:00,11,Monday
10350,S18_4522,Euro Shopping Channel,30,100.0,3023.1,Vintage Cars,2004-12-02,Shipped,Madrid,Spain,0.17,2004-12-01 00:00:00,2004-10-01 00:00:00,2004-01-01 00:00:00,12,Thursday
10280,S18_3136,Amica Models & Co.,29,100.0,3006.43,Vintage Cars,2004-08-17,Shipped,Torino,Italy,0.17,2004-08-01 00:00:00,2004-07-01 00:00:00,2004-01-01 00:00:00,8,Tuesday
10275,S32_1374,La Rochelle Gifts,23,81.91,1883.93,Motorcycles,2004-07-23,Shipped,Nantes,France,0.17,2004-07-01 00:00:00,2004-07-01 00:00:00,2004-01-01 00:00:00,7,Friday
10400,S24_2841,The Sharp Gifts Warehouse,24,61.66,1479.84,Planes,2005-04-01,Shipped,San Jose,USA,0.17,2005-04-01 00:00:00,2005-04-01 00:00:00,2005-01-01 00:00:00,4,Friday
10314,S12_3148,Heintze Collectables,46,100.0,6393.54,Classic Cars,2004-10-22,Shipped,Aaarhus,Denmark,0.17,2004-10-01 00:00:00,2004-10-01 00:00:00,2004-01-01 00:00:00,10,Friday
10416,S18_2581,L'ordine Souveniers,15,98.84,1482.6,Planes,2005-05-10,Shipped,Reggio Emilia,Italy,0.17,2005-05-01 00:00:00,2005-04-01 00:00:00,2005-01-01 00:00:00,5,Tuesday
10215,S10_1949,West Coast Collectables Co.,35,100.0,6075.3,Classic Cars,2004-01-29,Shipped,Burbank,USA,0.16,2004-01-01 00:00:00,2004-01-01 00:00:00,2004-01-01 00:00:00,1,Thursday
10135,S24_2360,Mini Gifts Distributors Ltd.,29,61.64,1787.56,Motorcycles,2003-07-02,Shipped,San Rafael,USA,0.16,2003-07-01 00:00:00,2003-07-01 00:00:00,2003-01-01 00:00:00,7,Wednesday
10388,S10_4698,FunGiftIdeas.com,21,86.77,1822.17,Motorcycles,2005-03-03,Shipped,New Bedford,USA,0.16,2005-03-01 00:00:00,2005-01-01 00:00:00,2005-01-01 00:00:00,3,Thursday
10357,S10_4962,Mini Gifts Distributors Ltd.,43,100.0,5780.92,Classic Cars,2004-12-10,Shipped,San Rafael,USA,0.16,2004-12-01 00:00:00,2004-10-01 00:00:00,2004-01-01 00:00:00,12,Friday
10238,S12_1099,Danish Wholesale Imports,28,100.0,5774.72,Classic Cars,2004-04-09,Shipped,Kobenhavn,Denmark,0.16,2004-04-01 00:00:00,2004-04-01 00:00:00,2004-01-01 00:00:00,4,Friday
10272,S12_1108,Diecast Classics Inc.,35,100.0,5818.4,Classic Cars,2004-07-20,Shipped,Allentown,USA,0.16,2004-07-01 00:00:00,2004-07-01 00:00:00,2004-01-01 00:00:00,7,Tuesday
10104,S12_3148,Euro Shopping Channel,34,100.0,5958.5,Classic Cars,2003-01-31,Shipped,Madrid,Spain,0.16,2003-01-01 00:00:00,2003-01-01 00:00:00,2003-01-01 00:00:00,1,Friday
10117,S12_3148,"Dragon Souveniers, Ltd.",43,100.0,5911.64,Classic Cars,2003-04-16,Shipped,Singapore,Singapore,0.16,2003-04-01 00:00:00,2003-04-01 00:00:00,2003-01-01 00:00:00,4,Wednesday
10372,S12_3148,"Tokyo Collectables, Ltd",40,100.0,5862.0,Classic Cars,2005-01-26,Shipped,Minato-ku,Japan,0.16,2005-01-01 00:00:00,2005-01-01 00:00:00,2005-01-01 00:00:00,1,Wednesday
10135,S12_3380,Mini Gifts Distributors Ltd.,48,100.0,6031.68,Classic Cars,2003-07-02,Shipped,San Rafael,USA,0.16,2003-07-01 00:00:00,2003-07-01 00:00:00,2003-01-01 00:00:00,7,Wednesday
10117,S12_3891,"Dragon Souveniers, Ltd.",39,100.0,5938.14,Classic Cars,2003-04-16,Shipped,Singapore,Singapore,0.16,2003-04-01 00:00:00,2003-04-01 00:00:00,2003-01-01 00:00:00,4,Wednesday
10372,S12_3891,"Tokyo Collectables, Ltd",34,100.0,5941.5,Classic Cars,2005-01-26,Shipped,Minato-ku,Japan,0.16,2005-01-01 00:00:00,2005-01-01 00:00:00,2005-01-01 00:00:00,1,Wednesday
10301,S18_1129,"Norway Gifts By Mail, Co.",37,100.0,5917.78,Classic Cars,2003-10-05,Shipped,Oslo,Norway,0.16,2003-10-01 00:00:00,2003-10-01 00:00:00,2003-01-01 00:00:00,10,Sunday
10321,S18_1129,FunGiftIdeas.com,41,100.0,5803.14,Classic Cars,2004-11-04,Shipped,New Bedford,USA,0.16,2004-11-01 00:00:00,2004-10-01 00:00:00,2004-01-01 00:00:00,11,Thursday
10377,S18_1129,"Toys of Finland, Co.",35,100.0,5895.05,Classic Cars,2005-02-09,Shipped,Helsinki,Finland,0.16,2005-02-01 00:00:00,2005-01-01 00:00:00,2005-01-01 00:00:00,2,Wednesday
10343,S18_1589,Reims Collectables,36,100.0,5848.92,Classic Cars,2004-11-24,Shipped,Reims,France,0.16,2004-11-01 00:00:00,2004-10-01 00:00:00,2004-01-01 00:00:00,11,Wednesday
10124,S18_1749,Signal Gift Stores,21,100.0,2856.0,Vintage Cars,2003-05-21,Shipped,Las Vegas,USA,0.16,2003-05-01 00:00:00,2003-04-01 00:00:00,2003-01-01 00:00:00,5,Wednesday
10141,S18_2238,Suominen Souveniers,39,100.0,5938.53,Classic Cars,2003-08-01,Shipped,Espoo,Finland,0.16,2003-08-01 00:00:00,2003-07-01 00:00:00,2003-01-01 00:00:00,8,Friday
10229,S18_2432,Mini Gifts Distributors Ltd.,28,59.55,1667.4,Trucks and Buses,2004-03-11,Shipped,San Rafael,USA,0.16,2004-03-01 00:00:00,2004-01-01 00:00:00,2004-01-01 00:00:00,3,Thursday
10281,S18_2432,Diecast Classics Inc.,29,57.73,1674.17,Trucks and Buses,2004-08-19,Shipped,Allentown,USA,0.16,2004-08-01 00:00:00,2004-07-01 00:00:00,2004-01-01 00:00:00,8,Thursday
10322,S10_1949,Online Diecast Creations Co.,40,100.0,6000.4,Classic Cars,2004-11-04,Shipped,Nashua,USA,0.16,2004-11-01 00:00:00,2004-10-01 00:00:00,2004-01-01 00:00:00,11,Thursday
10391,S18_2432,"Anna's Decorations, Ltd",44,38.5,1694.0,Trucks and Buses,2005-03-09,Shipped,North Sydney,Australia,0.16,2005-03-01 00:00:00,2005-01-01 00:00:00,2005-01-01 00:00:00,3,Wednesday
10134,S18_2625,Lyon Souveniers,30,61.78,1853.4,Motorcycles,2003-07-01,Shipped,Paris,France,0.16,2003-07-01 00:00:00,2003-07-01 00:00:00,2003-01-01 00:00:00,7,Tuesday
10251,S18_2625,Tekni Collectables Inc.,29,61.18,1774.22,Motorcycles,2004-05-18,Shipped,Newark,USA,0.16,2004-05-01 00:00:00,2004-04-01 00:00:00,2004-01-01 00:00:00,5,Tuesday
10308,S18_2625,Mini Classics,34,52.09,1771.06,Motorcycles,2004-10-15,Shipped,White Plains,USA,0.16,2004-10-01 00:00:00,2004-10-01 00:00:00,2004-01-01 00:00:00,10,Friday
10126,S18_2949,"Corrida Auto Replicas, Ltd",31,90.17,2795.27,Vintage Cars,2003-05-28,Shipped,Madrid,Spain,0.16,2003-05-01 00:00:00,2003-04-01 00:00:00,2003-01-01 00:00:00,5,Wednesday
10228,S18_2957,Cambridge Collectables Co.,45,63.71,2866.95,Vintage Cars,2004-03-10,Shipped,Cambridge,USA,0.16,2004-03-01 00:00:00,2004-01-01 00:00:00,2004-01-01 00:00:00,3,Wednesday
10381,S18_2957,Corporate Gift Ideas Co.,40,68.08,2723.2,Vintage Cars,2005-02-17,Shipped,San Francisco,USA,0.16,2005-02-01 00:00:00,2005-01-01 00:00:00,2005-01-01 00:00:00,2,Thursday
10150,S18_3136,"Dragon Souveniers, Ltd.",26,100.0,2804.36,Vintage Cars,2003-09-19,Shipped,Singapore,Singapore,0.16,2003-09-01 00:00:00,2003-07-01 00:00:00,2003-01-01 00:00:00,9,Friday
10173,S18_3136,Rovelli Gifts,31,89.01,2759.31,Vintage Cars,2003-11-05,Shipped,Bergamo,Italy,0.16,2003-11-01 00:00:00,2003-10-01 00:00:00,2003-01-01 00:00:00,11,Wednesday
10193,S18_3136,"Australian Collectables, Ltd",23,100.0,2769.89,Vintage Cars,2003-11-21,Shipped,Glen Waverly,Australia,0.16,2003-11-01 00:00:00,2003-10-01 00:00:00,2003-01-01 00:00:00,11,Friday
10293,S18_3140,Amica Models & Co.,24,100.0,2819.28,Vintage Cars,2004-09-09,Shipped,Torino,Italy,0.16,2004-09-01 00:00:00,2004-07-01 00:00:00,2004-01-01 00:00:00,9,Thursday
10314,S18_3140,Heintze Collectables,20,100.0,2731.8,Vintage Cars,2004-10-22,Shipped,Aaarhus,Denmark,0.16,2004-10-01 00:00:00,2004-10-01 00:00:00,2004-01-01 00:00:00,10,Friday
10287,S18_3232,"Vida Sport, Ltd",36,100.0,5852.52,Classic Cars,2004-08-30,Shipped,Gensve,Switzerland,0.16,2004-08-01 00:00:00,2004-07-01 00:00:00,2004-01-01 00:00:00,8,Monday
10173,S18_3320,Rovelli Gifts,29,95.24,2761.96,Vintage Cars,2003-11-05,Shipped,Bergamo,Italy,0.16,2003-11-01 00:00:00,2003-10-01 00:00:00,2003-01-01 00:00:00,11,Wednesday
10182,S18_3320,Mini Gifts Distributors Ltd.,33,86.31,2848.23,Vintage Cars,2003-11-12,Shipped,San Rafael,USA,0.16,2003-11-01 00:00:00,2003-10-01 00:00:00,2003-01-01 00:00:00,11,Wednesday
10181,S18_3685,Herkku Gifts,39,100.0,5785.26,Classic Cars,2003-11-12,Shipped,Bergen,Norway,0.16,2003-11-01 00:00:00,2003-10-01 00:00:00,2003-01-01 00:00:00,11,Wednesday
10240,S18_3685,Osaka Souveniers Co.,37,100.0,5959.22,Classic Cars,2004-04-13,Shipped,Osaka,Japan,0.16,2004-04-01 00:00:00,2004-04-01 00:00:00,2004-01-01 00:00:00,4,Tuesday
10288,S18_4409,Handji Gifts& Co,35,80.99,2834.65,Vintage Cars,2004-09-01,Shipped,Singapore,Singapore,0.16,2004-09-01 00:00:00,2004-07-01 00:00:00,2004-01-01 00:00:00,9,Wednesday
10370,S18_4600,"Anna's Decorations, Ltd",29,57.53,1668.37,Trucks and Buses,2005-01-20,Shipped,North Sydney,Australia,0.16,2005-01-01 00:00:00,2005-01-01 00:00:00,2005-01-01 00:00:00,1,Thursday
10201,S24_2000,Mini Wheels Co.,25,73.88,1847.0,Motorcycles,2003-12-01,Shipped,San Francisco,USA,0.16,2003-12-01 00:00:00,2003-10-01 00:00:00,2003-01-01 00:00:00,12,Monday
10210,S24_2000,Osaka Souveniers Co.,30,61.7,1851.0,Motorcycles,2004-01-12,Shipped,Osaka,Japan,0.16,2004-01-01 00:00:00,2004-01-01 00:00:00,2004-01-01 00:00:00,1,Monday
10383,S24_2840,Euro Shopping Channel,40,100.0,6089.6,Classic Cars,2005-02-22,Shipped,Madrid,Spain,0.16,2005-02-01 00:00:00,2005-01-01 00:00:00,2005-01-01 00:00:00,2,Tuesday
10378,S24_2972,Euro Shopping Channel,41,100.0,5856.85,Classic Cars,2005-02-10,Shipped,Madrid,Spain,0.16,2005-02-01 00:00:00,2005-01-01 00:00:00,2005-01-01 00:00:00,2,Thursday
10154,S24_3151,Boards & Toys Co.,31,91.17,2826.27,Vintage Cars,2003-10-02,Shipped,Glendale,USA,0.16,2003-10-01 00:00:00,2003-10-01 00:00:00,2003-01-01 00:00:00,10,Thursday
10273,S24_3151,Petit Auto,27,100.0,2796.12,Vintage Cars,2004-07-21,Shipped,Bruxelles,Belgium,0.16,2004-07-01 00:00:00,2004-07-01 00:00:00,2004-01-01 00:00:00,7,Wednesday
10209,S24_3420,"Men 'R' US Retailers, Ltd.",36,77.59,2793.24,Vintage Cars,2004-01-09,Shipped,Los Angeles,USA,0.16,2004-01-01 00:00:00,2004-01-01 00:00:00,2004-01-01 00:00:00,1,Friday
10284,S24_3420,"Norway Gifts By Mail, Co.",39,71.67,2795.13,Vintage Cars,2004-08-21,Shipped,Oslo,Norway,0.16,2004-08-01 00:00:00,2004-07-01 00:00:00,2004-01-01 00:00:00,8,Saturday
10416,S24_3949,L'ordine Souveniers,18,75.06,1351.08,Planes,2005-05-10,Shipped,Reggio Emilia,Italy,0.16,2005-05-01 00:00:00,2005-04-01 00:00:00,2005-01-01 00:00:00,5,Tuesday
10390,S32_2206,Mini Gifts Distributors Ltd.,41,44.56,1826.96,Motorcycles,2005-03-04,Shipped,San Rafael,USA,0.16,2005-03-01 00:00:00,2005-01-01 00:00:00,2005-01-01 00:00:00,3,Friday
10104,S32_2509,Euro Shopping Channel,35,47.62,1666.7,Trucks and Buses,2003-01-31,Shipped,Madrid,Spain,0.16,2003-01-01 00:00:00,2003-01-01 00:00:00,2003-01-01 00:00:00,1,Friday
10207,S32_2509,Diecast Collectables,27,60.06,1621.62,Trucks and Buses,2003-12-09,Shipped,Boston,USA,0.16,2003-12-01 00:00:00,2003-10-01 00:00:00,2003-01-01 00:00:00,12,Tuesday
10246,S32_2509,Euro Shopping Channel,35,48.7,1704.5,Trucks and Buses,2004-05-05,Shipped,Madrid,Spain,0.16,2004-05-01 00:00:00,2004-04-01 00:00:00,2004-01-01 00:00:00,5,Wednesday
10271,S32_2509,Mini Gifts Distributors Ltd.,35,47.62,1666.7,Trucks and Buses,2004-07-20,Shipped,San Rafael,USA,0.16,2004-07-01 00:00:00,2004-07-01 00:00:00,2004-01-01 00:00:00,7,Tuesday
10281,S32_2509,Diecast Classics Inc.,31,55.19,1710.89,Trucks and Buses,2004-08-19,Shipped,Allentown,USA,0.16,2004-08-01 00:00:00,2004-07-01 00:00:00,2004-01-01 00:00:00,8,Thursday
10119,S72_1253,Salzburg Collectables,28,48.17,1348.76,Planes,2003-04-28,Shipped,Salzburg,Austria,0.16,2003-04-01 00:00:00,2003-04-01 00:00:00,2003-01-01 00:00:00,4,Monday
10222,S72_1253,Collectable Mini Designs Co.,31,45.69,1416.39,Planes,2004-02-19,Shipped,San Diego,USA,0.16,2004-02-01 00:00:00,2004-01-01 00:00:00,2004-01-01 00:00:00,2,Thursday
10222,S10_4757,Collectable Mini Designs Co.,49,100.0,5997.6,Classic Cars,2004-02-19,Shipped,San Diego,USA,0.16,2004-02-01 00:00:00,2004-01-01 00:00:00,2004-01-01 00:00:00,2,Thursday
10117,S12_1108,"Dragon Souveniers, Ltd.",33,100.0,6034.38,Classic Cars,2003-04-16,Shipped,Singapore,Singapore,0.16,2003-04-01 00:00:00,2003-04-01 00:00:00,2003-01-01 00:00:00,4,Wednesday
10383,S32_2509,Euro Shopping Channel,32,53.18,1701.76,Trucks and Buses,2005-02-22,Shipped,Madrid,Spain,0.16,2005-02-01 00:00:00,2005-01-01 00:00:00,2005-01-01 00:00:00,2,Tuesday
10419,S18_3232,Salzburg Collectables,35,100.0,5926.9,Classic Cars,2005-05-17,Shipped,Salzburg,Austria,0.16,2005-05-01 00:00:00,2005-04-01 00:00:00,2005-01-01 00:00:00,5,Tuesday
10336,S24_1444,"La Corne D'abondance, Co.",45,100.0,5972.4,Classic Cars,2004-11-20,Shipped,Paris,France,0.16,2004-11-01 00:00:00,2004-10-01 00:00:00,2004-01-01 00:00:00,11,Saturday
10370,S18_4668,"Anna's Decorations, Ltd",20,100.0,2730.0,Vintage Cars,2005-01-20,Shipped,North Sydney,Australia,0.16,2005-01-01 00:00:00,2005-01-01 00:00:00,2005-01-01 00:00:00,1,Thursday
10249,S24_2841,Cambridge Collectables Co.,20,67.82,1356.4,Planes,2004-05-08,Shipped,Cambridge,USA,0.16,2004-05-01 00:00:00,2004-04-01 00:00:00,2004-01-01 00:00:00,5,Saturday
10333,S18_2949,Mini Wheels Co.,31,90.17,2795.27,Vintage Cars,2004-11-18,Shipped,San Francisco,USA,0.16,2004-11-01 00:00:00,2004-10-01 00:00:00,2004-01-01 00:00:00,11,Thursday
10126,S32_3522,"Corrida Auto Replicas, Ltd",26,62.7,1630.2,Trucks and Buses,2003-05-28,Shipped,Madrid,Spain,0.16,2003-05-01 00:00:00,2003-04-01 00:00:00,2003-01-01 00:00:00,5,Wednesday
10110,S24_2887,"AV Stores, Co.",46,100.0,5942.28,Classic Cars,2003-03-18,Shipped,Manchester,UK,0.16,2003-03-01 00:00:00,2003-01-01 00:00:00,2003-01-01 00:00:00,3,Tuesday
10140,S32_3522,Technics Stores Inc.,28,60.76,1701.28,Trucks and Buses,2003-07-24,Shipped,Burlingame,USA,0.16,2003-07-01 00:00:00,2003-07-01 00:00:00,2003-01-01 00:00:00,7,Thursday
10184,S24_4048,"Iberia Gift Imports, Corp.",49,100.0,5795.72,Classic Cars,2003-11-14,Shipped,Sevilla,Spain,0.16,2003-11-01 00:00:00,2003-10-01 00:00:00,2003-01-01 00:00:00,11,Friday
10330,S18_4721,Cruz & Sons Co.,50,100.0,6101.0,Classic Cars,2004-11-16,Shipped,Makati City,Philippines,0.16,2004-11-01 00:00:00,2004-10-01 00:00:00,2004-01-01 00:00:00,11,Tuesday
10103,S24_4258,Baane Mini Imports,25,100.0,2873.0,Vintage Cars,2003-01-29,Shipped,Stavern,Norway,0.16,2003-01-01 00:00:00,2003-01-01 00:00:00,2003-01-01 00:00:00,1,Wednesday
10398,S72_1253,Reims Collectables,34,40.22,1367.48,Planes,2005-03-30,Shipped,Reims,France,0.16,2005-03-01 00:00:00,2005-01-01 00:00:00,2005-01-01 00:00:00,3,Wednesday
10107,S32_1374,Land of Toys Inc.,20,92.9,1858.0,Motorcycles,2003-02-24,Shipped,NYC,USA,0.16,2003-02-01 00:00:00,2003-01-01 00:00:00,2003-01-01 00:00:00,2,Monday
10361,S50_1341,Souveniers And Things Co.,33,82.59,2725.47,Vintage Cars,2004-12-17,Shipped,Chatswood,Australia,0.16,2004-12-01 00:00:00,2004-10-01 00:00:00,2004-01-01 00:00:00,12,Friday
10172,S18_2870,Gift Depot Inc.,39,100.0,6023.16,Classic Cars,2003-11-05,Shipped,Bridgewater,USA,0.16,2003-11-01 00:00:00,2003-10-01 00:00:00,2003-01-01 00:00:00,11,Wednesday
10314,S18_2238,Heintze Collectables,42,100.0,5776.26,Classic Cars,2004-10-22,Shipped,Aaarhus,Denmark,0.16,2004-10-01 00:00:00,2004-10-01 00:00:00,2004-01-01 00:00:00,10,Friday
10148,S18_1589,"Anna's Decorations, Ltd",47,100.0,5848.68,Classic Cars,2003-09-11,Shipped,North Sydney,Australia,0.16,2003-09-01 00:00:00,2003-07-01 00:00:00,2003-01-01 00:00:00,9,Thursday
10291,S18_3136,Scandinavian Gift Ideas,23,100.0,2866.26,Vintage Cars,2004-09-08,Shipped,Boras,Sweden,0.16,2004-09-01 00:00:00,2004-07-01 00:00:00,2004-01-01 00:00:00,9,Wednesday
10133,S32_4289,Euro Shopping Channel,49,57.1,2797.9,Vintage Cars,2003-06-27,Shipped,Madrid,Spain,0.16,2003-06-01 00:00:00,2003-04-01 00:00:00,2003-01-01 00:00:00,6,Friday
10381,S18_2432,Corporate Gift Ideas Co.,35,48.62,1701.7,Trucks and Buses,2005-02-17,Shipped,San Francisco,USA,0.16,2005-02-01 00:00:00,2005-01-01 00:00:00,2005-01-01 00:00:00,2,Thursday
10103,S10_1949,Baane Mini Imports,26,100.0,5404.62,Classic Cars,2003-01-29,Shipped,Stavern,Norway,0.15,2003-01-01 00:00:00,2003-01-01 00:00:00,2003-01-01 00:00:00,1,Wednesday
10180,S18_4721,Daedalus Designs Imports,44,100.0,5565.12,Classic Cars,2003-11-11,Shipped,Lille,France,0.15,2003-11-01 00:00:00,2003-10-01 00:00:00,2003-01-01 00:00:00,11,Tuesday
10357,S10_1949,Mini Gifts Distributors Ltd.,32,100.0,5691.84,Classic Cars,2004-12-10,Shipped,San Rafael,USA,0.15,2004-12-01 00:00:00,2004-10-01 00:00:00,2004-01-01 00:00:00,12,Friday
10143,S10_4757,Mini Creations Ltd.,49,100.0,5597.76,Classic Cars,2003-08-10,Shipped,New Bedford,USA,0.15,2003-08-01 00:00:00,2003-07-01 00:00:00,2003-01-01 00:00:00,8,Sunday
10103,S10_4962,Baane Mini Imports,42,100.0,5398.26,Classic Cars,2003-01-29,Shipped,Stavern,Norway,0.15,2003-01-01 00:00:00,2003-01-01 00:00:00,2003-01-01 00:00:00,1,Wednesday
10181,S12_1099,Herkku Gifts,27,100.0,5411.07,Classic Cars,2003-11-12,Shipped,Bergen,Norway,0.15,2003-11-01 00:00:00,2003-10-01 00:00:00,2003-01-01 00:00:00,11,Wednesday
10300,S12_1099,"Blauer See Auto, Co.",33,100.0,5521.89,Classic Cars,2003-10-04,Shipped,Frankfurt,Germany,0.15,2003-10-01 00:00:00,2003-10-01 00:00:00,2003-01-01 00:00:00,10,Saturday
10153,S12_3148,Euro Shopping Channel,42,100.0,5393.64,Classic Cars,2003-09-28,Shipped,Madrid,Spain,0.15,2003-09-01 00:00:00,2003-07-01 00:00:00,2003-01-01 00:00:00,9,Sunday
10170,S12_3380,Mini Auto Werke,47,100.0,5464.69,Classic Cars,2003-11-04,Shipped,Graz,Austria,0.15,2003-11-01 00:00:00,2003-10-01 00:00:00,2003-01-01 00:00:00,11,Tuesday
10191,S12_3380,"Toms Spezialitten, Ltd",40,100.0,5590.0,Classic Cars,2003-11-20,Shipped,Koln,Germany,0.15,2003-11-01 00:00:00,2003-10-01 00:00:00,2003-01-01 00:00:00,11,Thursday
10276,S12_3380,Online Mini Collectables,47,100.0,5464.69,Classic Cars,2004-08-02,Shipped,Brickhaven,USA,0.15,2004-08-01 00:00:00,2004-07-01 00:00:00,2004-01-01 00:00:00,8,Monday
10165,S12_3891,"Dragon Souveniers, Ltd.",27,100.0,5559.03,Classic Cars,2003-10-22,Shipped,Singapore,Singapore,0.15,2003-10-01 00:00:00,2003-10-01 00:00:00,2003-01-01 00:00:00,10,Wednesday
10240,S18_1129,Osaka Souveniers Co.,41,100.0,5628.89,Classic Cars,2004-04-13,Shipped,Osaka,Japan,0.15,2004-04-01 00:00:00,2004-04-01 00:00:00,2004-01-01 00:00:00,4,Tuesday
10110,S18_1589,"AV Stores, Co.",37,100.0,5433.08,Classic Cars,2003-03-18,Shipped,Manchester,UK,0.15,2003-03-01 00:00:00,2003-01-01 00:00:00,2003-01-01 00:00:00,3,Tuesday
10240,S18_1984,Osaka Souveniers Co.,37,100.0,5526.32,Classic Cars,2004-04-13,Shipped,Osaka,Japan,0.15,2004-04-01 00:00:00,2004-04-01 00:00:00,2004-01-01 00:00:00,4,Tuesday
10223,S18_2625,"Australian Collectors, Co.",28,60.57,1695.96,Motorcycles,2004-02-20,Shipped,Melbourne,Australia,0.15,2004-02-01 00:00:00,2004-01-01 00:00:00,2004-01-01 00:00:00,2,Friday
10112,S18_2949,"Volvo Model Replicas, Co",23,100.0,2539.89,Vintage Cars,2003-03-24,Shipped,Lule,Sweden,0.15,2003-03-01 00:00:00,2003-01-01 00:00:00,2003-01-01 00:00:00,3,Monday
10193,S18_2949,"Australian Collectables, Ltd",28,93.21,2609.88,Vintage Cars,2003-11-21,Shipped,Glen Waverly,Australia,0.15,2003-11-01 00:00:00,2003-10-01 00:00:00,2003-01-01 00:00:00,11,Friday
10183,S18_2957,"Classic Gift Ideas, Inc",39,68.08,2655.12,Vintage Cars,2003-11-13,Shipped,Philadelphia,USA,0.15,2003-11-01 00:00:00,2003-10-01 00:00:00,2003-01-01 00:00:00,11,Thursday
10257,S18_2957,The Sharp Gifts Warehouse,49,53.72,2632.28,Vintage Cars,2004-06-14,Shipped,San Jose,USA,0.15,2004-06-01 00:00:00,2004-04-01 00:00:00,2004-01-01 00:00:00,6,Monday
10183,S10_1949,"Classic Gift Ideas, Inc",23,100.0,5372.57,Classic Cars,2003-11-13,Shipped,Philadelphia,USA,0.15,2003-11-01 00:00:00,2003-10-01 00:00:00,2003-01-01 00:00:00,11,Thursday
10148,S18_3232,"Anna's Decorations, Ltd",32,100.0,5418.88,Classic Cars,2003-09-11,Shipped,North Sydney,Australia,0.15,2003-09-01 00:00:00,2003-07-01 00:00:00,2003-01-01 00:00:00,9,Thursday
10171,S18_3232,Quebec Home Shopping Network,39,100.0,5481.45,Classic Cars,2003-11-05,Shipped,Montreal,Canada,0.15,2003-11-01 00:00:00,2003-10-01 00:00:00,2003-01-01 00:00:00,11,Wednesday
10212,S18_3232,Euro Shopping Channel,40,100.0,5554.4,Classic Cars,2004-01-16,Shipped,Madrid,Spain,0.15,2004-01-01 00:00:00,2004-01-01 00:00:00,2004-01-01 00:00:00,1,Friday
10321,S18_3232,FunGiftIdeas.com,33,100.0,5700.09,Classic Cars,2004-11-04,Shipped,New Bedford,USA,0.15,2004-11-01 00:00:00,2004-10-01 00:00:00,2004-01-01 00:00:00,11,Thursday
10390,S18_3278,Mini Gifts Distributors Ltd.,40,100.0,5491.6,Classic Cars,2005-03-04,Shipped,San Rafael,USA,0.15,2005-03-01 00:00:00,2005-01-01 00:00:00,2005-01-01 00:00:00,3,Friday
10193,S18_3320,"Australian Collectables, Ltd",32,79.37,2539.84,Vintage Cars,2003-11-21,Shipped,Glen Waverly,Australia,0.15,2003-11-01 00:00:00,2003-10-01 00:00:00,2003-01-01 00:00:00,11,Friday
10347,S18_3320,"Australian Collectors, Co.",26,100.0,2656.94,Vintage Cars,2004-11-29,Shipped,Melbourne,Australia,0.15,2004-11-01 00:00:00,2004-10-01 00:00:00,2004-01-01 00:00:00,11,Monday
10357,S18_3320,Mini Gifts Distributors Ltd.,25,100.0,2604.25,Vintage Cars,2004-12-10,Shipped,San Rafael,USA,0.15,2004-12-01 00:00:00,2004-10-01 00:00:00,2004-01-01 00:00:00,12,Friday
10135,S18_3482,Mini Gifts Distributors Ltd.,42,100.0,5432.7,Classic Cars,2003-07-02,Shipped,San Rafael,USA,0.15,2003-07-01 00:00:00,2003-07-01 00:00:00,2003-01-01 00:00:00,7,Wednesday
10204,S18_3685,Muscle Machine Inc,35,100.0,5735.8,Classic Cars,2003-12-02,Shipped,NYC,USA,0.15,2003-12-01 00:00:00,2003-10-01 00:00:00,2003-01-01 00:00:00,12,Tuesday
10419,S18_3685,Salzburg Collectables,43,100.0,5589.14,Classic Cars,2005-05-17,Shipped,Salzburg,Austria,0.15,2005-05-01 00:00:00,2005-04-01 00:00:00,2005-01-01 00:00:00,5,Tuesday
10122,S18_3782,Marseille Mini Autos,35,49.74,1740.9,Motorcycles,2003-05-08,Shipped,Marseille,France,0.15,2003-05-01 00:00:00,2003-04-01 00:00:00,2003-01-01 00:00:00,5,Thursday
10252,S18_3782,Auto Canal Petit,31,52.84,1638.04,Motorcycles,2004-05-26,Shipped,Paris,France,0.15,2004-05-01 00:00:00,2004-04-01 00:00:00,2004-01-01 00:00:00,5,Wednesday
10276,S18_3782,Online Mini Collectables,33,50.36,1661.88,Motorcycles,2004-08-02,Shipped,Brickhaven,USA,0.15,2004-08-01 00:00:00,2004-07-01 00:00:00,2004-01-01 00:00:00,8,Monday
10355,S18_3782,Euro Shopping Channel,31,53.47,1657.57,Motorcycles,2004-12-07,Shipped,Madrid,Spain,0.15,2004-12-01 00:00:00,2004-10-01 00:00:00,2004-01-01 00:00:00,12,Tuesday
10176,S18_4027,L'ordine Souveniers,36,100.0,5532.12,Classic Cars,2003-11-06,Shipped,Reggio Emilia,Italy,0.15,2003-11-01 00:00:00,2003-10-01 00:00:00,2003-01-01 00:00:00,11,Thursday
10324,S18_4027,Vitachrome Inc.,49,100.0,5379.71,Classic Cars,2004-11-05,Shipped,NYC,USA,0.15,2004-11-01 00:00:00,2004-10-01 00:00:00,2004-01-01 00:00:00,11,Friday
10337,S18_4027,Classic Legends Inc.,36,100.0,5679.36,Classic Cars,2004-11-21,Shipped,NYC,USA,0.15,2004-11-01 00:00:00,2004-10-01 00:00:00,2004-01-01 00:00:00,11,Sunday
10245,S18_4668,Super Scale Inc.,45,59.87,2694.15,Vintage Cars,2004-05-04,Shipped,New Haven,USA,0.15,2004-05-01 00:00:00,2004-04-01 00:00:00,2004-01-01 00:00:00,5,Tuesday
10322,S24_1937,Online Diecast Creations Co.,20,100.0,2624.0,Vintage Cars,2004-11-04,Shipped,Nashua,USA,0.15,2004-11-01 00:00:00,2004-10-01 00:00:00,2004-01-01 00:00:00,11,Thursday
10371,S24_2840,Mini Gifts Distributors Ltd.,45,100.0,5545.8,Classic Cars,2005-01-23,Shipped,San Rafael,USA,0.15,2005-01-01 00:00:00,2005-01-01 00:00:00,2005-01-01 00:00:00,1,Sunday
10143,S24_3420,Mini Creations Ltd.,33,77.59,2560.47,Vintage Cars,2003-08-10,Shipped,New Bedford,USA,0.15,2003-08-01 00:00:00,2003-07-01 00:00:00,2003-01-01 00:00:00,8,Sunday
10351,S24_3420,"Stylish Desk Decors, Co.",38,68.38,2598.44,Vintage Cars,2004-12-03,Shipped,London,UK,0.15,2004-12-01 00:00:00,2004-10-01 00:00:00,2004-01-01 00:00:00,12,Friday
10310,S24_3856,"Toms Spezialitten, Ltd",45,100.0,5497.65,Classic Cars,2004-10-16,Shipped,Koln,Germany,0.15,2004-10-01 00:00:00,2004-10-01 00:00:00,2004-01-01 00:00:00,10,Saturday
10211,S32_2206,Auto Canal Petit,41,42.24,1731.84,Motorcycles,2004-01-15,Shipped,Paris,France,0.15,2004-01-01 00:00:00,2004-01-01 00:00:00,2004-01-01 00:00:00,1,Thursday
10224,S32_2206,Daedalus Designs Imports,43,39.43,1695.49,Motorcycles,2004-02-21,Shipped,Lille,France,0.15,2004-02-01 00:00:00,2004-01-01 00:00:00,2004-01-01 00:00:00,2,Saturday
10252,S32_2206,Auto Canal Petit,36,48.28,1738.08,Motorcycles,2004-05-26,Shipped,Paris,France,0.15,2004-05-01 00:00:00,2004-04-01 00:00:00,2004-01-01 00:00:00,5,Wednesday
10114,S32_2509,"La Corne D'abondance, Co.",28,55.73,1560.44,Trucks and Buses,2003-04-01,Shipped,Paris,France,0.15,2003-04-01 00:00:00,2003-04-01 00:00:00,2003-01-01 00:00:00,4,Tuesday
10349,S32_2509,Muscle Machine Inc,33,46.53,1535.49,Trucks and Buses,2004-12-01,Shipped,NYC,USA,0.15,2004-12-01 00:00:00,2004-10-01 00:00:00,2004-01-01 00:00:00,12,Wednesday
10229,S700_2824,Mini Gifts Distributors Ltd.,50,100.0,5614.0,Classic Cars,2004-03-11,Shipped,San Rafael,USA,0.15,2004-03-01 00:00:00,2004-01-01 00:00:00,2004-01-01 00:00:00,3,Thursday
10270,S18_4668,Souveniers And Things Co.,44,58.36,2567.84,Vintage Cars,2004-07-19,Shipped,Chatswood,Australia,0.15,2004-07-01 00:00:00,2004-07-01 00:00:00,2004-01-01 00:00:00,7,Monday
10281,S18_4668,Diecast Classics Inc.,44,59.87,2634.28,Vintage Cars,2004-08-19,Shipped,Allentown,USA,0.15,2004-08-01 00:00:00,2004-07-01 00:00:00,2004-01-01 00:00:00,8,Thursday
10306,S24_3151,"AV Stores, Co.",31,84.08,2606.48,Vintage Cars,2004-10-14,Shipped,Manchester,UK,0.15,2004-10-01 00:00:00,2004-10-01 00:00:00,2004-01-01 00:00:00,10,Thursday
10192,S24_3432,Online Diecast Creations Co.,46,100.0,5566.0,Classic Cars,2003-11-20,Shipped,Nashua,USA,0.15,2003-11-01 00:00:00,2003-10-01 00:00:00,2003-01-01 00:00:00,11,Thursday
10331,S24_4620,Motor Mint Distributors Inc.,41,100.0,5715.4,Classic Cars,2004-11-17,Shipped,Philadelphia,USA,0.15,2004-11-01 00:00:00,2004-10-01 00:00:00,2004-01-01 00:00:00,11,Wednesday
10115,S24_4048,Classic Legends Inc.,44,100.0,5568.64,Classic Cars,2003-04-04,Shipped,NYC,USA,0.15,2003-04-01 00:00:00,2003-04-01 00:00:00,2003-01-01 00:00:00,4,Friday
10181,S18_1129,Herkku Gifts,44,100.0,5418.16,Classic Cars,2003-11-12,Shipped,Bergen,Norway,0.15,2003-11-01 00:00:00,2003-10-01 00:00:00,2003-01-01 00:00:00,11,Wednesday
10177,S18_4522,CAF Imports,35,74.6,2611.0,Vintage Cars,2003-11-07,Shipped,Madrid,Spain,0.15,2003-11-01 00:00:00,2003-10-01 00:00:00,2003-01-01 00:00:00,11,Friday
10211,S18_4721,Auto Canal Petit,41,100.0,5673.58,Classic Cars,2004-01-15,Shipped,Paris,France,0.15,2004-01-01 00:00:00,2004-01-01 00:00:00,2004-01-01 00:00:00,1,Thursday
10161,S18_3685,Heintze Collectables,36,100.0,5544.0,Classic Cars,2003-10-17,Shipped,Aaarhus,Denmark,0.15,2003-10-01 00:00:00,2003-10-01 00:00:00,2003-01-01 00:00:00,10,Friday
10208,S18_3140,"Saveley & Henriot, Co.",24,100.0,2622.48,Vintage Cars,2004-01-02,Shipped,Lyon,France,0.15,2004-01-01 00:00:00,2004-01-01 00:00:00,2004-01-01 00:00:00,1,Friday
10276,S18_4721,Online Mini Collectables,48,100.0,5713.92,Classic Cars,2004-08-02,Shipped,Brickhaven,USA,0.15,2004-08-01 00:00:00,2004-07-01 00:00:00,2004-01-01 00:00:00,8,Monday
10279,S24_2887,Euro Shopping Channel,48,100.0,5580.96,Classic Cars,2004-08-09,Shipped,Madrid,Spain,0.15,2004-08-01 00:00:00,2004-07-01 00:00:00,2004-01-01 00:00:00,8,Monday
10324,S12_4473,Vitachrome Inc.,26,58.38,1517.88,Trucks and Buses,2004-11-05,Shipped,NYC,USA,0.15,2004-11-01 00:00:00,2004-10-01 00:00:00,2004-01-01 00:00:00,11,Friday
10172,S18_3685,Gift Depot Inc.,48,100.0,5493.12,Classic Cars,2003-11-05,Shipped,Bridgewater,USA,0.15,2003-11-01 00:00:00,2003-10-01 00:00:00,2003-01-01 00:00:00,11,Wednesday
10302,S24_2887,"UK Collectables, Ltd.",45,100.0,5548.95,Classic Cars,2003-10-06,Shipped,Liverpool,UK,0.15,2003-10-01 00:00:00,2003-10-01 00:00:00,2003-01-01 00:00:00,10,Monday
10108,S24_3856,Cruz & Sons Co.,40,100.0,5448.8,Classic Cars,2003-03-03,Shipped,Makati City,Philippines,0.15,2003-03-01 00:00:00,2003-01-01 00:00:00,2003-01-01 00:00:00,3,Monday
10235,S32_4289,"Royal Canadian Collectables, Ltd.",34,77.73,2642.82,Vintage Cars,2004-04-02,Shipped,Tsawassen,Canada,0.15,2004-04-01 00:00:00,2004-04-01 00:00:00,2004-01-01 00:00:00,4,Friday
10173,S24_4258,Rovelli Gifts,22,100.0,2571.14,Vintage Cars,2003-11-05,Shipped,Bergamo,Italy,0.15,2003-11-01 00:00:00,2003-10-01 00:00:00,2003-01-01 00:00:00,11,Wednesday
10122,S24_3856,Marseille Mini Autos,43,100.0,5494.97,Classic Cars,2003-05-08,Shipped,Marseille,France,0.15,2003-05-01 00:00:00,2003-04-01 00:00:00,2003-01-01 00:00:00,5,Thursday
10197,S18_3856,Enaco Distributors,22,100.0,2538.8,Vintage Cars,2003-11-26,Shipped,Barcelona,Spain,0.15,2003-11-01 00:00:00,2003-10-01 00:00:00,2003-01-01 00:00:00,11,Wednesday
10145,S24_2360,Toys4GrownUps.com,27,60.95,1645.65,Motorcycles,2003-08-25,Shipped,Pasadena,USA,0.15,2003-08-01 00:00:00,2003-07-01 00:00:00,2003-01-01 00:00:00,8,Monday
10259,S18_2238,Handji Gifts& Co,30,100.0,5697.9,Classic Cars,2004-06-15,Shipped,Singapore,Singapore,0.15,2004-06-01 00:00:00,2004-04-01 00:00:00,2004-01-01 00:00:00,6,Tuesday
10119,S18_3856,Salzburg Collectables,27,99.52,2687.04,Vintage Cars,2003-04-28,Shipped,Salzburg,Austria,0.15,2003-04-01 00:00:00,2003-04-01 00:00:00,2003-01-01 00:00:00,4,Monday
10181,S18_1589,Herkku Gifts,42,100.0,5435.64,Classic Cars,2003-11-12,Shipped,Bergen,Norway,0.15,2003-11-01 00:00:00,2003-10-01 00:00:00,2003-01-01 00:00:00,11,Wednesday
10113,S32_3522,Mini Gifts Distributors Ltd.,23,68.52,1575.96,Trucks and Buses,2003-03-26,Shipped,San Rafael,USA,0.15,2003-03-01 00:00:00,2003-01-01 00:00:00,2003-01-01 00:00:00,3,Wednesday
10108,S18_4721,Cruz & Sons Co.,44,100.0,5565.12,Classic Cars,2003-03-03,Shipped,Makati City,Philippines,0.15,2003-03-01 00:00:00,2003-01-01 00:00:00,2003-01-01 00:00:00,3,Monday
10103,S18_3136,Baane Mini Imports,25,100.0,2539.5,Vintage Cars,2003-01-29,Shipped,Stavern,Norway,0.15,2003-01-01 00:00:00,2003-01-01 00:00:00,2003-01-01 00:00:00,1,Wednesday
10119,S10_4757,Salzburg Collectables,46,100.0,5004.8,Classic Cars,2003-04-28,Shipped,Salzburg,Austria,0.14,2003-04-01 00:00:00,2003-04-01 00:00:00,2003-01-01 00:00:00,4,Monday
10267,S24_3432,Muscle Machine Inc,43,100.0,5110.98,Classic Cars,2004-07-07,Shipped,NYC,USA,0.14,2004-07-01 00:00:00,2004-07-01 00:00:00,2004-01-01 00:00:00,7,Wednesday
10209,S10_4757,"Men 'R' US Retailers, Ltd.",39,100.0,5197.92,Classic Cars,2004-01-09,Shipped,Los Angeles,USA,0.14,2004-01-01 00:00:00,2004-01-01 00:00:00,2004-01-01 00:00:00,1,Friday
10175,S10_4962,"Stylish Desk Decors, Co.",33,100.0,5362.83,Classic Cars,2003-11-06,Shipped,London,UK,0.14,2003-11-01 00:00:00,2003-10-01 00:00:00,2003-01-01 00:00:00,11,Thursday
10108,S12_1099,Cruz & Sons Co.,33,100.0,5265.15,Classic Cars,2003-03-03,Shipped,Makati City,Philippines,0.14,2003-03-01 00:00:00,2003-01-01 00:00:00,2003-01-01 00:00:00,3,Monday
10169,S12_1099,"Anna's Decorations, Ltd",30,100.0,5019.9,Classic Cars,2003-11-04,Shipped,North Sydney,Australia,0.14,2003-11-01 00:00:00,2003-10-01 00:00:00,2003-01-01 00:00:00,11,Tuesday
10160,S12_3380,"Men 'R' US Retailers, Ltd.",46,100.0,5294.14,Classic Cars,2003-10-11,Shipped,Los Angeles,USA,0.14,2003-10-01 00:00:00,2003-10-01 00:00:00,2003-01-01 00:00:00,10,Saturday
10220,S12_3891,"Clover Collections, Co.",27,100.0,5045.22,Classic Cars,2004-02-12,Shipped,Dublin,Ireland,0.14,2004-02-01 00:00:00,2004-01-01 00:00:00,2004-01-01 00:00:00,2,Thursday
10160,S12_4675,"Men 'R' US Retailers, Ltd.",50,100.0,5182.0,Classic Cars,2003-10-11,Shipped,Los Angeles,USA,0.14,2003-10-01 00:00:00,2003-10-01 00:00:00,2003-01-01 00:00:00,10,Saturday
10203,S12_4675,Euro Shopping Channel,47,100.0,5195.85,Classic Cars,2003-12-02,Shipped,Madrid,Spain,0.14,2003-12-01 00:00:00,2003-10-01 00:00:00,2003-01-01 00:00:00,12,Tuesday
10377,S12_4675,"Toys of Finland, Co.",50,100.0,5182.0,Classic Cars,2005-02-09,Shipped,Helsinki,Finland,0.14,2005-02-01 00:00:00,2005-01-01 00:00:00,2005-01-01 00:00:00,2,Wednesday
10389,S12_4675,Scandinavian Gift Ideas,47,100.0,5243.79,Classic Cars,2005-03-03,Shipped,Boras,Sweden,0.14,2005-03-01 00:00:00,2005-01-01 00:00:00,2005-01-01 00:00:00,3,Thursday
10122,S18_1129,Marseille Mini Autos,34,100.0,5004.8,Classic Cars,2003-05-08,Shipped,Marseille,France,0.14,2003-05-01 00:00:00,2003-04-01 00:00:00,2003-01-01 00:00:00,5,Thursday
10215,S18_1342,West Coast Collectables Co.,27,89.38,2413.26,Vintage Cars,2004-01-29,Shipped,Burbank,USA,0.14,2004-01-01 00:00:00,2004-01-01 00:00:00,2004-01-01 00:00:00,1,Thursday
10356,S18_1342,Lyon Souveniers,50,50.18,2509.0,Vintage Cars,2004-12-09,Shipped,Paris,France,0.14,2004-12-01 00:00:00,2004-10-01 00:00:00,2004-01-01 00:00:00,12,Thursday
10380,S18_1342,Euro Shopping Channel,27,93.16,2515.32,Vintage Cars,2005-02-16,Shipped,Madrid,Spain,0.14,2005-02-01 00:00:00,2005-01-01 00:00:00,2005-01-01 00:00:00,2,Wednesday
10111,S18_1367,Mini Wheels Co.,48,49.06,2354.88,Vintage Cars,2003-03-25,Shipped,San Francisco,USA,0.14,2003-03-01 00:00:00,2003-01-01 00:00:00,2003-01-01 00:00:00,3,Tuesday
10322,S18_1367,Online Diecast Creations Co.,41,57.68,2364.88,Vintage Cars,2004-11-04,Shipped,Nashua,USA,0.14,2004-11-01 00:00:00,2004-10-01 00:00:00,2004-01-01 00:00:00,11,Thursday
10332,S18_1367,"AV Stores, Co.",27,89.89,2427.03,Vintage Cars,2004-11-17,Shipped,Manchester,UK,0.14,2004-11-01 00:00:00,2004-10-01 00:00:00,2004-01-01 00:00:00,11,Wednesday
10266,S18_1589,L'ordine Souveniers,36,100.0,5196.6,Classic Cars,2004-07-06,Shipped,Reggio Emilia,Italy,0.14,2004-07-01 00:00:00,2004-07-01 00:00:00,2004-01-01 00:00:00,7,Tuesday
10419,S18_1589,Salzburg Collectables,37,100.0,5202.94,Classic Cars,2005-05-17,Shipped,Salzburg,Austria,0.14,2005-05-01 00:00:00,2005-04-01 00:00:00,2005-01-01 00:00:00,5,Tuesday
10197,S10_4757,Enaco Distributors,45,100.0,5324.4,Classic Cars,2003-11-26,Shipped,Barcelona,Spain,0.14,2003-11-01 00:00:00,2003-10-01 00:00:00,2003-01-01 00:00:00,11,Wednesday
10165,S18_2238,"Dragon Souveniers, Ltd.",29,100.0,5032.95,Classic Cars,2003-10-22,Shipped,Singapore,Singapore,0.14,2003-10-01 00:00:00,2003-10-01 00:00:00,2003-01-01 00:00:00,10,Wednesday
10193,S18_2248,"Australian Collectables, Ltd",42,59.33,2491.86,Vintage Cars,2003-11-21,Shipped,Glen Waverly,Australia,0.14,2003-11-01 00:00:00,2003-10-01 00:00:00,2003-01-01 00:00:00,11,Friday
10241,S18_2248,Mini Caravy,33,72.65,2397.45,Vintage Cars,2004-04-13,Shipped,Strasbourg,France,0.14,2004-04-01 00:00:00,2004-04-01 00:00:00,2004-01-01 00:00:00,4,Tuesday
10259,S18_2432,Handji Gifts& Co,30,49.22,1476.6,Trucks and Buses,2004-06-15,Shipped,Singapore,Singapore,0.14,2004-06-01 00:00:00,2004-04-01 00:00:00,2004-01-01 00:00:00,6,Tuesday
10291,S18_2432,Scandinavian Gift Ideas,26,57.73,1500.98,Trucks and Buses,2004-09-08,Shipped,Boras,Sweden,0.14,2004-09-01 00:00:00,2004-07-01 00:00:00,2004-01-01 00:00:00,9,Wednesday
10180,S18_2625,Daedalus Designs Imports,25,64.2,1605.0,Motorcycles,2003-11-11,Shipped,Lille,France,0.14,2003-11-01 00:00:00,2003-10-01 00:00:00,2003-01-01 00:00:00,11,Tuesday
10298,S18_2625,Atelier graphique,32,48.46,1550.72,Motorcycles,2004-09-27,Shipped,Nantes,France,0.14,2004-09-01 00:00:00,2004-07-01 00:00:00,2004-01-01 00:00:00,9,Monday
10123,S18_2870,Atelier graphique,46,100.0,5161.2,Classic Cars,2003-05-20,Shipped,Nantes,France,0.14,2003-05-01 00:00:00,2003-04-01 00:00:00,2003-01-01 00:00:00,5,Tuesday
10287,S18_2870,"Vida Sport, Ltd",44,100.0,5052.96,Classic Cars,2004-08-30,Shipped,Gensve,Switzerland,0.14,2004-08-01 00:00:00,2004-07-01 00:00:00,2004-01-01 00:00:00,8,Monday
10311,S18_2870,Euro Shopping Channel,43,100.0,5278.68,Classic Cars,2004-10-16,Shipped,Madrid,Spain,0.14,2004-10-01 00:00:00,2004-10-01 00:00:00,2004-01-01 00:00:00,10,Saturday
10379,S18_2870,Euro Shopping Channel,29,100.0,5127.2,Classic Cars,2005-02-10,Shipped,Madrid,Spain,0.14,2005-02-01 00:00:00,2005-01-01 00:00:00,2005-01-01 00:00:00,2,Thursday
10228,S18_2949,Cambridge Collectables Co.,24,100.0,2504.4,Vintage Cars,2004-03-10,Shipped,Cambridge,USA,0.14,2004-03-01 00:00:00,2004-01-01 00:00:00,2004-01-01 00:00:00,3,Wednesday
10183,S18_3136,"Classic Gift Ideas, Inc",22,100.0,2488.2,Vintage Cars,2003-11-13,Shipped,Philadelphia,USA,0.14,2003-11-01 00:00:00,2003-10-01 00:00:00,2003-01-01 00:00:00,11,Thursday
10342,S18_3232,"Australian Collectors, Co.",30,100.0,5029.5,Classic Cars,2004-11-24,Shipped,Melbourne,Australia,0.14,2004-11-01 00:00:00,2004-10-01 00:00:00,2004-01-01 00:00:00,11,Wednesday
10206,S18_3320,Canadian Gift Exchange Network,28,87.3,2444.4,Vintage Cars,2003-12-05,Shipped,Vancouver,Canada,0.14,2003-12-01 00:00:00,2003-10-01 00:00:00,2003-01-01 00:00:00,12,Friday
10290,S18_3320,Auto-Moto Classics Inc.,26,96.23,2501.98,Vintage Cars,2004-09-07,Shipped,Brickhaven,USA,0.14,2004-09-01 00:00:00,2004-07-01 00:00:00,2004-01-01 00:00:00,9,Tuesday
10192,S18_3685,Online Diecast Creations Co.,45,100.0,5340.6,Classic Cars,2003-11-20,Shipped,Nashua,USA,0.14,2003-11-01 00:00:00,2003-10-01 00:00:00,2003-01-01 00:00:00,11,Thursday
10266,S18_3685,L'ordine Souveniers,33,100.0,5035.14,Classic Cars,2004-07-06,Shipped,Reggio Emilia,Italy,0.14,2004-07-01 00:00:00,2004-07-01 00:00:00,2004-01-01 00:00:00,7,Tuesday
10104,S18_4027,Euro Shopping Channel,38,100.0,5348.5,Classic Cars,2003-01-31,Shipped,Madrid,Spain,0.14,2003-01-01 00:00:00,2003-01-01 00:00:00,2003-01-01 00:00:00,1,Friday
10185,S18_4027,Mini Creations Ltd.,39,100.0,5096.91,Classic Cars,2003-11-14,Shipped,New Bedford,USA,0.14,2003-11-01 00:00:00,2003-10-01 00:00:00,2003-01-01 00:00:00,11,Friday
10383,S18_4027,Euro Shopping Channel,38,100.0,5340.9,Classic Cars,2005-02-22,Shipped,Madrid,Spain,0.14,2005-02-01 00:00:00,2005-01-01 00:00:00,2005-01-01 00:00:00,2,Tuesday
10110,S18_4409,"AV Stores, Co.",28,89.27,2499.56,Vintage Cars,2003-03-18,Shipped,Manchester,UK,0.14,2003-03-01 00:00:00,2003-01-01 00:00:00,2003-01-01 00:00:00,3,Tuesday
10204,S18_4409,Muscle Machine Inc,29,85.59,2482.11,Vintage Cars,2003-12-02,Shipped,NYC,USA,0.14,2003-12-01 00:00:00,2003-10-01 00:00:00,2003-01-01 00:00:00,12,Tuesday
10113,S18_4668,Mini Gifts Distributors Ltd.,50,49.81,2490.5,Vintage Cars,2003-03-26,Shipped,San Rafael,USA,0.14,2003-03-01 00:00:00,2003-01-01 00:00:00,2003-01-01 00:00:00,3,Wednesday
10302,S24_2766,"UK Collectables, Ltd.",49,100.0,5298.86,Classic Cars,2003-10-06,Shipped,Liverpool,UK,0.14,2003-10-01 00:00:00,2003-10-01 00:00:00,2003-01-01 00:00:00,10,Monday
10185,S24_3151,Mini Creations Ltd.,33,74.35,2453.55,Vintage Cars,2003-11-14,Shipped,New Bedford,USA,0.14,2003-11-01 00:00:00,2003-10-01 00:00:00,2003-01-01 00:00:00,11,Friday
10398,S24_3420,Reims Collectables,34,71.67,2436.78,Vintage Cars,2005-03-30,Shipped,Reims,France,0.14,2005-03-01 00:00:00,2005-01-01 00:00:00,2005-01-01 00:00:00,3,Wednesday
10124,S24_3432,Signal Gift Stores,43,100.0,5203.0,Classic Cars,2003-05-21,Shipped,Las Vegas,USA,0.14,2003-05-01 00:00:00,2003-04-01 00:00:00,2003-01-01 00:00:00,5,Wednesday
10342,S24_3856,"Australian Collectors, Co.",42,100.0,5013.54,Classic Cars,2004-11-24,Shipped,Melbourne,Australia,0.14,2004-11-01 00:00:00,2004-10-01 00:00:00,2004-01-01 00:00:00,11,Wednesday
10355,S24_3856,Euro Shopping Channel,32,100.0,5302.72,Classic Cars,2004-12-07,Shipped,Madrid,Spain,0.14,2004-12-01 00:00:00,2004-10-01 00:00:00,2004-01-01 00:00:00,12,Tuesday
10284,S24_3949,"Norway Gifts By Mail, Co.",21,55.96,1175.16,Planes,2004-08-21,Shipped,Oslo,Norway,0.14,2004-08-01 00:00:00,2004-07-01 00:00:00,2004-01-01 00:00:00,8,Saturday
10180,S32_2206,Daedalus Designs Imports,34,45.46,1545.64,Motorcycles,2003-11-11,Shipped,Lille,France,0.14,2003-11-01 00:00:00,2003-10-01 00:00:00,2003-01-01 00:00:00,11,Tuesday
10310,S32_2206,"Toms Spezialitten, Ltd",36,43.05,1549.8,Motorcycles,2004-10-16,Shipped,Koln,Germany,0.14,2004-10-01 00:00:00,2004-10-01 00:00:00,2004-01-01 00:00:00,10,Saturday
10120,S50_1341,"Australian Collectors, Co.",49,50.62,2480.38,Vintage Cars,2003-04-29,Shipped,Melbourne,Australia,0.14,2003-04-01 00:00:00,2003-04-01 00:00:00,2003-01-01 00:00:00,4,Tuesday
10168,S50_1341,Technics Stores Inc.,48,51.93,2492.64,Vintage Cars,2003-10-28,Shipped,Burlingame,USA,0.14,2003-10-01 00:00:00,2003-10-01 00:00:00,2003-01-01 00:00:00,10,Tuesday
10197,S72_1253,Enaco Distributors,29,41.71,1209.59,Planes,2003-11-26,Shipped,Barcelona,Spain,0.14,2003-11-01 00:00:00,2003-10-01 00:00:00,2003-01-01 00:00:00,11,Wednesday
10203,S18_3482,Euro Shopping Channel,32,100.0,5127.04,Classic Cars,2003-12-02,Shipped,Madrid,Spain,0.14,2003-12-01 00:00:00,2003-10-01 00:00:00,2003-01-01 00:00:00,12,Tuesday
10363,S24_4620,Suominen Souveniers,43,100.0,5154.41,Classic Cars,2005-01-06,Shipped,Espoo,Finland,0.14,2005-01-01 00:00:00,2005-01-01 00:00:00,2005-01-01 00:00:00,1,Thursday
10155,S24_3816,"Toys of Finland, Co.",37,67.93,2513.41,Vintage Cars,2003-10-06,Shipped,Helsinki,Finland,0.14,2003-10-01 00:00:00,2003-10-01 00:00:00,2003-01-01 00:00:00,10,Monday
10392,S18_3136,Mini Auto Werke,29,86.92,2520.68,Vintage Cars,2005-03-10,Shipped,Graz,Austria,0.14,2005-03-01 00:00:00,2005-01-01 00:00:00,2005-01-01 00:00:00,3,Thursday
10220,S24_4048,"Clover Collections, Co.",37,100.0,5032.74,Classic Cars,2004-02-12,Shipped,Dublin,Ireland,0.14,2004-02-01 00:00:00,2004-01-01 00:00:00,2004-01-01 00:00:00,2,Thursday
10304,S18_2325,Auto Assoc. & Cie.,24,100.0,2440.8,Vintage Cars,2004-10-11,Shipped,Versailles,France,0.14,2004-10-01 00:00:00,2004-10-01 00:00:00,2004-01-01 00:00:00,10,Monday
10225,S18_4721,"Vida Sport, Ltd",35,100.0,5260.15,Classic Cars,2004-02-22,Shipped,Gensve,Switzerland,0.14,2004-02-01 00:00:00,2004-01-01 00:00:00,2004-01-01 00:00:00,2,Sunday
10310,S18_4721,"Toms Spezialitten, Ltd",40,100.0,5356.8,Classic Cars,2004-10-16,Shipped,Koln,Germany,0.14,2004-10-01 00:00:00,2004-10-01 00:00:00,2004-01-01 00:00:00,10,Saturday
10394,S24_4048,Euro Shopping Channel,37,100.0,5207.75,Classic Cars,2005-03-15,Shipped,Madrid,Spain,0.14,2005-03-01 00:00:00,2005-01-01 00:00:00,2005-01-01 00:00:00,3,Tuesday
10106,S32_4289,Rovelli Gifts,33,72.92,2406.36,Vintage Cars,2003-02-17,Shipped,Bergamo,Italy,0.14,2003-02-01 00:00:00,2003-01-01 00:00:00,2003-01-01 00:00:00,2,Monday
10361,S700_1691,Souveniers And Things Co.,20,60.54,1210.8,Planes,2004-12-17,Shipped,Chatswood,Australia,0.14,2004-12-01 00:00:00,2004-10-01 00:00:00,2004-01-01 00:00:00,12,Friday
10149,S24_2022,Signal Collectibles Ltd.,49,49.28,2414.72,Vintage Cars,2003-09-12,Shipped,Brisbane,USA,0.14,2003-09-01 00:00:00,2003-07-01 00:00:00,2003-01-01 00:00:00,9,Friday
10123,S18_3685,Atelier graphique,34,100.0,5331.88,Classic Cars,2003-05-20,Shipped,Nantes,France,0.14,2003-05-01 00:00:00,2003-04-01 00:00:00,2003-01-01 00:00:00,5,Tuesday
10137,S18_3685,Reims Collectables,31,100.0,5124.3,Classic Cars,2003-07-10,Shipped,Reims,France,0.14,2003-07-01 00:00:00,2003-07-01 00:00:00,2003-01-01 00:00:00,7,Thursday
10283,S24_3816,"Royal Canadian Collectables, Ltd.",33,72.96,2407.68,Vintage Cars,2004-08-20,Shipped,Tsawassen,Canada,0.14,2004-08-01 00:00:00,2004-07-01 00:00:00,2004-01-01 00:00:00,8,Friday
10193,S18_1367,"Australian Collectables, Ltd",46,53.37,2455.02,Vintage Cars,2003-11-21,Shipped,Glen Waverly,Australia,0.14,2003-11-01 00:00:00,2003-10-01 00:00:00,2003-01-01 00:00:00,11,Friday
10373,S24_3816,"Oulu Toy Supplies, Inc.",23,100.0,2394.3,Vintage Cars,2005-01-31,Shipped,Oulu,Finland,0.14,2005-01-01 00:00:00,2005-01-01 00:00:00,2005-01-01 00:00:00,1,Monday
10339,S24_3816,"Tokyo Collectables, Ltd",42,59.36,2493.12,Vintage Cars,2004-11-23,Shipped,Minato-ku,Japan,0.14,2004-11-01 00:00:00,2004-10-01 00:00:00,2004-01-01 00:00:00,11,Tuesday
10101,S24_2022,"Blauer See Auto, Co.",46,53.76,2472.96,Vintage Cars,2003-01-09,Shipped,Frankfurt,Germany,0.14,2003-01-01 00:00:00,2003-01-01 00:00:00,2003-01-01 00:00:00,1,Thursday
10325,S24_4048,Baane Mini Imports,44,100.0,5325.76,Classic Cars,2004-11-05,Shipped,Stavern,Norway,0.14,2004-11-01 00:00:00,2004-10-01 00:00:00,2004-01-01 00:00:00,11,Friday
10209,S18_3856,"Men 'R' US Retailers, Ltd.",20,100.0,2498.6,Vintage Cars,2004-01-09,Shipped,Los Angeles,USA,0.14,2004-01-01 00:00:00,2004-01-01 00:00:00,2004-01-01 00:00:00,1,Friday
10195,S18_2238,Mini Classics,27,100.0,5128.11,Classic Cars,2003-11-25,Shipped,White Plains,USA,0.14,2003-11-01 00:00:00,2003-10-01 00:00:00,2003-01-01 00:00:00,11,Tuesday
10136,S18_1984,Alpha Cognac,36,100.0,5274.72,Classic Cars,2003-07-04,Shipped,Toulouse,France,0.14,2003-07-01 00:00:00,2003-07-01 00:00:00,2003-01-01 00:00:00,7,Friday
10163,S10_1949,Classic Legends Inc.,21,100.0,4860.24,Classic Cars,2003-10-20,Shipped,NYC,USA,0.13,2003-10-01 00:00:00,2003-10-01 00:00:00,2003-01-01 00:00:00,10,Monday
10270,S32_3522,Souveniers And Things Co.,21,63.35,1330.35,Trucks and Buses,2004-07-19,Shipped,Chatswood,Australia,0.13,2004-07-01 00:00:00,2004-07-01 00:00:00,2004-01-01 00:00:00,7,Monday
10153,S12_1108,Euro Shopping Channel,20,100.0,4904.0,Classic Cars,2003-09-28,Shipped,Madrid,Spain,0.13,2003-09-01 00:00:00,2003-07-01 00:00:00,2003-01-01 00:00:00,9,Sunday
10359,S12_1108,Reims Collectables,42,100.0,4764.48,Classic Cars,2004-12-15,Shipped,Reims,France,0.13,2004-12-01 00:00:00,2004-10-01 00:00:00,2004-01-01 00:00:00,12,Wednesday
10142,S12_3148,Mini Gifts Distributors Ltd.,33,100.0,4985.64,Classic Cars,2003-08-08,Shipped,San Rafael,USA,0.13,2003-08-01 00:00:00,2003-07-01 00:00:00,2003-01-01 00:00:00,8,Friday
10165,S12_3148,"Dragon Souveniers, Ltd.",34,100.0,4880.02,Classic Cars,2003-10-22,Shipped,Singapore,Singapore,0.13,2003-10-01 00:00:00,2003-10-01 00:00:00,2003-01-01 00:00:00,10,Wednesday
10220,S12_3148,"Clover Collections, Co.",30,100.0,4713.6,Classic Cars,2004-02-12,Shipped,Dublin,Ireland,0.13,2004-02-01 00:00:00,2004-01-01 00:00:00,2004-01-01 00:00:00,2,Thursday
10348,S12_3148,"Corrida Auto Replicas, Ltd",47,100.0,4801.52,Classic Cars,2004-11-01,Shipped,Madrid,Spain,0.13,2004-11-01 00:00:00,2004-10-01 00:00:00,2004-01-01 00:00:00,11,Monday
10212,S12_3380,Euro Shopping Channel,39,100.0,4946.76,Classic Cars,2004-01-16,Shipped,Madrid,Spain,0.13,2004-01-01 00:00:00,2004-01-01 00:00:00,2004-01-01 00:00:00,1,Friday
10287,S12_3380,"Vida Sport, Ltd",45,100.0,4756.5,Classic Cars,2004-08-30,Shipped,Gensve,Switzerland,0.13,2004-08-01 00:00:00,2004-07-01 00:00:00,2004-01-01 00:00:00,8,Monday
10320,S12_3380,"Volvo Model Replicas, Co",35,100.0,4850.3,Classic Cars,2004-11-03,Shipped,Lule,Sweden,0.13,2004-11-01 00:00:00,2004-10-01 00:00:00,2004-01-01 00:00:00,11,Wednesday
10278,S18_1129,Signal Gift Stores,34,100.0,4667.86,Classic Cars,2004-08-06,Shipped,Las Vegas,USA,0.13,2004-08-01 00:00:00,2004-07-01 00:00:00,2004-01-01 00:00:00,8,Friday
10182,S18_1342,Mini Gifts Distributors Ltd.,25,87.33,2183.25,Vintage Cars,2003-11-12,Shipped,San Rafael,USA,0.13,2003-11-01 00:00:00,2003-10-01 00:00:00,2003-01-01 00:00:00,11,Wednesday
10126,S18_1367,"Corrida Auto Replicas, Ltd",42,54.99,2309.58,Vintage Cars,2003-05-28,Shipped,Madrid,Spain,0.13,2003-05-01 00:00:00,2003-04-01 00:00:00,2003-01-01 00:00:00,5,Wednesday
10162,S18_1367,Corporate Gift Ideas Co.,45,51.21,2304.45,Vintage Cars,2003-10-18,Shipped,San Francisco,USA,0.13,2003-10-01 00:00:00,2003-10-01 00:00:00,2003-01-01 00:00:00,10,Saturday
10331,S18_1589,Motor Mint Distributors Inc.,44,100.0,4849.24,Classic Cars,2004-11-17,Shipped,Philadelphia,USA,0.13,2004-11-01 00:00:00,2004-10-01 00:00:00,2004-01-01 00:00:00,11,Wednesday
10171,S18_1984,Quebec Home Shopping Network,35,100.0,4680.2,Classic Cars,2003-11-05,Shipped,Montreal,Canada,0.13,2003-11-01 00:00:00,2003-10-01 00:00:00,2003-01-01 00:00:00,11,Wednesday
10212,S18_1984,Euro Shopping Channel,41,100.0,4840.87,Classic Cars,2004-01-16,Shipped,Madrid,Spain,0.13,2004-01-01 00:00:00,2004-01-01 00:00:00,2004-01-01 00:00:00,1,Friday
10124,S18_2248,Signal Gift Stores,42,53.88,2262.96,Vintage Cars,2003-05-21,Shipped,Las Vegas,USA,0.13,2003-05-01 00:00:00,2003-04-01 00:00:00,2003-01-01 00:00:00,5,Wednesday
10182,S18_2248,Mini Gifts Distributors Ltd.,38,61.15,2323.7,Vintage Cars,2003-11-12,Shipped,San Rafael,USA,0.13,2003-11-01 00:00:00,2003-10-01 00:00:00,2003-01-01 00:00:00,11,Wednesday
10303,S18_2248,"Iberia Gift Imports, Corp.",46,49.04,2255.84,Vintage Cars,2004-10-06,Shipped,Sevilla,Spain,0.13,2004-10-01 00:00:00,2004-10-01 00:00:00,2004-01-01 00:00:00,10,Wednesday
10270,S10_1949,Souveniers And Things Co.,21,100.0,4905.39,Classic Cars,2004-07-19,Shipped,Chatswood,Australia,0.13,2004-07-01 00:00:00,2004-07-01 00:00:00,2004-01-01 00:00:00,7,Monday
10332,S18_2325,"AV Stores, Co.",35,64.69,2264.15,Vintage Cars,2004-11-17,Shipped,Manchester,UK,0.13,2004-11-01 00:00:00,2004-10-01 00:00:00,2004-01-01 00:00:00,11,Wednesday
10145,S18_2625,Toys4GrownUps.com,30,49.67,1490.1,Motorcycles,2003-08-25,Shipped,Pasadena,USA,0.13,2003-08-01 00:00:00,2003-07-01 00:00:00,2003-01-01 00:00:00,8,Monday
10212,S18_2870,Euro Shopping Channel,40,100.0,4910.4,Classic Cars,2004-01-16,Shipped,Madrid,Spain,0.13,2004-01-01 00:00:00,2004-01-01 00:00:00,2004-01-01 00:00:00,1,Friday
10103,S18_2949,Baane Mini Imports,27,83.07,2242.89,Vintage Cars,2003-01-29,Shipped,Stavern,Norway,0.13,2003-01-01 00:00:00,2003-01-01 00:00:00,2003-01-01 00:00:00,1,Wednesday
10347,S18_2957,"Australian Collectors, Co.",34,64.96,2208.64,Vintage Cars,2004-11-29,Shipped,Melbourne,Australia,0.13,2004-11-01 00:00:00,2004-10-01 00:00:00,2004-01-01 00:00:00,11,Monday
10392,S18_2957,Mini Auto Werke,37,59.96,2218.52,Vintage Cars,2005-03-10,Shipped,Graz,Austria,0.13,2005-03-01 00:00:00,2005-01-01 00:00:00,2005-01-01 00:00:00,3,Thursday
10141,S18_3232,Suominen Souveniers,34,100.0,4836.5,Classic Cars,2003-08-01,Shipped,Espoo,Finland,0.13,2003-08-01 00:00:00,2003-07-01 00:00:00,2003-01-01 00:00:00,8,Friday
10266,S18_3232,L'ordine Souveniers,29,100.0,4812.55,Classic Cars,2004-07-06,Shipped,Reggio Emilia,Italy,0.13,2004-07-01 00:00:00,2004-07-01 00:00:00,2004-01-01 00:00:00,7,Tuesday
10257,S18_3320,The Sharp Gifts Warehouse,26,89.29,2321.54,Vintage Cars,2004-06-14,Shipped,San Jose,USA,0.13,2004-06-01 00:00:00,2004-04-01 00:00:00,2004-01-01 00:00:00,6,Monday
10342,S18_3782,"Australian Collectors, Co.",26,55.95,1454.7,Motorcycles,2004-11-24,Shipped,Melbourne,Australia,0.13,2004-11-01 00:00:00,2004-10-01 00:00:00,2004-01-01 00:00:00,11,Wednesday
10282,S18_4027,Mini Gifts Distributors Ltd.,31,100.0,4674.8,Classic Cars,2004-08-20,Shipped,San Rafael,USA,0.13,2004-08-01 00:00:00,2004-07-01 00:00:00,2004-01-01 00:00:00,8,Friday
10193,S18_4409,"Australian Collectables, Ltd",24,97.55,2341.2,Vintage Cars,2003-11-21,Shipped,Glen Waverly,Australia,0.13,2003-11-01 00:00:00,2003-10-01 00:00:00,2003-01-01 00:00:00,11,Friday
10126,S18_4668,"Corrida Auto Replicas, Ltd",43,53.83,2314.69,Vintage Cars,2003-05-28,Shipped,Madrid,Spain,0.13,2003-05-01 00:00:00,2003-04-01 00:00:00,2003-01-01 00:00:00,5,Wednesday
10174,S18_4668,"Australian Gift Network, Co",49,44.78,2194.22,Vintage Cars,2003-11-06,Shipped,South Brisbane,Australia,0.13,2003-11-01 00:00:00,2003-10-01 00:00:00,2003-01-01 00:00:00,11,Thursday
10380,S24_1937,Euro Shopping Channel,32,70.56,2257.92,Vintage Cars,2005-02-16,Shipped,Madrid,Spain,0.13,2005-02-01 00:00:00,2005-01-01 00:00:00,2005-01-01 00:00:00,2,Wednesday
10158,S24_2000,Baane Mini Imports,22,67.03,1474.66,Motorcycles,2003-10-10,Shipped,Stavern,Norway,0.13,2003-10-01 00:00:00,2003-10-01 00:00:00,2003-01-01 00:00:00,10,Friday
10214,S24_2022,"Corrida Auto Replicas, Ltd",49,47.94,2349.06,Vintage Cars,2004-01-26,Shipped,Madrid,Spain,0.13,2004-01-01 00:00:00,2004-01-01 00:00:00,2004-01-01 00:00:00,1,Monday
10332,S24_2022,"AV Stores, Co.",26,85.52,2223.52,Vintage Cars,2004-11-17,Shipped,Manchester,UK,0.13,2004-11-01 00:00:00,2004-10-01 00:00:00,2004-01-01 00:00:00,11,Wednesday
10345,S24_2022,Atelier graphique,43,53.76,2311.68,Vintage Cars,2004-11-25,Shipped,Nantes,France,0.13,2004-11-01 00:00:00,2004-10-01 00:00:00,2004-01-01 00:00:00,11,Thursday
10390,S24_2972,Mini Gifts Distributors Ltd.,37,100.0,4894.73,Classic Cars,2005-03-04,Shipped,San Rafael,USA,0.13,2005-03-01 00:00:00,2005-01-01 00:00:00,2005-01-01 00:00:00,3,Friday
10190,S32_2206,Euro Shopping Channel,46,32.99,1517.54,Motorcycles,2003-11-19,Shipped,Madrid,Spain,0.13,2003-11-01 00:00:00,2003-10-01 00:00:00,2003-01-01 00:00:00,11,Wednesday
10285,S32_2206,Marta's Replicas Co.,37,41.03,1518.11,Motorcycles,2004-08-27,Shipped,Cambridge,USA,0.13,2004-08-01 00:00:00,2004-07-01 00:00:00,2004-01-01 00:00:00,8,Friday
10355,S32_2206,Euro Shopping Channel,38,39.83,1513.54,Motorcycles,2004-12-07,Shipped,Madrid,Spain,0.13,2004-12-01 00:00:00,2004-10-01 00:00:00,2004-01-01 00:00:00,12,Tuesday
10195,S32_2509,Mini Classics,32,43.29,1385.28,Trucks and Buses,2003-11-25,Shipped,White Plains,USA,0.13,2003-11-01 00:00:00,2003-10-01 00:00:00,2003-01-01 00:00:00,11,Tuesday
10371,S32_2509,Mini Gifts Distributors Ltd.,20,66.47,1329.4,Trucks and Buses,2005-01-23,Shipped,San Rafael,USA,0.13,2005-01-01 00:00:00,2005-01-01 00:00:00,2005-01-01 00:00:00,1,Sunday
10276,S50_4713,Online Mini Collectables,21,70.78,1486.38,Motorcycles,2004-08-02,Shipped,Brickhaven,USA,0.13,2004-08-01 00:00:00,2004-07-01 00:00:00,2004-01-01 00:00:00,8,Monday
10114,S700_2824,"La Corne D'abondance, Co.",42,100.0,4758.18,Classic Cars,2003-04-01,Shipped,Paris,France,0.13,2003-04-01 00:00:00,2003-04-01 00:00:00,2003-01-01 00:00:00,4,Tuesday
10245,S700_2824,Super Scale Inc.,44,100.0,4628.8,Classic Cars,2004-05-04,Shipped,New Haven,USA,0.13,2004-05-01 00:00:00,2004-04-01 00:00:00,2004-01-01 00:00:00,5,Tuesday
10182,S18_2325,Mini Gifts Distributors Ltd.,20,100.0,2212.0,Vintage Cars,2003-11-12,Shipped,San Rafael,USA,0.13,2003-11-01 00:00:00,2003-10-01 00:00:00,2003-01-01 00:00:00,11,Wednesday
10306,S12_3148,"AV Stores, Co.",34,100.0,4982.7,Classic Cars,2004-10-14,Shipped,Manchester,UK,0.13,2004-10-01 00:00:00,2004-10-01 00:00:00,2004-01-01 00:00:00,10,Thursday
10384,S10_4757,Corporate Gift Ideas Co.,34,100.0,4846.7,Classic Cars,2005-02-23,Shipped,San Francisco,USA,0.13,2005-02-01 00:00:00,2005-01-01 00:00:00,2005-01-01 00:00:00,2,Wednesday
10288,S24_3432,Handji Gifts& Co,41,100.0,4873.26,Classic Cars,2004-09-01,Shipped,Singapore,Singapore,0.13,2004-09-01 00:00:00,2004-07-01 00:00:00,2004-01-01 00:00:00,9,Wednesday
10322,S18_3136,Online Diecast Creations Co.,48,47.04,2257.92,Vintage Cars,2004-11-04,Shipped,Nashua,USA,0.13,2004-11-01 00:00:00,2004-10-01 00:00:00,2004-01-01 00:00:00,11,Thursday
10344,S18_4409,Marseille Mini Autos,21,100.0,2203.11,Vintage Cars,2004-11-25,Shipped,Marseille,France,0.13,2004-11-01 00:00:00,2004-10-01 00:00:00,2004-01-01 00:00:00,11,Thursday
10117,S18_4522,"Dragon Souveniers, Ltd.",23,97.42,2240.66,Vintage Cars,2003-04-16,Shipped,Singapore,Singapore,0.13,2003-04-01 00:00:00,2003-04-01 00:00:00,2003-01-01 00:00:00,4,Wednesday
10378,S24_4620,Euro Shopping Channel,41,100.0,4894.17,Classic Cars,2005-02-10,Shipped,Madrid,Spain,0.13,2005-02-01 00:00:00,2005-01-01 00:00:00,2005-01-01 00:00:00,2,Thursday
10304,S18_3136,Auto Assoc. & Cie.,26,85.87,2232.62,Vintage Cars,2004-10-11,Shipped,Versailles,France,0.13,2004-10-01 00:00:00,2004-10-01 00:00:00,2004-01-01 00:00:00,10,Monday
10169,S18_4721,"Anna's Decorations, Ltd",33,100.0,4910.4,Classic Cars,2003-11-04,Shipped,North Sydney,Australia,0.13,2003-11-01 00:00:00,2003-10-01 00:00:00,2003-01-01 00:00:00,11,Tuesday
10230,S24_4048,"Blauer See Auto, Co.",45,100.0,4737.15,Classic Cars,2004-03-15,Shipped,Frankfurt,Germany,0.13,2004-03-01 00:00:00,2004-01-01 00:00:00,2004-01-01 00:00:00,3,Monday
10316,S24_3816,giftsbymail.co.uk,25,92.25,2306.25,Vintage Cars,2004-11-01,Shipped,Cowes,UK,0.13,2004-11-01 00:00:00,2004-10-01 00:00:00,2004-01-01 00:00:00,11,Monday
10160,S24_3856,"Men 'R' US Retailers, Ltd.",35,100.0,4767.7,Classic Cars,2003-10-11,Shipped,Los Angeles,USA,0.13,2003-10-01 00:00:00,2003-10-01 00:00:00,2003-01-01 00:00:00,10,Saturday
10273,S18_4522,Petit Auto,33,71.09,2345.97,Vintage Cars,2004-07-21,Shipped,Bruxelles,Belgium,0.13,2004-07-01 00:00:00,2004-07-01 00:00:00,2004-01-01 00:00:00,7,Wednesday
10312,S18_4668,Mini Gifts Distributors Ltd.,39,56.85,2217.15,Vintage Cars,2004-10-21,Shipped,San Rafael,USA,0.13,2004-10-01 00:00:00,2004-10-01 00:00:00,2004-01-01 00:00:00,10,Thursday
10111,S24_4258,Mini Wheels Co.,26,86.68,2253.68,Vintage Cars,2003-03-25,Shipped,San Francisco,USA,0.13,2003-03-01 00:00:00,2003-01-01 00:00:00,2003-01-01 00:00:00,3,Tuesday
10305,S24_4048,Marta's Replicas Co.,36,100.0,4641.48,Classic Cars,2004-10-13,Shipped,Cambridge,USA,0.13,2004-10-01 00:00:00,2004-10-01 00:00:00,2004-01-01 00:00:00,10,Wednesday
10297,S32_4289,"Clover Collections, Co.",28,79.8,2234.4,Vintage Cars,2004-09-16,Shipped,Dublin,Ireland,0.13,2004-09-01 00:00:00,2004-07-01 00:00:00,2004-01-01 00:00:00,9,Thursday
10340,S32_4289,Enaco Distributors,39,59.16,2307.24,Vintage Cars,2004-11-24,Shipped,Barcelona,Spain,0.13,2004-11-01 00:00:00,2004-10-01 00:00:00,2004-01-01 00:00:00,11,Wednesday
10400,S72_1253,The Sharp Gifts Warehouse,20,56.12,1122.4,Planes,2005-04-01,Shipped,San Jose,USA,0.13,2005-04-01 00:00:00,2005-04-01 00:00:00,2005-01-01 00:00:00,4,Friday
10267,S24_2887,Muscle Machine Inc,43,100.0,4645.72,Classic Cars,2004-07-07,Shipped,NYC,USA,0.13,2004-07-01 00:00:00,2004-07-01 00:00:00,2004-01-01 00:00:00,7,Wednesday
10135,S18_4721,Mini Gifts Distributors Ltd.,31,100.0,4705.18,Classic Cars,2003-07-02,Shipped,San Rafael,USA,0.13,2003-07-01 00:00:00,2003-07-01 00:00:00,2003-01-01 00:00:00,7,Wednesday
10396,S24_3151,Mini Gifts Distributors Ltd.,27,83.2,2246.4,Vintage Cars,2005-03-23,Shipped,San Rafael,USA,0.13,2005-03-01 00:00:00,2005-01-01 00:00:00,2005-01-01 00:00:00,3,Wednesday
10192,S18_2870,Online Diecast Creations Co.,38,100.0,4965.84,Classic Cars,2003-11-20,Shipped,Nashua,USA,0.13,2003-11-01 00:00:00,2003-10-01 00:00:00,2003-01-01 00:00:00,11,Thursday
10210,S32_4289,Osaka Souveniers Co.,39,59.16,2307.24,Vintage Cars,2004-01-12,Shipped,Osaka,Japan,0.13,2004-01-01 00:00:00,2004-01-01 00:00:00,2004-01-01 00:00:00,1,Monday
10361,S10_1678,Souveniers And Things Co.,20,72.55,1451.0,Motorcycles,2004-12-17,Shipped,Chatswood,Australia,0.13,2004-12-01 00:00:00,2004-10-01 00:00:00,2004-01-01 00:00:00,12,Friday
10282,S24_4048,Mini Gifts Distributors Ltd.,39,100.0,4797.39,Classic Cars,2004-08-20,Shipped,San Rafael,USA,0.13,2004-08-01 00:00:00,2004-07-01 00:00:00,2004-01-01 00:00:00,8,Friday
10310,S24_4620,"Toms Spezialitten, Ltd",49,97.01,4753.49,Classic Cars,2004-10-16,Shipped,Koln,Germany,0.13,2004-10-01 00:00:00,2004-10-01 00:00:00,2004-01-01 00:00:00,10,Saturday
10193,S24_4258,"Australian Collectables, Ltd",20,100.0,2279.0,Vintage Cars,2003-11-21,Shipped,Glen Waverly,Australia,0.13,2003-11-01 00:00:00,2003-10-01 00:00:00,2003-01-01 00:00:00,11,Friday
10172,S18_1589,Gift Depot Inc.,42,100.0,4965.24,Classic Cars,2003-11-05,Shipped,Bridgewater,USA,0.13,2003-11-01 00:00:00,2003-10-01 00:00:00,2003-01-01 00:00:00,11,Wednesday
10168,S32_4289,Technics Stores Inc.,31,73.61,2281.91,Vintage Cars,2003-10-28,Shipped,Burlingame,USA,0.13,2003-10-01 00:00:00,2003-10-01 00:00:00,2003-01-01 00:00:00,10,Tuesday
10344,S18_2248,Marseille Mini Autos,40,56.91,2276.4,Vintage Cars,2004-11-25,Shipped,Marseille,France,0.13,2004-11-01 00:00:00,2004-10-01 00:00:00,2004-01-01 00:00:00,11,Thursday
10369,S10_1949,Collectables For Less Inc.,41,100.0,4514.92,Classic Cars,2005-01-20,Shipped,Brickhaven,USA,0.12,2005-01-01 00:00:00,2005-01-01 00:00:00,2005-01-01 00:00:00,1,Thursday
10339,S24_1785,"Tokyo Collectables, Ltd",21,50.65,1063.65,Planes,2004-11-23,Shipped,Minato-ku,Japan,0.12,2004-11-01 00:00:00,2004-10-01 00:00:00,2004-01-01 00:00:00,11,Tuesday
10129,S10_4757,"Stylish Desk Decors, Co.",33,100.0,4398.24,Classic Cars,2003-06-12,Shipped,London,UK,0.12,2003-06-01 00:00:00,2003-04-01 00:00:00,2003-01-01 00:00:00,6,Thursday
10155,S10_4757,"Toys of Finland, Co.",32,100.0,4526.08,Classic Cars,2003-10-06,Shipped,Helsinki,Finland,0.12,2003-10-01 00:00:00,2003-10-01 00:00:00,2003-01-01 00:00:00,10,Monday
10114,S10_4962,"La Corne D'abondance, Co.",31,100.0,4305.28,Classic Cars,2003-04-01,Shipped,Paris,France,0.12,2003-04-01 00:00:00,2003-04-01 00:00:00,2003-01-01 00:00:00,4,Tuesday
10194,S10_4962,"Saveley & Henriot, Co.",26,100.0,4263.74,Classic Cars,2003-11-25,Shipped,Lyon,France,0.12,2003-11-01 00:00:00,2003-10-01 00:00:00,2003-01-01 00:00:00,11,Tuesday
10245,S10_4962,Super Scale Inc.,28,100.0,4591.72,Classic Cars,2004-05-04,Shipped,New Haven,USA,0.12,2004-05-01 00:00:00,2004-04-01 00:00:00,2004-01-01 00:00:00,5,Tuesday
10270,S10_4962,Souveniers And Things Co.,32,100.0,4302.08,Classic Cars,2004-07-19,Shipped,Chatswood,Australia,0.12,2004-07-01 00:00:00,2004-07-01 00:00:00,2004-01-01 00:00:00,7,Monday
10347,S10_4962,"Australian Collectors, Co.",27,100.0,4428.0,Classic Cars,2004-11-29,Shipped,Melbourne,Australia,0.12,2004-11-01 00:00:00,2004-10-01 00:00:00,2004-01-01 00:00:00,11,Monday
10225,S12_1099,"Vida Sport, Ltd",27,100.0,4517.91,Classic Cars,2004-02-22,Shipped,Gensve,Switzerland,0.12,2004-02-01 00:00:00,2004-01-01 00:00:00,2004-01-01 00:00:00,2,Sunday
10247,S12_3148,Suominen Souveniers,25,100.0,4381.25,Classic Cars,2004-05-05,Shipped,Espoo,Finland,0.12,2004-05-01 00:00:00,2004-04-01 00:00:00,2004-01-01 00:00:00,5,Wednesday
10272,S12_3148,Diecast Classics Inc.,27,100.0,4283.01,Classic Cars,2004-07-20,Shipped,Allentown,USA,0.12,2004-07-01 00:00:00,2004-07-01 00:00:00,2004-01-01 00:00:00,7,Tuesday
10282,S12_3148,Mini Gifts Distributors Ltd.,27,100.0,4364.82,Classic Cars,2004-08-20,Shipped,San Rafael,USA,0.12,2004-08-01 00:00:00,2004-07-01 00:00:00,2004-01-01 00:00:00,8,Friday
10105,S12_3891,Danish Wholesale Imports,29,100.0,4566.05,Classic Cars,2003-02-11,Shipped,Kobenhavn,Denmark,0.12,2003-02-01 00:00:00,2003-01-01 00:00:00,2003-01-01 00:00:00,2,Tuesday
10349,S12_3891,Muscle Machine Inc,26,100.0,4408.56,Classic Cars,2004-12-01,Shipped,NYC,USA,0.12,2004-12-01 00:00:00,2004-10-01 00:00:00,2004-01-01 00:00:00,12,Wednesday
10170,S12_4675,Mini Auto Werke,41,100.0,4391.1,Classic Cars,2003-11-04,Shipped,Graz,Austria,0.12,2003-11-01 00:00:00,2003-10-01 00:00:00,2003-01-01 00:00:00,11,Tuesday
10181,S12_4675,Herkku Gifts,36,100.0,4477.32,Classic Cars,2003-11-12,Shipped,Bergen,Norway,0.12,2003-11-01 00:00:00,2003-10-01 00:00:00,2003-01-01 00:00:00,11,Wednesday
10266,S12_4675,L'ordine Souveniers,40,100.0,4468.4,Classic Cars,2004-07-06,Shipped,Reggio Emilia,Italy,0.12,2004-07-01 00:00:00,2004-07-01 00:00:00,2004-01-01 00:00:00,7,Tuesday
10109,S18_1129,Motor Mint Distributors Inc.,26,100.0,4379.18,Classic Cars,2003-03-10,Shipped,Philadelphia,USA,0.12,2003-03-01 00:00:00,2003-01-01 00:00:00,2003-01-01 00:00:00,3,Monday
10225,S18_1129,"Vida Sport, Ltd",32,100.0,4529.28,Classic Cars,2004-02-22,Shipped,Gensve,Switzerland,0.12,2004-02-01 00:00:00,2004-01-01 00:00:00,2004-01-01 00:00:00,2,Sunday
10102,S18_1367,Vitachrome Inc.,41,50.14,2055.74,Vintage Cars,2003-01-10,Shipped,NYC,USA,0.12,2003-01-01 00:00:00,2003-01-01 00:00:00,2003-01-01 00:00:00,1,Friday
10139,S18_1367,Souveniers And Things Co.,49,43.13,2113.37,Vintage Cars,2003-07-16,Shipped,Chatswood,Australia,0.12,2003-07-01 00:00:00,2003-07-01 00:00:00,2003-01-01 00:00:00,7,Wednesday
10192,S18_1589,Online Diecast Creations Co.,29,100.0,4258.36,Classic Cars,2003-11-20,Shipped,Nashua,USA,0.12,2003-11-01 00:00:00,2003-10-01 00:00:00,2003-01-01 00:00:00,11,Thursday
10212,S18_1589,Euro Shopping Channel,38,100.0,4492.36,Classic Cars,2004-01-16,Shipped,Madrid,Spain,0.12,2004-01-01 00:00:00,2004-01-01 00:00:00,2004-01-01 00:00:00,1,Friday
10361,S10_2016,Souveniers And Things Co.,26,51.15,1329.9,Motorcycles,2004-12-17,Shipped,Chatswood,Australia,0.12,2004-12-01 00:00:00,2004-10-01 00:00:00,2004-01-01 00:00:00,12,Friday
10405,S18_1889,Mini Caravy,61,73.92,4509.12,Classic Cars,2005-04-14,Shipped,Strasbourg,France,0.12,2005-04-01 00:00:00,2005-04-01 00:00:00,2005-01-01 00:00:00,4,Thursday
10109,S18_1984,Motor Mint Distributors Inc.,38,100.0,4432.7,Classic Cars,2003-03-10,Shipped,Philadelphia,USA,0.12,2003-03-01 00:00:00,2003-01-01 00:00:00,2003-01-01 00:00:00,3,Monday
10377,S18_1984,"Toys of Finland, Co.",36,100.0,4352.76,Classic Cars,2005-02-09,Shipped,Helsinki,Finland,0.12,2005-02-01 00:00:00,2005-01-01 00:00:00,2005-01-01 00:00:00,2,Wednesday
10419,S18_1984,Salzburg Collectables,34,100.0,4594.76,Classic Cars,2005-05-17,Shipped,Salzburg,Austria,0.12,2005-05-01 00:00:00,2005-04-01 00:00:00,2005-01-01 00:00:00,5,Tuesday
10324,S18_2319,Vitachrome Inc.,33,37.48,1236.84,Trucks and Buses,2004-11-05,Shipped,NYC,USA,0.12,2004-11-01 00:00:00,2004-10-01 00:00:00,2004-01-01 00:00:00,11,Friday
10390,S18_2795,Mini Gifts Distributors Ltd.,26,78.11,2030.86,Vintage Cars,2005-03-04,Shipped,San Rafael,USA,0.12,2005-03-01 00:00:00,2005-01-01 00:00:00,2005-01-01 00:00:00,3,Friday
10278,S18_2870,Signal Gift Stores,39,100.0,4324.32,Classic Cars,2004-08-06,Shipped,Las Vegas,USA,0.12,2004-08-01 00:00:00,2004-07-01 00:00:00,2004-01-01 00:00:00,8,Friday
10269,S18_2957,Salzburg Collectables,32,63.08,2018.56,Vintage Cars,2004-07-16,Shipped,Salzburg,Austria,0.12,2004-07-01 00:00:00,2004-07-01 00:00:00,2004-01-01 00:00:00,7,Friday
10104,S18_3232,Euro Shopping Channel,23,100.0,4556.99,Classic Cars,2003-01-31,Shipped,Madrid,Spain,0.12,2003-01-01 00:00:00,2003-01-01 00:00:00,2003-01-01 00:00:00,1,Friday
10175,S18_3232,"Stylish Desk Decors, Co.",29,100.0,4419.89,Classic Cars,2003-11-06,Shipped,London,UK,0.12,2003-11-01 00:00:00,2003-10-01 00:00:00,2003-01-01 00:00:00,11,Thursday
10184,S18_3232,"Iberia Gift Imports, Corp.",28,100.0,4409.72,Classic Cars,2003-11-14,Shipped,Sevilla,Spain,0.12,2003-11-01 00:00:00,2003-10-01 00:00:00,2003-01-01 00:00:00,11,Friday
10313,S18_3232,Canadian Gift Exchange Network,25,100.0,4572.25,Classic Cars,2004-10-22,Shipped,Vancouver,Canada,0.12,2004-10-01 00:00:00,2004-10-01 00:00:00,2004-01-01 00:00:00,10,Friday
10147,S18_3482,Collectables For Less Inc.,37,100.0,4405.22,Classic Cars,2003-09-05,Shipped,Brickhaven,USA,0.12,2003-09-01 00:00:00,2003-07-01 00:00:00,2003-01-01 00:00:00,9,Friday
10169,S18_3482,"Anna's Decorations, Ltd",36,100.0,4444.92,Classic Cars,2003-11-04,Shipped,North Sydney,Australia,0.12,2003-11-01 00:00:00,2003-10-01 00:00:00,2003-01-01 00:00:00,11,Tuesday
10287,S18_3685,"Vida Sport, Ltd",27,100.0,4310.55,Classic Cars,2004-08-30,Shipped,Gensve,Switzerland,0.12,2004-08-01 00:00:00,2004-07-01 00:00:00,2004-01-01 00:00:00,8,Monday
10159,S18_3782,Corporate Gift Ideas Co.,21,64.66,1357.86,Motorcycles,2003-10-10,Shipped,San Francisco,USA,0.12,2003-10-01 00:00:00,2003-10-01 00:00:00,2003-01-01 00:00:00,10,Friday
10237,S18_3782,Vitachrome Inc.,26,52.22,1357.72,Motorcycles,2004-04-05,Shipped,NYC,USA,0.12,2004-04-01 00:00:00,2004-04-01 00:00:00,2004-01-01 00:00:00,4,Monday
10152,S18_4027,"Australian Gift Network, Co",35,100.0,4524.1,Classic Cars,2003-09-25,Shipped,South Brisbane,Australia,0.12,2003-09-01 00:00:00,2003-07-01 00:00:00,2003-01-01 00:00:00,9,Thursday
10196,S18_4027,Super Scale Inc.,27,100.0,4537.08,Classic Cars,2003-11-26,Shipped,New Haven,USA,0.12,2003-11-01 00:00:00,2003-10-01 00:00:00,2003-01-01 00:00:00,11,Wednesday
10349,S18_4027,Muscle Machine Inc,34,100.0,4394.84,Classic Cars,2004-12-01,Shipped,NYC,USA,0.12,2004-12-01 00:00:00,2004-10-01 00:00:00,2004-01-01 00:00:00,12,Wednesday
10215,S18_4668,West Coast Collectables Co.,46,45.28,2082.88,Vintage Cars,2004-01-29,Shipped,Burbank,USA,0.12,2004-01-01 00:00:00,2004-01-01 00:00:00,2004-01-01 00:00:00,1,Thursday
10380,S18_4933,Euro Shopping Channel,24,100.0,4536.0,Classic Cars,2005-02-16,Shipped,Madrid,Spain,0.12,2005-02-01 00:00:00,2005-01-01 00:00:00,2005-01-01 00:00:00,2,Wednesday
10280,S24_2022,Amica Models & Co.,45,47.49,2137.05,Vintage Cars,2004-08-17,Shipped,Torino,Italy,0.12,2004-08-01 00:00:00,2004-07-01 00:00:00,2004-01-01 00:00:00,8,Tuesday
10289,S24_2022,Herkku Gifts,45,48.38,2177.1,Vintage Cars,2004-09-03,Shipped,Bergen,Norway,0.12,2004-09-01 00:00:00,2004-07-01 00:00:00,2004-01-01 00:00:00,9,Friday
10261,S24_3151,Quebec Home Shopping Network,22,91.17,2005.74,Vintage Cars,2004-06-17,Shipped,Montreal,Canada,0.12,2004-06-01 00:00:00,2004-04-01 00:00:00,2004-01-01 00:00:00,6,Thursday
10400,S24_3420,The Sharp Gifts Warehouse,38,57.2,2173.6,Vintage Cars,2005-04-01,Shipped,San Jose,USA,0.12,2005-04-01 00:00:00,2005-04-01 00:00:00,2005-01-01 00:00:00,4,Friday
10287,S24_3856,"Vida Sport, Ltd",36,100.0,4297.32,Classic Cars,2004-08-30,Shipped,Gensve,Switzerland,0.12,2004-08-01 00:00:00,2004-07-01 00:00:00,2004-01-01 00:00:00,8,Monday
10229,S32_2509,Mini Gifts Distributors Ltd.,23,54.11,1244.53,Trucks and Buses,2004-03-11,Shipped,San Rafael,USA,0.12,2004-03-01 00:00:00,2004-01-01 00:00:00,2004-01-01 00:00:00,3,Thursday
10237,S50_4713,Vitachrome Inc.,20,68.34,1366.8,Motorcycles,2004-04-05,Shipped,NYC,USA,0.12,2004-04-01 00:00:00,2004-04-01 00:00:00,2004-01-01 00:00:00,4,Monday
10103,S700_2824,Baane Mini Imports,42,100.0,4460.82,Classic Cars,2003-01-29,Shipped,Stavern,Norway,0.12,2003-01-01 00:00:00,2003-01-01 00:00:00,2003-01-01 00:00:00,1,Wednesday
10126,S700_2824,"Corrida Auto Replicas, Ltd",45,100.0,4597.2,Classic Cars,2003-05-28,Shipped,Madrid,Spain,0.12,2003-05-01 00:00:00,2003-04-01 00:00:00,2003-01-01 00:00:00,5,Wednesday
10315,S24_3151,La Rochelle Gifts,24,86.74,2081.76,Vintage Cars,2004-10-29,Shipped,Nantes,France,0.12,2004-10-01 00:00:00,2004-10-01 00:00:00,2004-01-01 00:00:00,10,Friday
10225,S18_3482,"Vida Sport, Ltd",27,100.0,4564.08,Classic Cars,2004-02-22,Shipped,Gensve,Switzerland,0.12,2004-02-01 00:00:00,2004-01-01 00:00:00,2004-01-01 00:00:00,2,Sunday
10137,S18_2870,Reims Collectables,37,100.0,4346.76,Classic Cars,2003-07-10,Shipped,Reims,France,0.12,2003-07-01 00:00:00,2003-07-01 00:00:00,2003-01-01 00:00:00,7,Thursday
10173,S18_1367,Rovelli Gifts,48,44.21,2122.08,Vintage Cars,2003-11-05,Shipped,Bergamo,Italy,0.12,2003-11-01 00:00:00,2003-10-01 00:00:00,2003-01-01 00:00:00,11,Wednesday
10308,S50_1341,Mini Classics,47,43.64,2051.08,Vintage Cars,2004-10-15,Shipped,White Plains,USA,0.12,2004-10-01 00:00:00,2004-10-01 00:00:00,2004-01-01 00:00:00,10,Friday
10371,S700_2824,Mini Gifts Distributors Ltd.,34,100.0,4301.34,Classic Cars,2005-01-23,Shipped,San Rafael,USA,0.12,2005-01-01 00:00:00,2005-01-01 00:00:00,2005-01-01 00:00:00,1,Sunday
10340,S50_1341,Enaco Distributors,40,50.62,2024.8,Vintage Cars,2004-11-24,Shipped,Barcelona,Spain,0.12,2004-11-01 00:00:00,2004-10-01 00:00:00,2004-01-01 00:00:00,11,Wednesday
10292,S18_2238,Land of Toys Inc.,26,100.0,4554.94,Classic Cars,2004-09-08,Shipped,NYC,USA,0.12,2004-09-01 00:00:00,2004-07-01 00:00:00,2004-01-01 00:00:00,9,Wednesday
10346,S24_3969,Signal Gift Stores,22,97.44,2143.68,Vintage Cars,2004-11-29,Shipped,Las Vegas,USA,0.12,2004-11-01 00:00:00,2004-10-01 00:00:00,2004-01-01 00:00:00,11,Monday
10211,S24_2360,Auto Canal Petit,21,63.72,1338.12,Motorcycles,2004-01-15,Shipped,Paris,France,0.12,2004-01-01 00:00:00,2004-01-01 00:00:00,2004-01-01 00:00:00,1,Thursday
10411,S10_4962,Quebec Home Shopping Network,27,100.0,4427.73,Classic Cars,2005-05-01,Shipped,Montreal,Canada,0.12,2005-05-01 00:00:00,2005-04-01 00:00:00,2005-01-01 00:00:00,5,Sunday
10411,S18_4668,Quebec Home Shopping Network,35,59.87,2095.45,Vintage Cars,2005-05-01,Shipped,Montreal,Canada,0.12,2005-05-01 00:00:00,2005-04-01 00:00:00,2005-01-01 00:00:00,5,Sunday
10307,S24_3816,"Classic Gift Ideas, Inc",22,91.41,2011.02,Vintage Cars,2004-10-14,Shipped,Philadelphia,USA,0.12,2004-10-01 00:00:00,2004-10-01 00:00:00,2004-01-01 00:00:00,10,Thursday
10287,S18_4721,"Vida Sport, Ltd",34,100.0,4300.32,Classic Cars,2004-08-30,Shipped,Gensve,Switzerland,0.12,2004-08-01 00:00:00,2004-07-01 00:00:00,2004-01-01 00:00:00,8,Monday
10146,S18_4721,Gift Ideas Corp.,29,100.0,4444.54,Classic Cars,2003-09-03,Shipped,Glendale,USA,0.12,2003-09-01 00:00:00,2003-07-01 00:00:00,2003-01-01 00:00:00,9,Wednesday
10204,S24_2766,Muscle Machine Inc,47,96.32,4527.04,Classic Cars,2003-12-02,Shipped,NYC,USA,0.12,2003-12-01 00:00:00,2003-10-01 00:00:00,2003-01-01 00:00:00,12,Tuesday
10419,S18_1129,Salzburg Collectables,38,100.0,4464.24,Classic Cars,2005-05-17,Shipped,Salzburg,Austria,0.12,2005-05-01 00:00:00,2005-04-01 00:00:00,2005-01-01 00:00:00,5,Tuesday
10120,S32_4289,"Australian Collectors, Co.",29,72.23,2094.67,Vintage Cars,2003-04-29,Shipped,Melbourne,Australia,0.12,2003-04-01 00:00:00,2003-04-01 00:00:00,2003-01-01 00:00:00,4,Tuesday
10239,S24_3856,"Oulu Toy Supplies, Inc.",29,100.0,4479.63,Classic Cars,2004-04-12,Shipped,Oulu,Finland,0.12,2004-04-01 00:00:00,2004-04-01 00:00:00,2004-01-01 00:00:00,4,Monday
10122,S32_2206,Marseille Mini Autos,31,44.66,1384.46,Motorcycles,2003-05-08,Shipped,Marseille,France,0.12,2003-05-01 00:00:00,2003-04-01 00:00:00,2003-01-01 00:00:00,5,Thursday
10135,S32_2206,Mini Gifts Distributors Ltd.,33,40.23,1327.59,Motorcycles,2003-07-02,Shipped,San Rafael,USA,0.12,2003-07-01 00:00:00,2003-07-01 00:00:00,2003-01-01 00:00:00,7,Wednesday
10225,S24_3856,"Vida Sport, Ltd",40,100.0,4550.0,Classic Cars,2004-02-22,Shipped,Gensve,Switzerland,0.12,2004-02-01 00:00:00,2004-01-01 00:00:00,2004-01-01 00:00:00,2,Sunday
10159,S18_4721,Corporate Gift Ideas Co.,32,100.0,4618.88,Classic Cars,2003-10-10,Shipped,San Francisco,USA,0.12,2003-10-01 00:00:00,2003-10-01 00:00:00,2003-01-01 00:00:00,10,Friday
10103,S18_2957,Baane Mini Imports,35,57.46,2011.1,Vintage Cars,2003-01-29,Shipped,Stavern,Norway,0.12,2003-01-01 00:00:00,2003-01-01 00:00:00,2003-01-01 00:00:00,1,Wednesday
10137,S18_1589,Reims Collectables,44,99.55,4380.2,Classic Cars,2003-07-10,Shipped,Reims,France,0.12,2003-07-01 00:00:00,2003-07-01 00:00:00,2003-01-01 00:00:00,7,Thursday
10309,S24_2360,Baane Mini Imports,24,56.1,1346.4,Motorcycles,2004-10-15,Shipped,Stavern,Norway,0.12,2004-10-01 00:00:00,2004-10-01 00:00:00,2004-01-01 00:00:00,10,Friday
10241,S24_2766,Mini Caravy,47,94.5,4441.5,Classic Cars,2004-04-13,Shipped,Strasbourg,France,0.12,2004-04-01 00:00:00,2004-04-01 00:00:00,2004-01-01 00:00:00,4,Tuesday
10336,S24_4048,"La Corne D'abondance, Co.",31,100.0,4618.69,Classic Cars,2004-11-20,Shipped,Paris,France,0.12,2004-11-01 00:00:00,2004-10-01 00:00:00,2004-01-01 00:00:00,11,Saturday
10227,S24_2887,"Saveley & Henriot, Co.",33,100.0,4340.49,Classic Cars,2004-03-02,Shipped,Lyon,France,0.12,2004-03-01 00:00:00,2004-01-01 00:00:00,2004-01-01 00:00:00,3,Tuesday
10148,S24_2887,"Anna's Decorations, Ltd",34,100.0,4392.12,Classic Cars,2003-09-11,Shipped,North Sydney,Australia,0.12,2003-09-01 00:00:00,2003-07-01 00:00:00,2003-01-01 00:00:00,9,Thursday
10311,S24_2887,Euro Shopping Channel,43,100.0,4595.41,Classic Cars,2004-10-16,Shipped,Madrid,Spain,0.12,2004-10-01 00:00:00,2004-10-01 00:00:00,2004-01-01 00:00:00,10,Saturday
10232,S18_4522,giftsbymail.co.uk,23,89.53,2059.19,Vintage Cars,2004-03-20,Shipped,Cowes,UK,0.12,2004-03-01 00:00:00,2004-01-01 00:00:00,2004-01-01 00:00:00,3,Saturday
10330,S18_3482,Cruz & Sons Co.,37,100.0,4405.22,Classic Cars,2004-11-16,Shipped,Makati City,Philippines,0.12,2004-11-01 00:00:00,2004-10-01 00:00:00,2004-01-01 00:00:00,11,Tuesday
10204,S24_3432,Muscle Machine Inc,48,91.02,4368.96,Classic Cars,2003-12-02,Shipped,NYC,USA,0.12,2003-12-01 00:00:00,2003-10-01 00:00:00,2003-01-01 00:00:00,12,Tuesday
10226,S24_3432,Collectable Mini Designs Co.,48,92.09,4420.32,Classic Cars,2004-02-26,Shipped,San Diego,USA,0.12,2004-02-01 00:00:00,2004-01-01 00:00:00,2004-01-01 00:00:00,2,Thursday
10258,S32_3522,"Tokyo Collectables, Ltd",20,61.41,1228.2,Trucks and Buses,2004-06-15,Shipped,Minato-ku,Japan,0.12,2004-06-01 00:00:00,2004-04-01 00:00:00,2004-01-01 00:00:00,6,Tuesday
10171,S18_1129,Quebec Home Shopping Network,35,100.0,4508.0,Classic Cars,2003-11-05,Shipped,Montreal,Canada,0.12,2003-11-01 00:00:00,2003-10-01 00:00:00,2003-01-01 00:00:00,11,Wednesday
10321,S18_1589,FunGiftIdeas.com,44,100.0,4489.76,Classic Cars,2004-11-04,Shipped,New Bedford,USA,0.12,2004-11-01 00:00:00,2004-10-01 00:00:00,2004-01-01 00:00:00,11,Thursday
10347,S10_1949,"Australian Collectors, Co.",30,100.0,3944.7,Classic Cars,2004-11-29,Shipped,Melbourne,Australia,0.11,2004-11-01 00:00:00,2004-10-01 00:00:00,2004-01-01 00:00:00,11,Monday
10153,S18_4522,Euro Shopping Channel,22,83.38,1834.36,Vintage Cars,2003-09-28,Shipped,Madrid,Spain,0.11,2003-09-01 00:00:00,2003-07-01 00:00:00,2003-01-01 00:00:00,9,Sunday
10316,S10_4757,giftsbymail.co.uk,33,100.0,4128.96,Classic Cars,2004-11-01,Shipped,Cowes,UK,0.11,2004-11-01 00:00:00,2004-10-01 00:00:00,2004-01-01 00:00:00,11,Monday
10373,S10_4757,"Oulu Toy Supplies, Inc.",39,100.0,4046.25,Classic Cars,2005-01-31,Shipped,Oulu,Finland,0.11,2005-01-01 00:00:00,2005-01-01 00:00:00,2005-01-01 00:00:00,1,Monday
10207,S10_4962,Diecast Collectables,31,100.0,4076.19,Classic Cars,2003-12-09,Shipped,Boston,USA,0.11,2003-12-01 00:00:00,2003-10-01 00:00:00,2003-01-01 00:00:00,12,Tuesday
10259,S10_4962,Handji Gifts& Co,26,100.0,4033.38,Classic Cars,2004-06-15,Shipped,Singapore,Singapore,0.11,2004-06-01 00:00:00,2004-04-01 00:00:00,2004-01-01 00:00:00,6,Tuesday
10203,S12_1099,Euro Shopping Channel,20,100.0,3930.4,Classic Cars,2003-12-02,Shipped,Madrid,Spain,0.11,2003-12-01 00:00:00,2003-10-01 00:00:00,2003-01-01 00:00:00,12,Tuesday
10185,S12_3148,Mini Creations Ltd.,33,100.0,4038.21,Classic Cars,2003-11-14,Shipped,New Bedford,USA,0.11,2003-11-01 00:00:00,2003-10-01 00:00:00,2003-01-01 00:00:00,11,Friday
10293,S12_3148,Amica Models & Co.,24,100.0,4242.24,Classic Cars,2004-09-09,Shipped,Torino,Italy,0.11,2004-09-01 00:00:00,2004-07-01 00:00:00,2004-01-01 00:00:00,9,Thursday
10336,S12_3148,"La Corne D'abondance, Co.",33,100.0,4059.33,Classic Cars,2004-11-20,Shipped,Paris,France,0.11,2004-11-01 00:00:00,2004-10-01 00:00:00,2004-01-01 00:00:00,11,Saturday
10382,S12_3148,Mini Gifts Distributors Ltd.,37,100.0,4071.85,Classic Cars,2005-02-17,Shipped,San Rafael,USA,0.11,2005-02-01 00:00:00,2005-01-01 00:00:00,2005-01-01 00:00:00,2,Thursday
10300,S12_3380,"Blauer See Auto, Co.",29,100.0,3984.6,Classic Cars,2003-10-04,Shipped,Frankfurt,Germany,0.11,2003-10-01 00:00:00,2003-10-01 00:00:00,2003-01-01 00:00:00,10,Saturday
10341,S12_3380,Salzburg Collectables,44,95.93,4220.92,Classic Cars,2004-11-24,Shipped,Salzburg,Austria,0.11,2004-11-01 00:00:00,2004-10-01 00:00:00,2004-01-01 00:00:00,11,Wednesday
10376,S12_3380,Boards & Toys Co.,35,100.0,3987.2,Classic Cars,2005-02-08,Shipped,Glendale,USA,0.11,2005-02-01 00:00:00,2005-01-01 00:00:00,2005-01-01 00:00:00,2,Tuesday
10247,S12_3891,Suominen Souveniers,27,100.0,4157.73,Classic Cars,2004-05-05,Shipped,Espoo,Finland,0.11,2004-05-01 00:00:00,2004-04-01 00:00:00,2004-01-01 00:00:00,5,Wednesday
10310,S12_3990,"Toms Spezialitten, Ltd",49,81.4,3988.6,Classic Cars,2004-10-16,Shipped,Koln,Germany,0.11,2004-10-01 00:00:00,2004-10-01 00:00:00,2004-01-01 00:00:00,10,Saturday
10212,S12_4675,Euro Shopping Channel,33,100.0,4180.44,Classic Cars,2004-01-16,Shipped,Madrid,Spain,0.11,2004-01-01 00:00:00,2004-01-01 00:00:00,2004-01-01 00:00:00,1,Friday
10341,S12_4675,Salzburg Collectables,55,75.2,4136.0,Classic Cars,2004-11-24,Shipped,Salzburg,Austria,0.11,2004-11-01 00:00:00,2004-10-01 00:00:00,2004-01-01 00:00:00,11,Wednesday
10363,S12_4675,Suominen Souveniers,46,88.45,4068.7,Classic Cars,2005-01-06,Shipped,Espoo,Finland,0.11,2005-01-01 00:00:00,2005-01-01 00:00:00,2005-01-01 00:00:00,1,Thursday
10333,S18_1097,Mini Wheels Co.,29,40.25,1167.25,Trucks and Buses,2004-11-18,Shipped,San Francisco,USA,0.11,2004-11-01 00:00:00,2004-10-01 00:00:00,2004-01-01 00:00:00,11,Thursday
10212,S18_1129,Euro Shopping Channel,29,100.0,4186.73,Classic Cars,2004-01-16,Shipped,Madrid,Spain,0.11,2004-01-01 00:00:00,2004-01-01 00:00:00,2004-01-01 00:00:00,1,Friday
10356,S18_1129,Lyon Souveniers,43,97.6,4196.8,Classic Cars,2004-12-09,Shipped,Paris,France,0.11,2004-12-01 00:00:00,2004-10-01 00:00:00,2004-01-01 00:00:00,12,Thursday
10204,S18_1589,Muscle Machine Inc,40,100.0,4032.0,Classic Cars,2003-12-02,Shipped,NYC,USA,0.11,2003-12-01 00:00:00,2003-10-01 00:00:00,2003-01-01 00:00:00,12,Tuesday
10226,S18_1589,Collectable Mini Designs Co.,38,100.0,4161.38,Classic Cars,2004-02-26,Shipped,San Diego,USA,0.11,2004-02-01 00:00:00,2004-01-01 00:00:00,2004-01-01 00:00:00,2,Thursday
10192,S18_1889,Online Diecast Creations Co.,45,90.86,4088.7,Classic Cars,2003-11-20,Shipped,Nashua,USA,0.11,2003-11-01 00:00:00,2003-10-01 00:00:00,2003-01-01 00:00:00,11,Thursday
10122,S18_1984,Marseille Mini Autos,31,100.0,4100.99,Classic Cars,2003-05-08,Shipped,Marseille,France,0.11,2003-05-01 00:00:00,2003-04-01 00:00:00,2003-01-01 00:00:00,5,Thursday
10411,S10_1949,Quebec Home Shopping Network,23,100.0,4140.23,Classic Cars,2005-05-01,Shipped,Montreal,Canada,0.11,2005-05-01 00:00:00,2005-04-01 00:00:00,2005-01-01 00:00:00,5,Sunday
10226,S18_1984,Collectable Mini Designs Co.,24,100.0,3892.08,Classic Cars,2004-02-26,Shipped,San Diego,USA,0.11,2004-02-01 00:00:00,2004-01-01 00:00:00,2004-01-01 00:00:00,2,Thursday
10366,S18_1984,Royale Belge,34,100.0,4207.84,Classic Cars,2005-01-10,Shipped,Charleroi,Belgium,0.11,2005-01-01 00:00:00,2005-01-01 00:00:00,2005-01-01 00:00:00,1,Monday
10162,S18_2248,Corporate Gift Ideas Co.,27,69.62,1879.74,Vintage Cars,2003-10-18,Shipped,San Francisco,USA,0.11,2003-10-01 00:00:00,2003-10-01 00:00:00,2003-01-01 00:00:00,10,Saturday
10312,S18_2248,Mini Gifts Distributors Ltd.,30,61.15,1834.5,Vintage Cars,2004-10-21,Shipped,San Rafael,USA,0.11,2004-10-01 00:00:00,2004-10-01 00:00:00,2004-01-01 00:00:00,10,Thursday
10103,S18_2432,Baane Mini Imports,22,54.09,1189.98,Trucks and Buses,2003-01-29,Shipped,Stavern,Norway,0.11,2003-01-01 00:00:00,2003-01-01 00:00:00,2003-01-01 00:00:00,1,Wednesday
10236,S18_2625,Motor Mint Distributors Inc.,23,55.72,1281.56,Motorcycles,2004-04-03,Shipped,Philadelphia,USA,0.11,2004-04-01 00:00:00,2004-04-01 00:00:00,2004-01-01 00:00:00,4,Saturday
10204,S18_2870,Muscle Machine Inc,27,100.0,4169.88,Classic Cars,2003-12-02,Shipped,NYC,USA,0.11,2003-12-01 00:00:00,2003-10-01 00:00:00,2003-01-01 00:00:00,12,Tuesday
10206,S18_2957,Canadian Gift Exchange Network,28,67.46,1888.88,Vintage Cars,2003-12-05,Shipped,Vancouver,Canada,0.11,2003-12-01 00:00:00,2003-10-01 00:00:00,2003-01-01 00:00:00,12,Friday
10291,S18_2957,Scandinavian Gift Ideas,37,50.59,1871.83,Vintage Cars,2004-09-08,Shipped,Boras,Sweden,0.11,2004-09-01 00:00:00,2004-07-01 00:00:00,2004-01-01 00:00:00,9,Wednesday
10312,S18_2957,Mini Gifts Distributors Ltd.,35,53.72,1880.2,Vintage Cars,2004-10-21,Shipped,San Rafael,USA,0.11,2004-10-01 00:00:00,2004-10-01 00:00:00,2004-01-01 00:00:00,10,Thursday
10160,S18_3232,"Men 'R' US Retailers, Ltd.",20,100.0,3996.4,Classic Cars,2003-10-11,Shipped,Los Angeles,USA,0.11,2003-10-01 00:00:00,2003-10-01 00:00:00,2003-01-01 00:00:00,10,Saturday
10192,S18_3232,Online Diecast Creations Co.,26,100.0,3918.46,Classic Cars,2003-11-20,Shipped,Nashua,USA,0.11,2003-11-01 00:00:00,2003-10-01 00:00:00,2003-01-01 00:00:00,11,Thursday
10207,S18_3232,Diecast Collectables,25,100.0,3937.25,Classic Cars,2003-12-09,Shipped,Boston,USA,0.11,2003-12-01 00:00:00,2003-10-01 00:00:00,2003-01-01 00:00:00,12,Tuesday
10229,S18_3232,Mini Gifts Distributors Ltd.,22,100.0,4172.52,Classic Cars,2004-03-11,Shipped,San Rafael,USA,0.11,2004-03-01 00:00:00,2004-01-01 00:00:00,2004-01-01 00:00:00,3,Thursday
10271,S18_3232,Mini Gifts Distributors Ltd.,20,100.0,3928.6,Classic Cars,2004-07-20,Shipped,San Rafael,USA,0.11,2004-07-01 00:00:00,2004-07-01 00:00:00,2004-01-01 00:00:00,7,Tuesday
10281,S18_3232,Diecast Classics Inc.,25,100.0,4191.25,Classic Cars,2004-08-19,Shipped,Allentown,USA,0.11,2004-08-01 00:00:00,2004-07-01 00:00:00,2004-01-01 00:00:00,8,Thursday
10301,S18_3232,"Norway Gifts By Mail, Co.",23,100.0,4011.66,Classic Cars,2003-10-05,Shipped,Oslo,Norway,0.11,2003-10-01 00:00:00,2003-10-01 00:00:00,2003-01-01 00:00:00,10,Sunday
10331,S18_3232,Motor Mint Distributors Inc.,27,100.0,4170.69,Classic Cars,2004-11-17,Shipped,Philadelphia,USA,0.11,2004-11-01 00:00:00,2004-10-01 00:00:00,2004-01-01 00:00:00,11,Wednesday
10265,S18_3278,"Australian Collectables, Ltd",45,86.84,3907.8,Classic Cars,2004-07-02,Shipped,Glen Waverly,Australia,0.11,2004-07-01 00:00:00,2004-07-01 00:00:00,2004-01-01 00:00:00,7,Friday
10108,S18_3482,Cruz & Sons Co.,29,100.0,4049.56,Classic Cars,2003-03-03,Shipped,Makati City,Philippines,0.11,2003-03-01 00:00:00,2003-01-01 00:00:00,2003-01-01 00:00:00,3,Monday
10278,S18_3685,Signal Gift Stores,31,100.0,4116.8,Classic Cars,2004-08-06,Shipped,Las Vegas,USA,0.11,2004-08-01 00:00:00,2004-07-01 00:00:00,2004-01-01 00:00:00,8,Friday
10321,S18_3685,FunGiftIdeas.com,28,100.0,4232.76,Classic Cars,2004-11-04,Shipped,New Bedford,USA,0.11,2004-11-01 00:00:00,2004-10-01 00:00:00,2004-01-01 00:00:00,11,Thursday
10314,S18_4027,Heintze Collectables,29,100.0,4206.74,Classic Cars,2004-10-22,Shipped,Aaarhus,Denmark,0.11,2004-10-01 00:00:00,2004-10-01 00:00:00,2004-01-01 00:00:00,10,Friday
10100,S18_4409,Online Diecast Creations Co.,22,86.51,1903.22,Vintage Cars,2003-01-06,Shipped,Nashua,USA,0.11,2003-01-01 00:00:00,2003-01-01 00:00:00,2003-01-01 00:00:00,1,Monday
10103,S18_4668,Baane Mini Imports,41,47.29,1938.89,Vintage Cars,2003-01-29,Shipped,Stavern,Norway,0.11,2003-01-01 00:00:00,2003-01-01 00:00:00,2003-01-01 00:00:00,1,Wednesday
10183,S18_4668,"Classic Gift Ideas, Inc",40,49.3,1972.0,Vintage Cars,2003-11-13,Shipped,Philadelphia,USA,0.11,2003-11-01 00:00:00,2003-10-01 00:00:00,2003-01-01 00:00:00,11,Thursday
10194,S18_4668,"Saveley & Henriot, Co.",41,44.78,1835.98,Vintage Cars,2003-11-25,Shipped,Lyon,France,0.11,2003-11-01 00:00:00,2003-10-01 00:00:00,2003-01-01 00:00:00,11,Tuesday
10380,S24_2022,Euro Shopping Channel,27,68.35,1845.45,Vintage Cars,2005-02-16,Shipped,Madrid,Spain,0.11,2005-02-01 00:00:00,2005-01-01 00:00:00,2005-01-01 00:00:00,2,Wednesday
10279,S24_2766,Euro Shopping Channel,49,79.97,3918.53,Classic Cars,2004-08-09,Shipped,Madrid,Spain,0.11,2004-08-01 00:00:00,2004-07-01 00:00:00,2004-01-01 00:00:00,8,Monday
10368,S24_2766,Mini Gifts Distributors Ltd.,40,100.0,4107.2,Classic Cars,2005-01-19,Shipped,San Rafael,USA,0.11,2005-01-01 00:00:00,2005-01-01 00:00:00,2005-01-01 00:00:00,1,Wednesday
10155,S24_3420,"Toys of Finland, Co.",34,55.89,1900.26,Vintage Cars,2003-10-06,Shipped,Helsinki,Finland,0.11,2003-10-01 00:00:00,2003-10-01 00:00:00,2003-01-01 00:00:00,10,Monday
10178,S24_3420,Alpha Cognac,27,73.64,1988.28,Vintage Cars,2003-11-08,Shipped,Toulouse,France,0.11,2003-11-01 00:00:00,2003-10-01 00:00:00,2003-01-01 00:00:00,11,Saturday
10198,S24_3420,Cruz & Sons Co.,27,71.67,1935.09,Vintage Cars,2003-11-27,Shipped,Makati City,Philippines,0.11,2003-11-01 00:00:00,2003-10-01 00:00:00,2003-01-01 00:00:00,11,Thursday
10321,S24_3856,FunGiftIdeas.com,26,100.0,4052.88,Classic Cars,2004-11-04,Shipped,New Bedford,USA,0.11,2004-11-01 00:00:00,2004-10-01 00:00:00,2004-01-01 00:00:00,11,Thursday
10348,S24_4258,"Corrida Auto Replicas, Ltd",39,50.31,1962.09,Vintage Cars,2004-11-01,Shipped,Madrid,Spain,0.11,2004-11-01 00:00:00,2004-10-01 00:00:00,2004-01-01 00:00:00,11,Monday
10264,S24_4620,Gifts4AllAges.com,47,83.27,3913.69,Classic Cars,2004-06-30,Shipped,Boston,USA,0.11,2004-06-01 00:00:00,2004-04-01 00:00:00,2004-01-01 00:00:00,6,Wednesday
10159,S32_2206,Corporate Gift Ideas Co.,35,35.4,1239.0,Motorcycles,2003-10-10,Shipped,San Francisco,USA,0.11,2003-10-01 00:00:00,2003-10-01 00:00:00,2003-01-01 00:00:00,10,Friday
10403,S32_2206,"UK Collectables, Ltd.",30,40.23,1206.9,Motorcycles,2005-04-08,Shipped,Liverpool,UK,0.11,2005-04-01 00:00:00,2005-04-01 00:00:00,2005-01-01 00:00:00,4,Friday
10141,S32_2509,Suominen Souveniers,24,45.99,1103.76,Trucks and Buses,2003-08-01,Shipped,Espoo,Finland,0.11,2003-08-01 00:00:00,2003-07-01 00:00:00,2003-01-01 00:00:00,8,Friday
10223,S50_1341,"Australian Collectors, Co.",41,46.26,1896.66,Vintage Cars,2004-02-20,Shipped,Melbourne,Australia,0.11,2004-02-01 00:00:00,2004-01-01 00:00:00,2004-01-01 00:00:00,2,Friday
10250,S50_1341,The Sharp Gifts Warehouse,36,51.93,1869.48,Vintage Cars,2004-05-11,Shipped,San Jose,USA,0.11,2004-05-01 00:00:00,2004-04-01 00:00:00,2004-01-01 00:00:00,5,Tuesday
10140,S700_2824,Technics Stores Inc.,36,100.0,4114.8,Classic Cars,2003-07-24,Shipped,Burlingame,USA,0.11,2003-07-01 00:00:00,2003-07-01 00:00:00,2003-01-01 00:00:00,7,Thursday
10270,S700_2824,Souveniers And Things Co.,46,88.0,4048.0,Classic Cars,2004-07-19,Shipped,Chatswood,Australia,0.11,2004-07-01 00:00:00,2004-07-01 00:00:00,2004-01-01 00:00:00,7,Monday
10304,S700_2824,Auto Assoc. & Cie.,40,100.0,4208.0,Classic Cars,2004-10-11,Shipped,Versailles,France,0.11,2004-10-01 00:00:00,2004-10-01 00:00:00,2004-01-01 00:00:00,10,Monday
10324,S700_2824,Vitachrome Inc.,34,100.0,4248.3,Classic Cars,2004-11-05,Shipped,NYC,USA,0.11,2004-11-01 00:00:00,2004-10-01 00:00:00,2004-01-01 00:00:00,11,Friday
10212,S24_3432,Euro Shopping Channel,46,87.81,4039.26,Classic Cars,2004-01-16,Shipped,Madrid,Spain,0.11,2004-01-01 00:00:00,2004-01-01 00:00:00,2004-01-01 00:00:00,1,Friday
10333,S18_4668,Mini Wheels Co.,24,79.86,1916.64,Vintage Cars,2004-11-18,Shipped,San Francisco,USA,0.11,2004-11-01 00:00:00,2004-10-01 00:00:00,2004-01-01 00:00:00,11,Thursday
10373,S24_3151,"Oulu Toy Supplies, Inc.",33,57.32,1891.56,Vintage Cars,2005-01-31,Shipped,Oulu,Finland,0.11,2005-01-01 00:00:00,2005-01-01 00:00:00,2005-01-01 00:00:00,1,Monday
10311,S24_3432,Euro Shopping Channel,46,92.09,4236.14,Classic Cars,2004-10-16,Shipped,Madrid,Spain,0.11,2004-10-01 00:00:00,2004-10-01 00:00:00,2004-01-01 00:00:00,10,Saturday
10124,S24_3191,Signal Gift Stores,49,83.04,4068.96,Classic Cars,2003-05-21,Shipped,Las Vegas,USA,0.11,2003-05-01 00:00:00,2003-04-01 00:00:00,2003-01-01 00:00:00,5,Wednesday
10380,S24_3432,Euro Shopping Channel,34,100.0,3953.18,Classic Cars,2005-02-16,Shipped,Madrid,Spain,0.11,2005-02-01 00:00:00,2005-01-01 00:00:00,2005-01-01 00:00:00,2,Wednesday
10143,S24_3816,Mini Creations Ltd.,23,80.51,1851.73,Vintage Cars,2003-08-10,Shipped,New Bedford,USA,0.11,2003-08-01 00:00:00,2003-07-01 00:00:00,2003-01-01 00:00:00,8,Sunday
10379,S24_1628,Euro Shopping Channel,32,100.0,3970.56,Classic Cars,2005-02-10,Shipped,Madrid,Spain,0.11,2005-02-01 00:00:00,2005-01-01 00:00:00,2005-01-01 00:00:00,2,Thursday
10191,S18_4721,"Toms Spezialitten, Ltd",32,100.0,4237.76,Classic Cars,2003-11-20,Shipped,Koln,Germany,0.11,2003-11-01 00:00:00,2003-10-01 00:00:00,2003-01-01 00:00:00,11,Thursday
10363,S18_3482,Suominen Souveniers,24,100.0,4142.64,Classic Cars,2005-01-06,Shipped,Espoo,Finland,0.11,2005-01-01 00:00:00,2005-01-01 00:00:00,2005-01-01 00:00:00,1,Thursday
10378,S18_3482,Euro Shopping Channel,43,96.49,4149.07,Classic Cars,2005-02-10,Shipped,Madrid,Spain,0.11,2005-02-01 00:00:00,2005-01-01 00:00:00,2005-01-01 00:00:00,2,Thursday
10369,S18_3136,Collectables For Less Inc.,21,94.22,1978.62,Vintage Cars,2005-01-20,Shipped,Brickhaven,USA,0.11,2005-01-01 00:00:00,2005-01-01 00:00:00,2005-01-01 00:00:00,1,Thursday
10296,S18_3856,"Bavarian Collectables Imports, Co.",22,84.7,1863.4,Vintage Cars,2004-09-15,Shipped,Munich,Germany,0.11,2004-09-01 00:00:00,2004-07-01 00:00:00,2004-01-01 00:00:00,9,Wednesday
10197,S24_3816,Enaco Distributors,22,86.38,1900.36,Vintage Cars,2003-11-26,Shipped,Barcelona,Spain,0.11,2003-11-01 00:00:00,2003-10-01 00:00:00,2003-01-01 00:00:00,11,Wednesday
10412,S24_4048,Euro Shopping Channel,31,100.0,4253.2,Classic Cars,2005-05-03,Shipped,Madrid,Spain,0.11,2005-05-01 00:00:00,2005-04-01 00:00:00,2005-01-01 00:00:00,5,Tuesday
10355,S18_4721,Euro Shopping Channel,25,100.0,4203.5,Classic Cars,2004-12-07,Shipped,Madrid,Spain,0.11,2004-12-01 00:00:00,2004-10-01 00:00:00,2004-01-01 00:00:00,12,Tuesday
10227,S24_2766,"Saveley & Henriot, Co.",47,88.14,4142.58,Classic Cars,2004-03-02,Shipped,Lyon,France,0.11,2004-03-01 00:00:00,2004-01-01 00:00:00,2004-01-01 00:00:00,3,Tuesday
10368,S24_2887,Mini Gifts Distributors Ltd.,31,100.0,4223.13,Classic Cars,2005-01-19,Shipped,San Rafael,USA,0.11,2005-01-01 00:00:00,2005-01-01 00:00:00,2005-01-01 00:00:00,1,Wednesday
10328,S32_4289,Rovelli Gifts,24,81.17,1948.08,Vintage Cars,2004-11-12,Shipped,Bergamo,Italy,0.11,2004-11-01 00:00:00,2004-10-01 00:00:00,2004-01-01 00:00:00,11,Friday
10326,S24_3816,"Volvo Model Replicas, Co",20,92.25,1845.0,Vintage Cars,2004-11-09,Shipped,Lule,Sweden,0.11,2004-11-01 00:00:00,2004-10-01 00:00:00,2004-01-01 00:00:00,11,Tuesday
10314,S24_4048,Heintze Collectables,38,100.0,4000.26,Classic Cars,2004-10-22,Shipped,Aaarhus,Denmark,0.11,2004-10-01 00:00:00,2004-10-01 00:00:00,2004-01-01 00:00:00,10,Friday
10416,S50_1341,L'ordine Souveniers,37,51.93,1921.41,Vintage Cars,2005-05-10,Shipped,Reggio Emilia,Italy,0.11,2005-05-01 00:00:00,2005-04-01 00:00:00,2005-01-01 00:00:00,5,Tuesday
10267,S24_3191,Muscle Machine Inc,44,96.74,4256.56,Classic Cars,2004-07-07,Shipped,NYC,USA,0.11,2004-07-01 00:00:00,2004-07-01 00:00:00,2004-01-01 00:00:00,7,Wednesday
10209,S24_3816,"Men 'R' US Retailers, Ltd.",22,89.73,1974.06,Vintage Cars,2004-01-09,Shipped,Los Angeles,USA,0.11,2004-01-01 00:00:00,2004-01-01 00:00:00,2004-01-01 00:00:00,1,Friday
10276,S18_3482,Online Mini Collectables,30,100.0,3924.6,Classic Cars,2004-08-02,Shipped,Brickhaven,USA,0.11,2004-08-01 00:00:00,2004-07-01 00:00:00,2004-01-01 00:00:00,8,Monday
10166,S18_4522,FunGiftIdeas.com,26,73.73,1916.98,Vintage Cars,2003-10-21,Shipped,New Bedford,USA,0.11,2003-10-01 00:00:00,2003-10-01 00:00:00,2003-01-01 00:00:00,10,Tuesday
10204,S24_2887,Muscle Machine Inc,42,100.0,4242.0,Classic Cars,2003-12-02,Shipped,NYC,USA,0.11,2003-12-01 00:00:00,2003-10-01 00:00:00,2003-01-01 00:00:00,12,Tuesday
10305,S18_2238,Marta's Replicas Co.,27,100.0,3934.44,Classic Cars,2004-10-13,Shipped,Cambridge,USA,0.11,2004-10-01 00:00:00,2004-10-01 00:00:00,2004-01-01 00:00:00,10,Wednesday
10212,S24_2766,Euro Shopping Channel,45,88.14,3966.3,Classic Cars,2004-01-16,Shipped,Madrid,Spain,0.11,2004-01-01 00:00:00,2004-01-01 00:00:00,2004-01-01 00:00:00,1,Friday
10296,S72_1253,"Bavarian Collectables Imports, Co.",21,45.19,948.99,Planes,2004-09-15,Shipped,Munich,Germany,0.11,2004-09-01 00:00:00,2004-07-01 00:00:00,2004-01-01 00:00:00,9,Wednesday
10148,S18_1984,"Anna's Decorations, Ltd",25,100.0,4232.0,Classic Cars,2003-09-11,Shipped,North Sydney,Australia,0.11,2003-09-01 00:00:00,2003-07-01 00:00:00,2003-01-01 00:00:00,9,Thursday
10186,S10_4757,"Double Decker Gift Stores, Ltd",26,100.0,3854.24,Classic Cars,2003-11-14,Shipped,London,UK,0.1,2003-11-01 00:00:00,2003-10-01 00:00:00,2003-01-01 00:00:00,11,Friday
10261,S18_4522,Quebec Home Shopping Network,20,89.53,1790.6,Vintage Cars,2004-06-17,Shipped,Montreal,Canada,0.1,2004-06-01 00:00:00,2004-04-01 00:00:00,2004-01-01 00:00:00,6,Thursday
10191,S12_1099,"Toms Spezialitten, Ltd",21,100.0,3840.9,Classic Cars,2003-11-20,Shipped,Koln,Germany,0.1,2003-11-01 00:00:00,2003-10-01 00:00:00,2003-01-01 00:00:00,11,Thursday
10341,S12_1099,Salzburg Collectables,45,79.65,3584.25,Classic Cars,2004-11-24,Shipped,Salzburg,Austria,0.1,2004-11-01 00:00:00,2004-10-01 00:00:00,2004-01-01 00:00:00,11,Wednesday
10185,S12_1108,Mini Creations Ltd.,21,100.0,3883.74,Classic Cars,2003-11-14,Shipped,New Bedford,USA,0.1,2003-11-01 00:00:00,2003-10-01 00:00:00,2003-01-01 00:00:00,11,Friday
10371,S12_1108,Mini Gifts Distributors Ltd.,32,100.0,3560.64,Classic Cars,2005-01-23,Shipped,San Rafael,USA,0.1,2005-01-01 00:00:00,2005-01-01 00:00:00,2005-01-01 00:00:00,1,Sunday
10382,S12_1108,Mini Gifts Distributors Ltd.,34,100.0,3823.64,Classic Cars,2005-02-17,Shipped,San Rafael,USA,0.1,2005-02-01 00:00:00,2005-01-01 00:00:00,2005-01-01 00:00:00,2,Thursday
10196,S12_3148,Super Scale Inc.,24,100.0,3807.12,Classic Cars,2003-11-26,Shipped,New Haven,USA,0.1,2003-11-01 00:00:00,2003-10-01 00:00:00,2003-01-01 00:00:00,11,Wednesday
10122,S12_3380,Marseille Mini Autos,37,99.82,3693.34,Classic Cars,2003-05-08,Shipped,Marseille,France,0.1,2003-05-01 00:00:00,2003-04-01 00:00:00,2003-01-01 00:00:00,5,Thursday
10329,S12_3380,Land of Toys Inc.,46,83.63,3846.98,Classic Cars,2004-11-15,Shipped,NYC,USA,0.1,2004-11-01 00:00:00,2004-10-01 00:00:00,2004-01-01 00:00:00,11,Monday
10282,S12_3891,Mini Gifts Distributors Ltd.,24,100.0,3778.8,Classic Cars,2004-08-20,Shipped,San Rafael,USA,0.1,2004-08-01 00:00:00,2004-07-01 00:00:00,2004-01-01 00:00:00,8,Friday
10306,S12_3891,"AV Stores, Co.",20,100.0,3633.4,Classic Cars,2004-10-14,Shipped,Manchester,UK,0.1,2004-10-01 00:00:00,2004-10-01 00:00:00,2004-01-01 00:00:00,10,Thursday
10203,S12_3990,Euro Shopping Channel,44,82.99,3651.56,Classic Cars,2003-12-02,Shipped,Madrid,Spain,0.1,2003-12-01 00:00:00,2003-10-01 00:00:00,2003-01-01 00:00:00,12,Tuesday
10329,S12_3990,Land of Toys Inc.,33,100.0,3607.56,Classic Cars,2004-11-15,Shipped,NYC,USA,0.1,2004-11-01 00:00:00,2004-10-01 00:00:00,2004-01-01 00:00:00,11,Monday
10108,S12_4675,Cruz & Sons Co.,36,100.0,3731.04,Classic Cars,2003-03-03,Shipped,Makati City,Philippines,0.1,2003-03-01 00:00:00,2003-01-01 00:00:00,2003-01-01 00:00:00,3,Monday
10192,S12_4675,Online Diecast Creations Co.,27,100.0,3544.56,Classic Cars,2003-11-20,Shipped,Nashua,USA,0.1,2003-11-01 00:00:00,2003-10-01 00:00:00,2003-01-01 00:00:00,11,Thursday
10419,S12_4675,Salzburg Collectables,32,100.0,3832.64,Classic Cars,2005-05-17,Shipped,Salzburg,Austria,0.1,2005-05-01 00:00:00,2005-04-01 00:00:00,2005-01-01 00:00:00,5,Tuesday
10136,S18_1129,Alpha Cognac,25,100.0,3644.75,Classic Cars,2003-07-04,Shipped,Toulouse,France,0.1,2003-07-01 00:00:00,2003-07-01 00:00:00,2003-01-01 00:00:00,7,Friday
10149,S18_1367,Signal Collectibles Ltd.,30,58.22,1746.6,Vintage Cars,2003-09-12,Shipped,Brisbane,USA,0.1,2003-09-01 00:00:00,2003-07-01 00:00:00,2003-01-01 00:00:00,9,Friday
10304,S18_1367,Auto Assoc. & Cie.,37,48.52,1795.24,Vintage Cars,2004-10-11,Shipped,Versailles,France,0.1,2004-10-01 00:00:00,2004-10-01 00:00:00,2004-01-01 00:00:00,10,Monday
10135,S18_1889,Mini Gifts Distributors Ltd.,48,79.31,3806.88,Classic Cars,2003-07-02,Shipped,San Rafael,USA,0.1,2003-07-01 00:00:00,2003-07-01 00:00:00,2003-01-01 00:00:00,7,Wednesday
10203,S18_1889,Euro Shopping Channel,45,85.47,3846.15,Classic Cars,2003-12-02,Shipped,Madrid,Spain,0.1,2003-12-01 00:00:00,2003-10-01 00:00:00,2003-01-01 00:00:00,12,Tuesday
10287,S18_1889,"Vida Sport, Ltd",44,82.39,3625.16,Classic Cars,2004-08-30,Shipped,Gensve,Switzerland,0.1,2004-08-01 00:00:00,2004-07-01 00:00:00,2004-01-01 00:00:00,8,Monday
10300,S18_1889,"Blauer See Auto, Co.",41,92.4,3788.4,Classic Cars,2003-10-04,Shipped,Frankfurt,Germany,0.1,2003-10-01 00:00:00,2003-10-01 00:00:00,2003-01-01 00:00:00,10,Saturday
10342,S18_1889,"Australian Collectors, Co.",55,65.45,3599.75,Classic Cars,2004-11-24,Shipped,Melbourne,Australia,0.1,2004-11-01 00:00:00,2004-10-01 00:00:00,2004-01-01 00:00:00,11,Wednesday
10363,S18_1889,Suominen Souveniers,22,100.0,3686.54,Classic Cars,2005-01-06,Shipped,Espoo,Finland,0.1,2005-01-01 00:00:00,2005-01-01 00:00:00,2005-01-01 00:00:00,1,Thursday
10389,S18_1889,Scandinavian Gift Ideas,49,79.22,3881.78,Classic Cars,2005-03-03,Shipped,Boras,Sweden,0.1,2005-03-01 00:00:00,2005-01-01 00:00:00,2005-01-01 00:00:00,3,Thursday
10291,S10_4962,Scandinavian Gift Ideas,30,100.0,3855.9,Classic Cars,2004-09-08,Shipped,Boras,Sweden,0.1,2004-09-01 00:00:00,2004-07-01 00:00:00,2004-01-01 00:00:00,9,Wednesday
10176,S18_2238,L'ordine Souveniers,20,100.0,3667.6,Classic Cars,2003-11-06,Shipped,Reggio Emilia,Italy,0.1,2003-11-01 00:00:00,2003-10-01 00:00:00,2003-01-01 00:00:00,11,Thursday
10288,S18_2248,Handji Gifts& Co,28,61.75,1729.0,Vintage Cars,2004-09-01,Shipped,Singapore,Singapore,0.1,2004-09-01 00:00:00,2004-07-01 00:00:00,2004-01-01 00:00:00,9,Wednesday
10362,S18_2625,Technics Stores Inc.,23,49.67,1142.41,Motorcycles,2005-01-05,Shipped,Burlingame,USA,0.1,2005-01-01 00:00:00,2005-01-01 00:00:00,2005-01-01 00:00:00,1,Wednesday
10374,S18_2625,"Australian Gift Network, Co",22,53.3,1172.6,Motorcycles,2005-02-02,Shipped,South Brisbane,Australia,0.1,2005-02-01 00:00:00,2005-01-01 00:00:00,2005-01-01 00:00:00,2,Wednesday
10215,S18_2957,West Coast Collectables Co.,31,58.71,1820.01,Vintage Cars,2004-01-29,Shipped,Burbank,USA,0.1,2004-01-01 00:00:00,2004-01-01 00:00:00,2004-01-01 00:00:00,1,Thursday
10139,S18_3136,Souveniers And Things Co.,20,90.06,1801.2,Vintage Cars,2003-07-16,Shipped,Chatswood,Australia,0.1,2003-07-01 00:00:00,2003-07-01 00:00:00,2003-01-01 00:00:00,7,Wednesday
10325,S18_3140,Baane Mini Imports,24,69.12,1658.88,Vintage Cars,2004-11-05,Shipped,Stavern,Norway,0.1,2004-11-01 00:00:00,2004-10-01 00:00:00,2004-01-01 00:00:00,11,Friday
10122,S18_3232,Marseille Mini Autos,25,100.0,3598.5,Classic Cars,2003-05-08,Shipped,Marseille,France,0.1,2003-05-01 00:00:00,2003-04-01 00:00:00,2003-01-01 00:00:00,5,Thursday
10127,S18_3232,Muscle Machine Inc,22,100.0,3837.24,Classic Cars,2003-06-03,Shipped,NYC,USA,0.1,2003-06-01 00:00:00,2003-04-01 00:00:00,2003-01-01 00:00:00,6,Tuesday
10151,S18_3232,"Oulu Toy Supplies, Inc.",21,100.0,3734.01,Classic Cars,2003-09-21,Shipped,Oulu,Finland,0.1,2003-09-01 00:00:00,2003-07-01 00:00:00,2003-01-01 00:00:00,9,Sunday
10259,S18_3232,Handji Gifts& Co,27,100.0,3657.69,Classic Cars,2004-06-15,Shipped,Singapore,Singapore,0.1,2004-06-01 00:00:00,2004-04-01 00:00:00,2004-01-01 00:00:00,6,Tuesday
10300,S18_3278,"Blauer See Auto, Co.",49,78.8,3861.2,Classic Cars,2003-10-04,Shipped,Frankfurt,Germany,0.1,2003-10-01 00:00:00,2003-10-01 00:00:00,2003-01-01 00:00:00,10,Saturday
10159,S18_3482,Corporate Gift Ideas Co.,25,100.0,3638.0,Classic Cars,2003-10-10,Shipped,San Francisco,USA,0.1,2003-10-01 00:00:00,2003-10-01 00:00:00,2003-01-01 00:00:00,10,Friday
10311,S18_3685,Euro Shopping Channel,32,100.0,3616.64,Classic Cars,2004-10-16,Shipped,Madrid,Spain,0.1,2004-10-01 00:00:00,2004-10-01 00:00:00,2004-01-01 00:00:00,10,Saturday
10343,S18_3685,Reims Collectables,44,84.88,3734.72,Classic Cars,2004-11-24,Shipped,Reims,France,0.1,2004-11-01 00:00:00,2004-10-01 00:00:00,2004-01-01 00:00:00,11,Wednesday
10142,S18_4027,Mini Gifts Distributors Ltd.,24,100.0,3791.52,Classic Cars,2003-08-08,Shipped,San Rafael,USA,0.1,2003-08-01 00:00:00,2003-07-01 00:00:00,2003-01-01 00:00:00,8,Friday
10272,S18_4027,Diecast Classics Inc.,25,100.0,3734.0,Classic Cars,2004-07-20,Shipped,Allentown,USA,0.1,2004-07-01 00:00:00,2004-07-01 00:00:00,2004-01-01 00:00:00,7,Tuesday
10306,S18_4027,"AV Stores, Co.",23,100.0,3600.65,Classic Cars,2004-10-14,Shipped,Manchester,UK,0.1,2004-10-01 00:00:00,2004-10-01 00:00:00,2004-01-01 00:00:00,10,Thursday
10124,S24_1937,Signal Gift Stores,45,37.84,1702.8,Vintage Cars,2003-05-21,Shipped,Las Vegas,USA,0.1,2003-05-01 00:00:00,2003-04-01 00:00:00,2003-01-01 00:00:00,5,Wednesday
10409,S24_1937,Handji Gifts& Co,61,29.54,1801.94,Vintage Cars,2005-04-23,Shipped,Singapore,Singapore,0.1,2005-04-01 00:00:00,2005-04-01 00:00:00,2005-01-01 00:00:00,4,Saturday
10244,S24_2022,Euro Shopping Channel,39,45.25,1764.75,Vintage Cars,2004-04-29,Shipped,Madrid,Spain,0.1,2004-04-01 00:00:00,2004-04-01 00:00:00,2004-01-01 00:00:00,4,Thursday
10255,S24_2022,Mini Caravy,37,45.7,1690.9,Vintage Cars,2004-06-04,Shipped,Strasbourg,France,0.1,2004-06-01 00:00:00,2004-04-01 00:00:00,2004-01-01 00:00:00,6,Friday
10304,S24_2022,Auto Assoc. & Cie.,44,39.42,1734.48,Vintage Cars,2004-10-11,Shipped,Versailles,France,0.1,2004-10-01 00:00:00,2004-10-01 00:00:00,2004-01-01 00:00:00,10,Monday
10208,S24_3151,"Saveley & Henriot, Co.",20,89.4,1788.0,Vintage Cars,2004-01-02,Shipped,Lyon,France,0.1,2004-01-01 00:00:00,2004-01-01 00:00:00,2004-01-01 00:00:00,1,Friday
10131,S24_3420,Gift Ideas Corp.,29,59.18,1716.22,Vintage Cars,2003-06-16,Shipped,Glendale,USA,0.1,2003-06-01 00:00:00,2003-04-01 00:00:00,2003-01-01 00:00:00,6,Monday
10249,S24_3420,Cambridge Collectables Co.,25,69.7,1742.5,Vintage Cars,2004-05-08,Shipped,Cambridge,USA,0.1,2004-05-01 00:00:00,2004-04-01 00:00:00,2004-01-01 00:00:00,5,Saturday
10274,S24_3420,Collectables For Less Inc.,24,72.33,1735.92,Vintage Cars,2004-07-21,Shipped,Brickhaven,USA,0.1,2004-07-01 00:00:00,2004-07-01 00:00:00,2004-01-01 00:00:00,7,Wednesday
10296,S24_3420,"Bavarian Collectables Imports, Co.",31,53.92,1671.52,Vintage Cars,2004-09-15,Shipped,Munich,Germany,0.1,2004-09-01 00:00:00,2004-07-01 00:00:00,2004-01-01 00:00:00,9,Wednesday
10110,S24_3432,"AV Stores, Co.",37,100.0,3724.42,Classic Cars,2003-03-18,Shipped,Manchester,UK,0.1,2003-03-01 00:00:00,2003-01-01 00:00:00,2003-01-01 00:00:00,3,Tuesday
10100,S24_3969,Online Diecast Creations Co.,49,34.47,1689.03,Vintage Cars,2003-01-06,Shipped,Nashua,USA,0.1,2003-01-01 00:00:00,2003-01-01 00:00:00,2003-01-01 00:00:00,1,Monday
10276,S24_4620,Online Mini Collectables,48,75.18,3608.64,Classic Cars,2004-08-02,Shipped,Brickhaven,USA,0.1,2004-08-01 00:00:00,2004-07-01 00:00:00,2004-01-01 00:00:00,8,Monday
10287,S24_4620,"Vida Sport, Ltd",40,88.12,3524.8,Classic Cars,2004-08-30,Shipped,Gensve,Switzerland,0.1,2004-08-01 00:00:00,2004-07-01 00:00:00,2004-01-01 00:00:00,8,Monday
10145,S32_2206,Toys4GrownUps.com,31,35.8,1109.8,Motorcycles,2003-08-25,Shipped,Pasadena,USA,0.1,2003-08-01 00:00:00,2003-07-01 00:00:00,2003-01-01 00:00:00,8,Monday
10319,S32_2206,Microscale Inc.,29,38.22,1108.38,Motorcycles,2004-11-03,Shipped,NYC,USA,0.1,2004-11-01 00:00:00,2004-10-01 00:00:00,2004-01-01 00:00:00,11,Wednesday
10210,S50_1341,Osaka Souveniers Co.,43,41.02,1763.86,Vintage Cars,2004-01-12,Shipped,Osaka,Japan,0.1,2004-01-01 00:00:00,2004-01-01 00:00:00,2004-01-01 00:00:00,1,Monday
10275,S50_1341,La Rochelle Gifts,38,45.39,1724.82,Vintage Cars,2004-07-23,Shipped,Nantes,France,0.1,2004-07-01 00:00:00,2004-07-01 00:00:00,2004-01-01 00:00:00,7,Friday
10175,S700_2824,"Stylish Desk Decors, Co.",42,85.98,3611.16,Classic Cars,2003-11-06,Shipped,London,UK,0.1,2003-11-01 00:00:00,2003-10-01 00:00:00,2003-01-01 00:00:00,11,Thursday
10206,S700_2824,Canadian Gift Exchange Network,33,100.0,3871.89,Classic Cars,2003-12-05,Shipped,Vancouver,Canada,0.1,2003-12-01 00:00:00,2003-10-01 00:00:00,2003-01-01 00:00:00,12,Friday
10258,S700_2824,"Tokyo Collectables, Ltd",45,80.92,3641.4,Classic Cars,2004-06-15,Shipped,Minato-ku,Japan,0.1,2004-06-01 00:00:00,2004-04-01 00:00:00,2004-01-01 00:00:00,6,Tuesday
10131,S72_1253,Gift Ideas Corp.,21,41.71,875.91,Planes,2003-06-16,Shipped,Glendale,USA,0.1,2003-06-01 00:00:00,2003-04-01 00:00:00,2003-01-01 00:00:00,6,Monday
10278,S18_1984,Signal Gift Stores,29,100.0,3754.05,Classic Cars,2004-08-06,Shipped,Las Vegas,USA,0.1,2004-08-01 00:00:00,2004-07-01 00:00:00,2004-01-01 00:00:00,8,Friday
10284,S50_1341,"Norway Gifts By Mail, Co.",33,51.93,1713.69,Vintage Cars,2004-08-21,Shipped,Oslo,Norway,0.1,2004-08-01 00:00:00,2004-07-01 00:00:00,2004-01-01 00:00:00,8,Saturday
10182,S18_1367,Mini Gifts Distributors Ltd.,32,54.45,1742.4,Vintage Cars,2003-11-12,Shipped,San Rafael,USA,0.1,2003-11-01 00:00:00,2003-10-01 00:00:00,2003-01-01 00:00:00,11,Wednesday
10358,S700_2824,Euro Shopping Channel,27,100.0,3761.37,Classic Cars,2004-12-10,Shipped,Madrid,Spain,0.1,2004-12-01 00:00:00,2004-10-01 00:00:00,2004-01-01 00:00:00,12,Friday
10328,S50_1341,Rovelli Gifts,34,51.93,1765.62,Vintage Cars,2004-11-12,Shipped,Bergamo,Italy,0.1,2004-11-01 00:00:00,2004-10-01 00:00:00,2004-01-01 00:00:00,11,Friday
10368,S24_3969,Mini Gifts Distributors Ltd.,46,37.34,1717.64,Vintage Cars,2005-01-19,Shipped,San Rafael,USA,0.1,2005-01-01 00:00:00,2005-01-01 00:00:00,2005-01-01 00:00:00,1,Wednesday
10411,S700_2824,Quebec Home Shopping Network,34,100.0,3576.8,Classic Cars,2005-05-01,Shipped,Montreal,Canada,0.1,2005-05-01 00:00:00,2005-04-01 00:00:00,2005-01-01 00:00:00,5,Sunday
10161,S18_1129,Heintze Collectables,28,100.0,3764.88,Classic Cars,2003-10-17,Shipped,Aaarhus,Denmark,0.1,2003-10-01 00:00:00,2003-10-01 00:00:00,2003-01-01 00:00:00,10,Friday
10181,S18_2870,Herkku Gifts,27,100.0,3884.76,Classic Cars,2003-11-12,Shipped,Bergen,Norway,0.1,2003-11-01 00:00:00,2003-10-01 00:00:00,2003-01-01 00:00:00,11,Wednesday
10242,S24_3969,Microscale Inc.,46,36.93,1698.78,Vintage Cars,2004-04-20,Shipped,NYC,USA,0.1,2004-04-01 00:00:00,2004-04-01 00:00:00,2004-01-01 00:00:00,4,Tuesday
10300,S18_3482,"Blauer See Auto, Co.",23,100.0,3786.49,Classic Cars,2003-10-04,Shipped,Frankfurt,Germany,0.1,2003-10-01 00:00:00,2003-10-01 00:00:00,2003-01-01 00:00:00,10,Saturday
10141,S24_4048,Suominen Souveniers,40,94.62,3784.8,Classic Cars,2003-08-01,Shipped,Espoo,Finland,0.1,2003-08-01 00:00:00,2003-07-01 00:00:00,2003-01-01 00:00:00,8,Friday
10149,S24_4258,Signal Collectibles Ltd.,20,90.57,1811.4,Vintage Cars,2003-09-12,Shipped,Brisbane,USA,0.1,2003-09-01 00:00:00,2003-07-01 00:00:00,2003-01-01 00:00:00,9,Friday
10302,S24_3191,"UK Collectables, Ltd.",48,74.48,3575.04,Classic Cars,2003-10-06,Shipped,Liverpool,UK,0.1,2003-10-01 00:00:00,2003-10-01 00:00:00,2003-01-01 00:00:00,10,Monday
10225,S18_3278,"Vida Sport, Ltd",37,95.69,3540.53,Classic Cars,2004-02-22,Shipped,Gensve,Switzerland,0.1,2004-02-01 00:00:00,2004-01-01 00:00:00,2004-01-01 00:00:00,2,Sunday
10195,S24_4048,Mini Classics,34,100.0,3699.88,Classic Cars,2003-11-25,Shipped,White Plains,USA,0.1,2003-11-01 00:00:00,2003-10-01 00:00:00,2003-01-01 00:00:00,11,Tuesday
10110,S24_2022,"AV Stores, Co.",39,44.35,1729.65,Vintage Cars,2003-03-18,Shipped,Manchester,UK,0.1,2003-03-01 00:00:00,2003-01-01 00:00:00,2003-01-01 00:00:00,3,Tuesday
10275,S32_4289,La Rochelle Gifts,28,63.97,1791.16,Vintage Cars,2004-07-23,Shipped,Nantes,France,0.1,2004-07-01 00:00:00,2004-07-01 00:00:00,2004-01-01 00:00:00,7,Friday
10108,S32_2206,Cruz & Sons Co.,27,43.45,1173.15,Motorcycles,2003-03-03,Shipped,Makati City,Philippines,0.1,2003-03-01 00:00:00,2003-01-01 00:00:00,2003-01-01 00:00:00,3,Monday
10170,S24_3856,Mini Auto Werke,34,100.0,3819.56,Classic Cars,2003-11-04,Shipped,Graz,Austria,0.1,2003-11-01 00:00:00,2003-10-01 00:00:00,2003-01-01 00:00:00,11,Tuesday
10353,S32_4289,Gift Ideas Corp.,40,44.51,1780.4,Vintage Cars,2004-12-04,Shipped,Glendale,USA,0.1,2004-12-01 00:00:00,2004-10-01 00:00:00,2004-01-01 00:00:00,12,Saturday
10280,S24_4258,Amica Models & Co.,21,78.89,1656.69,Vintage Cars,2004-08-17,Shipped,Torino,Italy,0.1,2004-08-01 00:00:00,2004-07-01 00:00:00,2004-01-01 00:00:00,8,Tuesday
10252,S18_4721,Auto Canal Petit,26,100.0,3559.4,Classic Cars,2004-05-26,Shipped,Paris,France,0.1,2004-05-01 00:00:00,2004-04-01 00:00:00,2004-01-01 00:00:00,5,Wednesday
10142,S18_4522,Mini Gifts Distributors Ltd.,24,70.22,1685.28,Vintage Cars,2003-08-08,Shipped,San Rafael,USA,0.1,2003-08-01 00:00:00,2003-07-01 00:00:00,2003-01-01 00:00:00,8,Friday
10111,S18_2957,Mini Wheels Co.,28,64.33,1801.24,Vintage Cars,2003-03-25,Shipped,San Francisco,USA,0.1,2003-03-01 00:00:00,2003-01-01 00:00:00,2003-01-01 00:00:00,3,Tuesday
10122,S18_4721,Marseille Mini Autos,28,100.0,3583.16,Classic Cars,2003-05-08,Shipped,Marseille,France,0.1,2003-05-01 00:00:00,2003-04-01 00:00:00,2003-01-01 00:00:00,5,Thursday
10211,S18_3482,Auto Canal Petit,28,100.0,3745.28,Classic Cars,2004-01-15,Shipped,Paris,France,0.1,2004-01-01 00:00:00,2004-01-01 00:00:00,2004-01-01 00:00:00,1,Thursday
10398,S50_1341,Reims Collectables,49,36.66,1796.34,Vintage Cars,2005-03-30,Shipped,Reims,France,0.1,2005-03-01 00:00:00,2005-01-01 00:00:00,2005-01-01 00:00:00,3,Wednesday
10368,S24_3191,Mini Gifts Distributors Ltd.,46,79.62,3662.52,Classic Cars,2005-01-19,Shipped,San Rafael,USA,0.1,2005-01-01 00:00:00,2005-01-01 00:00:00,2005-01-01 00:00:00,1,Wednesday
10304,S18_4668,Auto Assoc. & Cie.,34,49.3,1676.2,Vintage Cars,2004-10-11,Shipped,Versailles,France,0.1,2004-10-01 00:00:00,2004-10-01 00:00:00,2004-01-01 00:00:00,10,Monday
10192,S24_2766,Online Diecast Creations Co.,46,83.6,3845.6,Classic Cars,2003-11-20,Shipped,Nashua,USA,0.1,2003-11-01 00:00:00,2003-10-01 00:00:00,2003-01-01 00:00:00,11,Thursday
10319,S24_4620,Microscale Inc.,43,85.69,3684.67,Classic Cars,2004-11-03,Shipped,NYC,USA,0.1,2004-11-01 00:00:00,2004-10-01 00:00:00,2004-01-01 00:00:00,11,Wednesday
10296,S24_3816,"Bavarian Collectables Imports, Co.",22,77.15,1697.3,Vintage Cars,2004-09-15,Shipped,Munich,Germany,0.1,2004-09-01 00:00:00,2004-07-01 00:00:00,2004-01-01 00:00:00,9,Wednesday
10148,S18_3685,"Anna's Decorations, Ltd",28,100.0,3639.44,Classic Cars,2003-09-11,Shipped,North Sydney,Australia,0.1,2003-09-01 00:00:00,2003-07-01 00:00:00,2003-01-01 00:00:00,9,Thursday
10148,S18_2870,"Anna's Decorations, Ltd",27,100.0,3528.36,Classic Cars,2003-09-11,Shipped,North Sydney,Australia,0.1,2003-09-01 00:00:00,2003-07-01 00:00:00,2003-01-01 00:00:00,9,Thursday
10292,S24_4048,Land of Toys Inc.,27,100.0,3832.38,Classic Cars,2004-09-08,Shipped,NYC,USA,0.1,2004-09-01 00:00:00,2004-07-01 00:00:00,2004-01-01 00:00:00,9,Wednesday
10181,S24_3856,Herkku Gifts,25,100.0,3861.75,Classic Cars,2003-11-12,Shipped,Bergen,Norway,0.1,2003-11-01 00:00:00,2003-10-01 00:00:00,2003-01-01 00:00:00,11,Wednesday
10321,S18_1984,FunGiftIdeas.com,25,100.0,3734.0,Classic Cars,2004-11-04,Shipped,New Bedford,USA,0.1,2004-11-01 00:00:00,2004-10-01 00:00:00,2004-01-01 00:00:00,11,Thursday
10178,S10_4757,Alpha Cognac,24,100.0,3492.48,Classic Cars,2003-11-08,Shipped,Toulouse,France,0.09,2003-11-01 00:00:00,2003-10-01 00:00:00,2003-01-01 00:00:00,11,Saturday
10178,S24_3816,Alpha Cognac,21,72.12,1514.52,Vintage Cars,2003-11-08,Shipped,Toulouse,France,0.09,2003-11-01 00:00:00,2003-10-01 00:00:00,2003-01-01 00:00:00,11,Saturday
10273,S10_4757,Petit Auto,30,100.0,3508.8,Classic Cars,2004-07-21,Shipped,Bruxelles,Belgium,0.09,2004-07-01 00:00:00,2004-07-01 00:00:00,2004-01-01 00:00:00,7,Wednesday
10295,S10_4757,Gifts4AllAges.com,24,100.0,3427.2,Classic Cars,2004-09-10,Shipped,Boston,USA,0.09,2004-09-01 00:00:00,2004-07-01 00:00:00,2004-01-01 00:00:00,9,Friday
10395,S10_4757,Lyon Souveniers,32,100.0,3370.56,Classic Cars,2005-03-17,Shipped,Paris,France,0.09,2005-03-01 00:00:00,2005-01-01 00:00:00,2005-01-01 00:00:00,3,Thursday
10126,S10_4962,"Corrida Auto Replicas, Ltd",22,100.0,3347.74,Classic Cars,2003-05-28,Shipped,Madrid,Spain,0.09,2003-05-01 00:00:00,2003-04-01 00:00:00,2003-01-01 00:00:00,5,Wednesday
10140,S10_4962,Technics Stores Inc.,26,100.0,3188.12,Classic Cars,2003-07-24,Shipped,Burlingame,USA,0.09,2003-07-01 00:00:00,2003-07-01 00:00:00,2003-01-01 00:00:00,7,Thursday
10150,S10_4962,"Dragon Souveniers, Ltd.",20,100.0,3191.2,Classic Cars,2003-09-19,Shipped,Singapore,Singapore,0.09,2003-09-01 00:00:00,2003-07-01 00:00:00,2003-01-01 00:00:00,9,Friday
10183,S10_4962,"Classic Gift Ideas, Inc",28,100.0,3433.36,Classic Cars,2003-11-13,Shipped,Philadelphia,USA,0.09,2003-11-01 00:00:00,2003-10-01 00:00:00,2003-01-01 00:00:00,11,Thursday
10287,S12_1099,"Vida Sport, Ltd",21,100.0,3432.24,Classic Cars,2004-08-30,Shipped,Gensve,Switzerland,0.09,2004-08-01 00:00:00,2004-07-01 00:00:00,2004-01-01 00:00:00,8,Monday
10375,S12_1099,La Rochelle Gifts,45,76.0,3420.0,Classic Cars,2005-02-03,Shipped,Nantes,France,0.09,2005-02-01 00:00:00,2005-01-01 00:00:00,2005-01-01 00:00:00,2,Thursday
10147,S12_3380,Collectables For Less Inc.,31,100.0,3494.94,Classic Cars,2003-09-05,Shipped,Brickhaven,USA,0.09,2003-09-01 00:00:00,2003-07-01 00:00:00,2003-01-01 00:00:00,9,Friday
10238,S12_3380,Danish Wholesale Imports,29,100.0,3167.38,Classic Cars,2004-04-09,Shipped,Kobenhavn,Denmark,0.09,2004-04-01 00:00:00,2004-04-01 00:00:00,2004-01-01 00:00:00,4,Friday
10363,S12_3380,Suominen Souveniers,34,96.73,3288.82,Classic Cars,2005-01-06,Shipped,Espoo,Finland,0.09,2005-01-01 00:00:00,2005-01-01 00:00:00,2005-01-01 00:00:00,1,Thursday
10382,S12_3891,Mini Gifts Distributors Ltd.,34,95.35,3241.9,Classic Cars,2005-02-17,Shipped,San Rafael,USA,0.09,2005-02-01 00:00:00,2005-01-01 00:00:00,2005-01-01 00:00:00,2,Thursday
10413,S12_3891,Gift Depot Inc.,22,100.0,3387.78,Classic Cars,2005-05-05,Shipped,Bridgewater,USA,0.09,2005-05-01 00:00:00,2005-04-01 00:00:00,2005-01-01 00:00:00,5,Thursday
10276,S12_3990,Online Mini Collectables,38,83.79,3184.02,Classic Cars,2004-08-02,Shipped,Brickhaven,USA,0.09,2004-08-01 00:00:00,2004-07-01 00:00:00,2004-01-01 00:00:00,8,Monday
10341,S12_3990,Salzburg Collectables,36,93.56,3368.16,Classic Cars,2004-11-24,Shipped,Salzburg,Austria,0.09,2004-11-01 00:00:00,2004-10-01 00:00:00,2004-01-01 00:00:00,11,Wednesday
10147,S12_4675,Collectables For Less Inc.,33,97.89,3230.37,Classic Cars,2003-09-05,Shipped,Brickhaven,USA,0.09,2003-09-01 00:00:00,2003-07-01 00:00:00,2003-01-01 00:00:00,9,Friday
10192,S18_1129,Online Diecast Creations Co.,22,100.0,3300.66,Classic Cars,2003-11-20,Shipped,Nashua,USA,0.09,2003-11-01 00:00:00,2003-10-01 00:00:00,2003-01-01 00:00:00,11,Thursday
10346,S18_1342,Signal Gift Stores,42,36.11,1516.62,Vintage Cars,2004-11-29,Shipped,Las Vegas,USA,0.09,2004-11-01 00:00:00,2004-10-01 00:00:00,2004-01-01 00:00:00,11,Monday
10227,S18_1367,"Saveley & Henriot, Co.",31,48.52,1504.12,Vintage Cars,2004-03-02,Shipped,Lyon,France,0.09,2004-03-01 00:00:00,2004-01-01 00:00:00,2004-01-01 00:00:00,3,Tuesday
10256,S18_1367,Danish Wholesale Imports,29,51.75,1500.75,Vintage Cars,2004-06-08,Shipped,Kobenhavn,Denmark,0.09,2004-06-01 00:00:00,2004-04-01 00:00:00,2004-01-01 00:00:00,6,Tuesday
10280,S18_1367,Amica Models & Co.,27,57.68,1557.36,Vintage Cars,2004-08-17,Shipped,Torino,Italy,0.09,2004-08-01 00:00:00,2004-07-01 00:00:00,2004-01-01 00:00:00,8,Tuesday
10356,S18_1367,Lyon Souveniers,22,72.41,1593.02,Vintage Cars,2004-12-09,Shipped,Paris,France,0.09,2004-12-01 00:00:00,2004-10-01 00:00:00,2004-01-01 00:00:00,12,Thursday
10301,S18_1589,"Norway Gifts By Mail, Co.",32,100.0,3424.64,Classic Cars,2003-10-05,Shipped,Oslo,Norway,0.09,2003-10-01 00:00:00,2003-10-01 00:00:00,2003-01-01 00:00:00,10,Sunday
10160,S18_1889,"Men 'R' US Retailers, Ltd.",38,88.55,3364.9,Classic Cars,2003-10-11,Shipped,Los Angeles,USA,0.09,2003-10-01 00:00:00,2003-10-01 00:00:00,2003-01-01 00:00:00,10,Saturday
10239,S18_1889,"Oulu Toy Supplies, Inc.",46,73.92,3400.32,Classic Cars,2004-04-12,Shipped,Oulu,Finland,0.09,2004-04-01 00:00:00,2004-04-01 00:00:00,2004-01-01 00:00:00,4,Monday
10261,S10_4757,Quebec Home Shopping Network,27,100.0,3378.24,Classic Cars,2004-06-17,Shipped,Montreal,Canada,0.09,2004-06-01 00:00:00,2004-04-01 00:00:00,2004-01-01 00:00:00,6,Thursday
10181,S18_1984,Herkku Gifts,21,100.0,3286.08,Classic Cars,2003-11-12,Shipped,Bergen,Norway,0.09,2003-11-01 00:00:00,2003-10-01 00:00:00,2003-01-01 00:00:00,11,Wednesday
10310,S18_1984,"Toms Spezialitten, Ltd",24,100.0,3448.08,Classic Cars,2004-10-16,Shipped,Koln,Germany,0.09,2004-10-01 00:00:00,2004-10-01 00:00:00,2004-01-01 00:00:00,10,Saturday
10342,S18_1984,"Australian Collectors, Co.",22,100.0,3160.74,Classic Cars,2004-11-24,Shipped,Melbourne,Australia,0.09,2004-11-01 00:00:00,2004-10-01 00:00:00,2004-01-01 00:00:00,11,Wednesday
10104,S18_2238,Euro Shopping Channel,24,100.0,3457.92,Classic Cars,2003-01-31,Shipped,Madrid,Spain,0.09,2003-01-01 00:00:00,2003-01-01 00:00:00,2003-01-01 00:00:00,1,Friday
10110,S18_2248,"AV Stores, Co.",32,50.25,1608.0,Vintage Cars,2003-03-18,Shipped,Manchester,UK,0.09,2003-03-01 00:00:00,2003-01-01 00:00:00,2003-01-01 00:00:00,3,Tuesday
10149,S18_2248,Signal Collectibles Ltd.,24,62.36,1496.64,Vintage Cars,2003-09-12,Shipped,Brisbane,USA,0.09,2003-09-01 00:00:00,2003-07-01 00:00:00,2003-01-01 00:00:00,9,Friday
10173,S18_2248,Rovelli Gifts,26,57.51,1495.26,Vintage Cars,2003-11-05,Shipped,Bergamo,Italy,0.09,2003-11-01 00:00:00,2003-10-01 00:00:00,2003-01-01 00:00:00,11,Wednesday
10204,S18_2248,Muscle Machine Inc,23,71.44,1643.12,Vintage Cars,2003-12-02,Shipped,NYC,USA,0.09,2003-12-01 00:00:00,2003-10-01 00:00:00,2003-01-01 00:00:00,12,Tuesday
10280,S18_2248,Amica Models & Co.,25,62.96,1574.0,Vintage Cars,2004-08-17,Shipped,Torino,Italy,0.09,2004-08-01 00:00:00,2004-07-01 00:00:00,2004-01-01 00:00:00,8,Tuesday
10285,S18_2625,Marta's Replicas Co.,20,49.06,981.2,Motorcycles,2004-08-27,Shipped,Cambridge,USA,0.09,2004-08-01 00:00:00,2004-07-01 00:00:00,2004-01-01 00:00:00,8,Friday
10109,S18_2870,Motor Mint Distributors Inc.,26,100.0,3157.44,Classic Cars,2003-03-10,Shipped,Philadelphia,USA,0.09,2003-03-01 00:00:00,2003-01-01 00:00:00,2003-01-01 00:00:00,3,Monday
10226,S18_2870,Collectable Mini Designs Co.,24,100.0,3231.36,Classic Cars,2004-02-26,Shipped,San Diego,USA,0.09,2004-02-01 00:00:00,2004-01-01 00:00:00,2004-01-01 00:00:00,2,Thursday
10301,S18_2870,"Norway Gifts By Mail, Co.",22,100.0,3223.44,Classic Cars,2003-10-05,Shipped,Oslo,Norway,0.09,2003-10-01 00:00:00,2003-10-01 00:00:00,2003-01-01 00:00:00,10,Sunday
10173,S18_2957,Rovelli Gifts,28,53.72,1504.16,Vintage Cars,2003-11-05,Shipped,Bergamo,Italy,0.09,2003-11-01 00:00:00,2003-10-01 00:00:00,2003-01-01 00:00:00,11,Wednesday
10304,S18_2957,Auto Assoc. & Cie.,24,64.96,1559.04,Vintage Cars,2004-10-11,Shipped,Versailles,France,0.09,2004-10-01 00:00:00,2004-10-01 00:00:00,2004-01-01 00:00:00,10,Monday
10324,S18_3232,Vitachrome Inc.,27,100.0,3155.49,Classic Cars,2004-11-05,Shipped,NYC,USA,0.09,2004-11-01 00:00:00,2004-10-01 00:00:00,2004-01-01 00:00:00,11,Friday
10135,S18_3278,Mini Gifts Distributors Ltd.,45,78.0,3510.0,Classic Cars,2003-07-02,Shipped,San Rafael,USA,0.09,2003-07-01 00:00:00,2003-07-01 00:00:00,2003-01-01 00:00:00,7,Wednesday
10319,S18_3278,Microscale Inc.,46,73.98,3403.08,Classic Cars,2004-11-03,Shipped,NYC,USA,0.09,2004-11-01 00:00:00,2004-10-01 00:00:00,2004-01-01 00:00:00,11,Wednesday
10181,S18_3482,Herkku Gifts,22,100.0,3395.48,Classic Cars,2003-11-12,Shipped,Bergen,Norway,0.09,2003-11-01 00:00:00,2003-10-01 00:00:00,2003-01-01 00:00:00,11,Wednesday
10180,S18_3782,Daedalus Designs Imports,21,50.36,1057.56,Motorcycles,2003-11-11,Shipped,Lille,France,0.09,2003-11-01 00:00:00,2003-10-01 00:00:00,2003-01-01 00:00:00,11,Tuesday
10127,S18_4027,Muscle Machine Inc,25,100.0,3447.0,Classic Cars,2003-06-03,Shipped,NYC,USA,0.09,2003-06-01 00:00:00,2003-04-01 00:00:00,2003-01-01 00:00:00,6,Tuesday
10165,S18_4027,"Dragon Souveniers, Ltd.",28,100.0,3337.6,Classic Cars,2003-10-22,Shipped,Singapore,Singapore,0.09,2003-10-01 00:00:00,2003-10-01 00:00:00,2003-01-01 00:00:00,10,Wednesday
10173,S18_4409,Rovelli Gifts,21,75.46,1584.66,Vintage Cars,2003-11-05,Shipped,Bergamo,Italy,0.09,2003-11-01 00:00:00,2003-10-01 00:00:00,2003-01-01 00:00:00,11,Wednesday
10229,S18_4668,Mini Gifts Distributors Ltd.,39,40.25,1569.75,Vintage Cars,2004-03-11,Shipped,San Rafael,USA,0.09,2004-03-01 00:00:00,2004-01-01 00:00:00,2004-01-01 00:00:00,3,Thursday
10204,S18_4933,Muscle Machine Inc,45,76.26,3431.7,Classic Cars,2003-12-02,Shipped,NYC,USA,0.09,2003-12-01 00:00:00,2003-10-01 00:00:00,2003-01-01 00:00:00,12,Tuesday
10332,S18_4933,"AV Stores, Co.",21,100.0,3472.98,Classic Cars,2004-11-17,Shipped,Manchester,UK,0.09,2004-11-01 00:00:00,2004-10-01 00:00:00,2004-01-01 00:00:00,11,Wednesday
10182,S24_1046,Mini Gifts Distributors Ltd.,47,74.22,3488.34,Classic Cars,2003-11-12,Shipped,San Rafael,USA,0.09,2003-11-01 00:00:00,2003-10-01 00:00:00,2003-01-01 00:00:00,11,Wednesday
10212,S24_1046,Euro Shopping Channel,41,82.31,3374.71,Classic Cars,2004-01-16,Shipped,Madrid,Spain,0.09,2004-01-01 00:00:00,2004-01-01 00:00:00,2004-01-01 00:00:00,1,Friday
10267,S24_1046,Muscle Machine Inc,40,80.1,3204.0,Classic Cars,2004-07-07,Shipped,NYC,USA,0.09,2004-07-01 00:00:00,2004-07-01 00:00:00,2004-01-01 00:00:00,7,Wednesday
10380,S24_1046,Euro Shopping Channel,34,100.0,3441.82,Classic Cars,2005-02-16,Shipped,Madrid,Spain,0.09,2005-02-01 00:00:00,2005-01-01 00:00:00,2005-01-01 00:00:00,2,Wednesday
10115,S24_1444,Classic Legends Inc.,47,69.36,3259.92,Classic Cars,2003-04-04,Shipped,NYC,USA,0.09,2003-04-01 00:00:00,2003-04-01 00:00:00,2003-01-01 00:00:00,4,Friday
10267,S24_2766,Muscle Machine Inc,38,87.24,3315.12,Classic Cars,2004-07-07,Shipped,NYC,USA,0.09,2004-07-01 00:00:00,2004-07-01 00:00:00,2004-01-01 00:00:00,7,Wednesday
10332,S24_2766,"AV Stores, Co.",39,86.72,3382.08,Classic Cars,2004-11-17,Shipped,Manchester,UK,0.09,2004-11-01 00:00:00,2004-10-01 00:00:00,2004-01-01 00:00:00,11,Wednesday
10324,S24_2840,Vitachrome Inc.,30,100.0,3338.1,Classic Cars,2004-11-05,Shipped,NYC,USA,0.09,2004-11-01 00:00:00,2004-10-01 00:00:00,2004-01-01 00:00:00,11,Friday
10106,S24_3420,Rovelli Gifts,31,52.6,1630.6,Vintage Cars,2003-02-17,Shipped,Bergamo,Italy,0.09,2003-02-01 00:00:00,2003-01-01 00:00:00,2003-01-01 00:00:00,2,Monday
10307,S24_3420,"Classic Gift Ideas, Inc",22,71.67,1576.74,Vintage Cars,2004-10-14,Shipped,Philadelphia,USA,0.09,2004-10-01 00:00:00,2004-10-01 00:00:00,2004-01-01 00:00:00,10,Thursday
10148,S24_3432,"Anna's Decorations, Ltd",27,100.0,3469.5,Classic Cars,2003-09-11,Shipped,North Sydney,Australia,0.09,2003-09-01 00:00:00,2003-07-01 00:00:00,2003-01-01 00:00:00,9,Thursday
10161,S24_3432,Heintze Collectables,30,100.0,3148.2,Classic Cars,2003-10-17,Shipped,Aaarhus,Denmark,0.09,2003-10-01 00:00:00,2003-10-01 00:00:00,2003-01-01 00:00:00,10,Friday
10278,S24_3856,Signal Gift Stores,25,100.0,3159.75,Classic Cars,2004-08-06,Shipped,Las Vegas,USA,0.09,2004-08-01 00:00:00,2004-07-01 00:00:00,2004-01-01 00:00:00,8,Friday
10110,S24_3969,"AV Stores, Co.",48,34.47,1654.56,Vintage Cars,2003-03-18,Shipped,Manchester,UK,0.09,2003-03-01 00:00:00,2003-01-01 00:00:00,2003-01-01 00:00:00,3,Tuesday
10124,S24_3969,Signal Gift Stores,46,33.23,1528.58,Vintage Cars,2003-05-21,Shipped,Las Vegas,USA,0.09,2003-05-01 00:00:00,2003-04-01 00:00:00,2003-01-01 00:00:00,5,Wednesday
10225,S24_4620,"Vida Sport, Ltd",46,70.33,3235.18,Classic Cars,2004-02-22,Shipped,Gensve,Switzerland,0.09,2004-02-01 00:00:00,2004-01-01 00:00:00,2004-01-01 00:00:00,2,Sunday
10252,S24_4620,Auto Canal Petit,38,87.31,3317.78,Classic Cars,2004-05-26,Shipped,Paris,France,0.09,2004-05-01 00:00:00,2004-04-01 00:00:00,2004-01-01 00:00:00,5,Wednesday
10169,S32_2206,"Anna's Decorations, Ltd",26,39.83,1035.58,Motorcycles,2003-11-04,Shipped,North Sydney,Australia,0.09,2003-11-01 00:00:00,2003-10-01 00:00:00,2003-01-01 00:00:00,11,Tuesday
10237,S32_2206,Vitachrome Inc.,26,40.23,1045.98,Motorcycles,2004-04-05,Shipped,NYC,USA,0.09,2004-04-01 00:00:00,2004-04-01 00:00:00,2004-01-01 00:00:00,4,Monday
10276,S32_2206,Online Mini Collectables,27,36.61,988.47,Motorcycles,2004-08-02,Shipped,Brickhaven,USA,0.09,2004-08-01 00:00:00,2004-07-01 00:00:00,2004-01-01 00:00:00,8,Monday
10299,S32_2206,"Toys of Finland, Co.",24,42.24,1013.76,Motorcycles,2004-09-30,Shipped,Helsinki,Finland,0.09,2004-09-01 00:00:00,2004-07-01 00:00:00,2004-01-01 00:00:00,9,Thursday
10106,S50_1341,Rovelli Gifts,39,40.15,1565.85,Vintage Cars,2003-02-17,Shipped,Bergamo,Italy,0.09,2003-02-01 00:00:00,2003-01-01 00:00:00,2003-01-01 00:00:00,2,Monday
10291,S700_2824,Scandinavian Gift Ideas,28,100.0,3256.96,Classic Cars,2004-09-08,Shipped,Boras,Sweden,0.09,2004-09-01 00:00:00,2004-07-01 00:00:00,2004-01-01 00:00:00,9,Wednesday
10390,S18_1129,Mini Gifts Distributors Ltd.,36,93.77,3375.72,Classic Cars,2005-03-04,Shipped,San Rafael,USA,0.09,2005-03-01 00:00:00,2005-01-01 00:00:00,2005-01-01 00:00:00,3,Friday
10394,S18_3232,Euro Shopping Channel,22,100.0,3353.02,Classic Cars,2005-03-15,Shipped,Madrid,Spain,0.09,2005-03-01 00:00:00,2005-01-01 00:00:00,2005-01-01 00:00:00,3,Tuesday
10214,S24_3969,"Corrida Auto Replicas, Ltd",44,34.88,1534.72,Vintage Cars,2004-01-26,Shipped,Madrid,Spain,0.09,2004-01-01 00:00:00,2004-01-01 00:00:00,2004-01-01 00:00:00,1,Monday
10412,S32_2509,Euro Shopping Channel,19,48.7,925.3,Trucks and Buses,2005-05-03,Shipped,Madrid,Spain,0.09,2005-05-01 00:00:00,2005-04-01 00:00:00,2005-01-01 00:00:00,5,Tuesday
10161,S18_2870,Heintze Collectables,23,100.0,3187.8,Classic Cars,2003-10-17,Shipped,Aaarhus,Denmark,0.09,2003-10-01 00:00:00,2003-10-01 00:00:00,2003-01-01 00:00:00,10,Friday
10378,S18_4721,Euro Shopping Channel,49,67.14,3289.86,Classic Cars,2005-02-10,Shipped,Madrid,Spain,0.09,2005-02-01 00:00:00,2005-01-01 00:00:00,2005-01-01 00:00:00,2,Thursday
10108,S12_3990,Cruz & Sons Co.,39,89.38,3485.82,Classic Cars,2003-03-03,Shipped,Makati City,Philippines,0.09,2003-03-01 00:00:00,2003-01-01 00:00:00,2003-01-01 00:00:00,3,Monday
10287,S18_1984,"Vida Sport, Ltd",24,100.0,3516.48,Classic Cars,2004-08-30,Shipped,Gensve,Switzerland,0.09,2004-08-01 00:00:00,2004-07-01 00:00:00,2004-01-01 00:00:00,8,Monday
10227,S24_3191,"Saveley & Henriot, Co.",40,79.62,3184.8,Classic Cars,2004-03-02,Shipped,Lyon,France,0.09,2004-03-01 00:00:00,2004-01-01 00:00:00,2004-01-01 00:00:00,3,Tuesday
10150,S18_2957,"Dragon Souveniers, Ltd.",30,49.97,1499.1,Vintage Cars,2003-09-19,Shipped,Singapore,Singapore,0.09,2003-09-01 00:00:00,2003-07-01 00:00:00,2003-01-01 00:00:00,9,Friday
10191,S18_3482,"Toms Spezialitten, Ltd",23,100.0,3414.58,Classic Cars,2003-11-20,Shipped,Koln,Germany,0.09,2003-11-01 00:00:00,2003-10-01 00:00:00,2003-01-01 00:00:00,11,Thursday
10110,S24_2766,"AV Stores, Co.",43,78.15,3360.45,Classic Cars,2003-03-18,Shipped,Manchester,UK,0.09,2003-03-01 00:00:00,2003-01-01 00:00:00,2003-01-01 00:00:00,3,Tuesday
10159,S24_3371,Corporate Gift Ideas Co.,50,69.8,3490.0,Classic Cars,2003-10-10,Shipped,San Francisco,USA,0.09,2003-10-01 00:00:00,2003-10-01 00:00:00,2003-01-01 00:00:00,10,Friday
10162,S24_2022,Corporate Gift Ideas Co.,43,36.29,1560.47,Vintage Cars,2003-10-18,Shipped,San Francisco,USA,0.09,2003-10-01 00:00:00,2003-10-01 00:00:00,2003-01-01 00:00:00,10,Saturday
10349,S24_4048,Muscle Machine Inc,23,100.0,3182.97,Classic Cars,2004-12-01,Shipped,NYC,USA,0.09,2004-12-01 00:00:00,2004-10-01 00:00:00,2004-01-01 00:00:00,12,Wednesday
10398,S32_4289,Reims Collectables,22,67.41,1483.02,Vintage Cars,2005-03-30,Shipped,Reims,France,0.09,2005-03-01 00:00:00,2005-01-01 00:00:00,2005-01-01 00:00:00,3,Wednesday
10416,S32_4289,L'ordine Souveniers,26,61.22,1591.72,Vintage Cars,2005-05-10,Shipped,Reggio Emilia,Italy,0.09,2005-05-01 00:00:00,2005-04-01 00:00:00,2005-01-01 00:00:00,5,Tuesday
10346,S24_3191,Signal Gift Stores,24,100.0,3325.92,Classic Cars,2004-11-29,Shipped,Las Vegas,USA,0.09,2004-11-01 00:00:00,2004-10-01 00:00:00,2004-01-01 00:00:00,11,Monday
10332,S18_3136,"AV Stores, Co.",40,39.8,1592.0,Vintage Cars,2004-11-17,Shipped,Manchester,UK,0.09,2004-11-01 00:00:00,2004-10-01 00:00:00,2004-01-01 00:00:00,11,Wednesday
10316,S50_1341,giftsbymail.co.uk,34,47.57,1617.38,Vintage Cars,2004-11-01,Shipped,Cowes,UK,0.09,2004-11-01 00:00:00,2004-10-01 00:00:00,2004-01-01 00:00:00,11,Monday
10291,S18_4668,Scandinavian Gift Ideas,29,51.82,1502.78,Vintage Cars,2004-09-08,Shipped,Boras,Sweden,0.09,2004-09-01 00:00:00,2004-07-01 00:00:00,2004-01-01 00:00:00,9,Wednesday
10144,S32_4289,Royale Belge,20,81.86,1637.2,Vintage Cars,2003-08-13,Shipped,Charleroi,Belgium,0.09,2003-08-01 00:00:00,2003-07-01 00:00:00,2003-01-01 00:00:00,8,Wednesday
10204,S24_3191,Muscle Machine Inc,40,79.62,3184.8,Classic Cars,2003-12-02,Shipped,NYC,USA,0.09,2003-12-01 00:00:00,2003-10-01 00:00:00,2003-01-01 00:00:00,12,Tuesday
10282,S18_2238,Mini Gifts Distributors Ltd.,23,100.0,3238.63,Classic Cars,2004-08-20,Shipped,San Rafael,USA,0.09,2004-08-01 00:00:00,2004-07-01 00:00:00,2004-01-01 00:00:00,8,Friday
10320,S18_3482,"Volvo Model Replicas, Co",25,100.0,3491.0,Classic Cars,2004-11-03,Shipped,Lule,Sweden,0.09,2004-11-01 00:00:00,2004-10-01 00:00:00,2004-01-01 00:00:00,11,Wednesday
10191,S18_3278,"Toms Spezialitten, Ltd",36,94.88,3415.68,Classic Cars,2003-11-20,Shipped,Koln,Germany,0.09,2003-11-01 00:00:00,2003-10-01 00:00:00,2003-01-01 00:00:00,11,Thursday
10350,S24_3816,Euro Shopping Channel,25,60.34,1508.5,Vintage Cars,2004-12-02,Shipped,Madrid,Spain,0.09,2004-12-01 00:00:00,2004-10-01 00:00:00,2004-01-01 00:00:00,12,Thursday
10383,S18_4522,Euro Shopping Channel,28,58.58,1640.24,Vintage Cars,2005-02-22,Shipped,Madrid,Spain,0.09,2005-02-01 00:00:00,2005-01-01 00:00:00,2005-01-01 00:00:00,2,Tuesday
10380,S24_3191,Euro Shopping Channel,44,79.06,3478.64,Classic Cars,2005-02-16,Shipped,Madrid,Spain,0.09,2005-02-01 00:00:00,2005-01-01 00:00:00,2005-01-01 00:00:00,2,Wednesday
10355,S18_3482,Euro Shopping Channel,23,100.0,3177.91,Classic Cars,2004-12-07,Shipped,Madrid,Spain,0.09,2004-12-01 00:00:00,2004-10-01 00:00:00,2004-01-01 00:00:00,12,Tuesday
10321,S24_3191,FunGiftIdeas.com,39,84.75,3305.25,Classic Cars,2004-11-04,Shipped,New Bedford,USA,0.09,2004-11-01 00:00:00,2004-10-01 00:00:00,2004-01-01 00:00:00,11,Thursday
10419,S18_1889,Salzburg Collectables,39,83.93,3273.27,Classic Cars,2005-05-17,Shipped,Salzburg,Austria,0.09,2005-05-01 00:00:00,2005-04-01 00:00:00,2005-01-01 00:00:00,5,Tuesday
10333,S10_1949,Mini Wheels Co.,26,100.0,3003.0,Classic Cars,2004-11-18,Shipped,San Francisco,USA,0.08,2004-11-01 00:00:00,2004-10-01 00:00:00,2004-01-01 00:00:00,11,Thursday
10182,S24_3191,Mini Gifts Distributors Ltd.,33,94.17,3107.61,Classic Cars,2003-11-12,Shipped,San Rafael,USA,0.08,2003-11-01 00:00:00,2003-10-01 00:00:00,2003-01-01 00:00:00,11,Wednesday
10325,S10_4757,Baane Mini Imports,47,64.93,3051.71,Classic Cars,2004-11-05,Shipped,Stavern,Norway,0.08,2004-11-01 00:00:00,2004-10-01 00:00:00,2004-01-01 00:00:00,11,Friday
10322,S10_4962,Online Diecast Creations Co.,46,61.99,2851.54,Classic Cars,2004-11-04,Shipped,Nashua,USA,0.08,2004-11-01 00:00:00,2004-10-01 00:00:00,2004-01-01 00:00:00,11,Thursday
10329,S12_1099,Land of Toys Inc.,41,71.47,2930.27,Classic Cars,2004-11-15,Shipped,NYC,USA,0.08,2004-11-01 00:00:00,2004-10-01 00:00:00,2004-01-01 00:00:00,11,Monday
10363,S12_1099,Suominen Souveniers,33,85.39,2817.87,Classic Cars,2005-01-06,Shipped,Espoo,Finland,0.08,2005-01-01 00:00:00,2005-01-01 00:00:00,2005-01-01 00:00:00,1,Thursday
10208,S12_3148,"Saveley & Henriot, Co.",26,100.0,3142.36,Classic Cars,2004-01-02,Shipped,Lyon,France,0.08,2004-01-01 00:00:00,2004-01-01 00:00:00,2004-01-01 00:00:00,1,Friday
10181,S12_3380,Herkku Gifts,28,100.0,2860.76,Classic Cars,2003-11-12,Shipped,Bergen,Norway,0.08,2003-11-01 00:00:00,2003-10-01 00:00:00,2003-01-01 00:00:00,11,Wednesday
10310,S12_3380,"Toms Spezialitten, Ltd",24,100.0,3100.32,Classic Cars,2004-10-16,Shipped,Koln,Germany,0.08,2004-10-01 00:00:00,2004-10-01 00:00:00,2004-01-01 00:00:00,10,Saturday
10208,S12_3891,"Saveley & Henriot, Co.",20,100.0,3114.4,Classic Cars,2004-01-02,Shipped,Lyon,France,0.08,2004-01-01 00:00:00,2004-01-01 00:00:00,2004-01-01 00:00:00,1,Friday
10336,S12_3891,"La Corne D'abondance, Co.",49,63.38,3105.62,Classic Cars,2004-11-20,Shipped,Paris,France,0.08,2004-11-01 00:00:00,2004-10-01 00:00:00,2004-01-01 00:00:00,11,Saturday
10359,S12_3891,Reims Collectables,49,62.09,3042.41,Classic Cars,2004-12-15,Shipped,Reims,France,0.08,2004-12-01 00:00:00,2004-10-01 00:00:00,2004-01-01 00:00:00,12,Wednesday
10225,S12_3990,"Vida Sport, Ltd",37,77.41,2864.17,Classic Cars,2004-02-22,Shipped,Gensve,Switzerland,0.08,2004-02-01 00:00:00,2004-01-01 00:00:00,2004-01-01 00:00:00,2,Sunday
10287,S12_3990,"Vida Sport, Ltd",41,69.43,2846.63,Classic Cars,2004-08-30,Shipped,Gensve,Switzerland,0.08,2004-08-01 00:00:00,2004-07-01 00:00:00,2004-01-01 00:00:00,8,Monday
10320,S12_3990,"Volvo Model Replicas, Co",38,73.42,2789.96,Classic Cars,2004-11-03,Shipped,Lule,Sweden,0.08,2004-11-01 00:00:00,2004-10-01 00:00:00,2004-01-01 00:00:00,11,Wednesday
10419,S12_3990,Salzburg Collectables,34,90.17,3065.78,Classic Cars,2005-05-17,Shipped,Salzburg,Austria,0.08,2005-05-01 00:00:00,2005-04-01 00:00:00,2005-01-01 00:00:00,5,Tuesday
10135,S12_4675,Mini Gifts Distributors Ltd.,29,97.89,2838.81,Classic Cars,2003-07-02,Shipped,San Rafael,USA,0.08,2003-07-01 00:00:00,2003-07-01 00:00:00,2003-01-01 00:00:00,7,Wednesday
10277,S12_4675,"Dragon Souveniers, Ltd.",28,100.0,3127.88,Classic Cars,2004-08-04,Shipped,Singapore,Singapore,0.08,2004-08-01 00:00:00,2004-07-01 00:00:00,2004-01-01 00:00:00,8,Wednesday
10321,S12_4675,FunGiftIdeas.com,24,100.0,2984.88,Classic Cars,2004-11-04,Shipped,New Bedford,USA,0.08,2004-11-01 00:00:00,2004-10-01 00:00:00,2004-01-01 00:00:00,11,Thursday
10289,S18_1367,Herkku Gifts,24,56.07,1345.68,Vintage Cars,2004-09-03,Shipped,Bergen,Norway,0.08,2004-09-01 00:00:00,2004-07-01 00:00:00,2004-01-01 00:00:00,9,Friday
10381,S18_1367,Corporate Gift Ideas Co.,25,52.83,1320.75,Vintage Cars,2005-02-17,Shipped,San Francisco,USA,0.08,2005-02-01 00:00:00,2005-01-01 00:00:00,2005-01-01 00:00:00,2,Thursday
10123,S18_1589,Atelier graphique,26,100.0,3073.72,Classic Cars,2003-05-20,Shipped,Nantes,France,0.08,2003-05-01 00:00:00,2003-04-01 00:00:00,2003-01-01 00:00:00,5,Tuesday
10288,S18_1589,Handji Gifts& Co,20,100.0,2936.8,Classic Cars,2004-09-01,Shipped,Singapore,Singapore,0.08,2004-09-01 00:00:00,2004-07-01 00:00:00,2004-01-01 00:00:00,9,Wednesday
10283,S10_4757,"Royal Canadian Collectables, Ltd.",25,100.0,2992.0,Classic Cars,2004-08-20,Shipped,Tsawassen,Canada,0.08,2004-08-01 00:00:00,2004-07-01 00:00:00,2004-01-01 00:00:00,8,Friday
10108,S18_1889,Cruz & Sons Co.,38,82.39,3130.82,Classic Cars,2003-03-03,Shipped,Makati City,Philippines,0.08,2003-03-01 00:00:00,2003-01-01 00:00:00,2003-01-01 00:00:00,3,Monday
10122,S18_1889,Marseille Mini Autos,43,72.38,3112.34,Classic Cars,2003-05-08,Shipped,Marseille,France,0.08,2003-05-01 00:00:00,2003-04-01 00:00:00,2003-01-01 00:00:00,5,Thursday
10225,S18_1889,"Vida Sport, Ltd",47,64.68,3039.96,Classic Cars,2004-02-22,Shipped,Gensve,Switzerland,0.08,2004-02-01 00:00:00,2004-01-01 00:00:00,2004-01-01 00:00:00,2,Sunday
10321,S18_1889,FunGiftIdeas.com,37,78.54,2905.98,Classic Cars,2004-11-04,Shipped,New Bedford,USA,0.08,2004-11-01 00:00:00,2004-10-01 00:00:00,2004-01-01 00:00:00,11,Thursday
10329,S18_1889,Land of Toys Inc.,29,100.0,2954.81,Classic Cars,2004-11-15,Shipped,NYC,USA,0.08,2004-11-01 00:00:00,2004-10-01 00:00:00,2004-01-01 00:00:00,11,Monday
10214,S18_2248,"Corrida Auto Replicas, Ltd",21,62.96,1322.16,Vintage Cars,2004-01-26,Shipped,Madrid,Spain,0.08,2004-01-01 00:00:00,2004-01-01 00:00:00,2004-01-01 00:00:00,1,Monday
10227,S18_2248,"Saveley & Henriot, Co.",28,50.85,1423.8,Vintage Cars,2004-03-02,Shipped,Lyon,France,0.08,2004-03-01 00:00:00,2004-01-01 00:00:00,2004-01-01 00:00:00,3,Tuesday
10379,S18_2248,Euro Shopping Channel,27,49.3,1331.1,Vintage Cars,2005-02-10,Shipped,Madrid,Spain,0.08,2005-02-01 00:00:00,2005-01-01 00:00:00,2005-01-01 00:00:00,2,Thursday
10266,S18_2870,L'ordine Souveniers,20,100.0,2824.8,Classic Cars,2004-07-06,Shipped,Reggio Emilia,Italy,0.08,2004-07-01 00:00:00,2004-07-01 00:00:00,2004-01-01 00:00:00,7,Tuesday
10321,S18_2870,FunGiftIdeas.com,27,100.0,2851.2,Classic Cars,2004-11-04,Shipped,New Bedford,USA,0.08,2004-11-01 00:00:00,2004-10-01 00:00:00,2004-01-01 00:00:00,11,Thursday
10244,S18_2957,Euro Shopping Channel,24,58.09,1394.16,Vintage Cars,2004-04-29,Shipped,Madrid,Spain,0.08,2004-04-01 00:00:00,2004-04-01 00:00:00,2004-01-01 00:00:00,4,Thursday
10383,S18_3140,Euro Shopping Channel,24,61.52,1476.48,Vintage Cars,2005-02-22,Shipped,Madrid,Spain,0.08,2005-02-01 00:00:00,2005-01-01 00:00:00,2005-01-01 00:00:00,2,Tuesday
10292,S18_3232,Land of Toys Inc.,21,100.0,2844.87,Classic Cars,2004-09-08,Shipped,NYC,USA,0.08,2004-09-01 00:00:00,2004-07-01 00:00:00,2004-01-01 00:00:00,9,Wednesday
10358,S18_3232,Euro Shopping Channel,32,93.49,2991.68,Classic Cars,2004-12-10,Shipped,Madrid,Spain,0.08,2004-12-01 00:00:00,2004-10-01 00:00:00,2004-01-01 00:00:00,12,Friday
10147,S18_3278,Collectables For Less Inc.,36,86.04,3097.44,Classic Cars,2003-09-05,Shipped,Brickhaven,USA,0.08,2003-09-01 00:00:00,2003-07-01 00:00:00,2003-01-01 00:00:00,9,Friday
10287,S18_3278,"Vida Sport, Ltd",43,70.76,3042.68,Classic Cars,2004-08-30,Shipped,Gensve,Switzerland,0.08,2004-08-01 00:00:00,2004-07-01 00:00:00,2004-01-01 00:00:00,8,Monday
10117,S18_4027,"Dragon Souveniers, Ltd.",22,100.0,2780.58,Classic Cars,2003-04-16,Shipped,Singapore,Singapore,0.08,2003-04-01 00:00:00,2003-04-01 00:00:00,2003-01-01 00:00:00,4,Wednesday
10173,S18_4933,Rovelli Gifts,39,71.98,2807.22,Classic Cars,2003-11-05,Shipped,Bergamo,Italy,0.08,2003-11-01 00:00:00,2003-10-01 00:00:00,2003-01-01 00:00:00,11,Wednesday
10182,S18_4933,Mini Gifts Distributors Ltd.,44,69.84,3072.96,Classic Cars,2003-11-12,Shipped,San Rafael,USA,0.08,2003-11-01 00:00:00,2003-10-01 00:00:00,2003-01-01 00:00:00,11,Wednesday
10110,S24_1046,"AV Stores, Co.",36,85.25,3069.0,Classic Cars,2003-03-18,Shipped,Manchester,UK,0.08,2003-03-01 00:00:00,2003-01-01 00:00:00,2003-01-01 00:00:00,3,Tuesday
10123,S24_1628,Atelier graphique,50,59.87,2993.5,Classic Cars,2003-05-20,Shipped,Nantes,France,0.08,2003-05-01 00:00:00,2003-04-01 00:00:00,2003-01-01 00:00:00,5,Tuesday
10182,S24_1937,Mini Gifts Distributors Ltd.,39,36.84,1436.76,Vintage Cars,2003-11-12,Shipped,San Rafael,USA,0.08,2003-11-01 00:00:00,2003-10-01 00:00:00,2003-01-01 00:00:00,11,Wednesday
10288,S24_2766,Handji Gifts& Co,35,80.87,2830.45,Classic Cars,2004-09-01,Shipped,Singapore,Singapore,0.08,2004-09-01 00:00:00,2004-07-01 00:00:00,2004-01-01 00:00:00,9,Wednesday
10346,S24_2766,Signal Gift Stores,25,100.0,2876.75,Classic Cars,2004-11-29,Shipped,Las Vegas,USA,0.08,2004-11-01 00:00:00,2004-10-01 00:00:00,2004-01-01 00:00:00,11,Monday
10358,S24_2840,Euro Shopping Channel,36,82.94,2985.84,Classic Cars,2004-12-10,Shipped,Madrid,Spain,0.08,2004-12-01 00:00:00,2004-10-01 00:00:00,2004-01-01 00:00:00,12,Friday
10331,S24_3371,Motor Mint Distributors Inc.,25,100.0,3078.5,Classic Cars,2004-11-17,Shipped,Philadelphia,USA,0.08,2004-11-01 00:00:00,2004-10-01 00:00:00,2004-01-01 00:00:00,11,Wednesday
10342,S24_3371,"Australian Collectors, Co.",48,62.45,2997.6,Classic Cars,2004-11-24,Shipped,Melbourne,Australia,0.08,2004-11-01 00:00:00,2004-10-01 00:00:00,2004-01-01 00:00:00,11,Wednesday
10419,S24_3371,Salzburg Collectables,55,52.66,2896.3,Classic Cars,2005-05-17,Shipped,Salzburg,Austria,0.08,2005-05-01 00:00:00,2005-04-01 00:00:00,2005-01-01 00:00:00,5,Tuesday
10119,S24_3420,Salzburg Collectables,20,72.98,1459.6,Vintage Cars,2003-04-28,Shipped,Salzburg,Austria,0.08,2003-04-01 00:00:00,2003-04-01 00:00:00,2003-01-01 00:00:00,4,Monday
10186,S24_3420,"Double Decker Gift Stores, Ltd",21,69.04,1449.84,Vintage Cars,2003-11-14,Shipped,London,UK,0.08,2003-11-01 00:00:00,2003-10-01 00:00:00,2003-01-01 00:00:00,11,Friday
10328,S24_3420,Rovelli Gifts,20,72.98,1459.6,Vintage Cars,2004-11-12,Shipped,Bergamo,Italy,0.08,2004-11-01 00:00:00,2004-10-01 00:00:00,2004-01-01 00:00:00,11,Friday
10331,S24_3856,Motor Mint Distributors Inc.,21,100.0,3135.93,Classic Cars,2004-11-17,Shipped,Philadelphia,USA,0.08,2004-11-01 00:00:00,2004-10-01 00:00:00,2004-01-01 00:00:00,11,Wednesday
10363,S24_3856,Suominen Souveniers,31,94.58,2931.98,Classic Cars,2005-01-06,Shipped,Espoo,Finland,0.08,2005-01-01 00:00:00,2005-01-01 00:00:00,2005-01-01 00:00:00,1,Thursday
10162,S24_3969,Corporate Gift Ideas Co.,37,38.98,1442.26,Vintage Cars,2003-10-18,Shipped,San Francisco,USA,0.08,2003-10-01 00:00:00,2003-10-01 00:00:00,2003-01-01 00:00:00,10,Saturday
10191,S24_4620,"Toms Spezialitten, Ltd",44,66.29,2916.76,Classic Cars,2003-11-20,Shipped,Koln,Germany,0.08,2003-11-01 00:00:00,2003-10-01 00:00:00,2003-01-01 00:00:00,11,Thursday
10133,S50_1341,Euro Shopping Channel,27,50.19,1355.13,Vintage Cars,2003-06-27,Shipped,Madrid,Spain,0.08,2003-06-01 00:00:00,2003-04-01 00:00:00,2003-01-01 00:00:00,6,Friday
10235,S50_1341,"Royal Canadian Collectables, Ltd.",41,35.35,1449.35,Vintage Cars,2004-04-02,Shipped,Tsawassen,Canada,0.08,2004-04-01 00:00:00,2004-04-01 00:00:00,2004-01-01 00:00:00,4,Friday
10313,S700_2824,Canadian Gift Exchange Network,30,99.13,2973.9,Classic Cars,2004-10-22,Shipped,Vancouver,Canada,0.08,2004-10-01 00:00:00,2004-10-01 00:00:00,2004-01-01 00:00:00,10,Friday
10203,S18_3278,Euro Shopping Channel,33,86.04,2839.32,Classic Cars,2003-12-02,Shipped,Madrid,Spain,0.08,2003-12-01 00:00:00,2003-10-01 00:00:00,2003-01-01 00:00:00,12,Tuesday
10288,S24_3969,Handji Gifts& Co,33,40.62,1340.46,Vintage Cars,2004-09-01,Shipped,Singapore,Singapore,0.08,2004-09-01 00:00:00,2004-07-01 00:00:00,2004-01-01 00:00:00,9,Wednesday
10300,S12_4675,"Blauer See Auto, Co.",23,100.0,2807.61,Classic Cars,2003-10-04,Shipped,Frankfurt,Germany,0.08,2003-10-01 00:00:00,2003-10-01 00:00:00,2003-01-01 00:00:00,10,Saturday
10215,S18_1367,West Coast Collectables Co.,33,43.13,1423.29,Vintage Cars,2004-01-29,Shipped,Burbank,USA,0.08,2004-01-01 00:00:00,2004-01-01 00:00:00,2004-01-01 00:00:00,1,Thursday
10152,S24_4048,"Australian Gift Network, Co",23,100.0,2802.09,Classic Cars,2003-09-25,Shipped,South Brisbane,Australia,0.08,2003-09-01 00:00:00,2003-07-01 00:00:00,2003-01-01 00:00:00,9,Thursday
10176,S24_4048,L'ordine Souveniers,29,100.0,2915.66,Classic Cars,2003-11-06,Shipped,Reggio Emilia,Italy,0.08,2003-11-01 00:00:00,2003-10-01 00:00:00,2003-01-01 00:00:00,11,Thursday
10343,S24_4620,Reims Collectables,30,100.0,3098.7,Classic Cars,2004-11-24,Shipped,Reims,France,0.08,2004-11-01 00:00:00,2004-10-01 00:00:00,2004-01-01 00:00:00,11,Wednesday
10213,S24_2887,"Double Decker Gift Stores, Ltd",27,100.0,2790.45,Classic Cars,2004-01-22,Shipped,London,UK,0.08,2004-01-01 00:00:00,2004-01-01 00:00:00,2004-01-01 00:00:00,1,Thursday
10316,S32_4289,giftsbymail.co.uk,24,59.16,1419.84,Vintage Cars,2004-11-01,Shipped,Cowes,UK,0.08,2004-11-01 00:00:00,2004-10-01 00:00:00,2004-01-01 00:00:00,11,Monday
10266,S24_3856,L'ordine Souveniers,24,100.0,2932.08,Classic Cars,2004-07-06,Shipped,Reggio Emilia,Italy,0.08,2004-07-01 00:00:00,2004-07-01 00:00:00,2004-01-01 00:00:00,7,Tuesday
10391,S18_2949,"Anna's Decorations, Ltd",32,45.25,1448.0,Vintage Cars,2005-03-09,Shipped,North Sydney,Australia,0.08,2005-03-01 00:00:00,2005-01-01 00:00:00,2005-01-01 00:00:00,3,Wednesday
10101,S24_1937,"Blauer See Auto, Co.",45,31.2,1404.0,Vintage Cars,2003-01-09,Shipped,Frankfurt,Germany,0.08,2003-01-01 00:00:00,2003-01-01 00:00:00,2003-01-01 00:00:00,1,Thursday
10271,S24_1444,Mini Gifts Distributors Ltd.,45,64.74,2913.3,Classic Cars,2004-07-20,Shipped,San Rafael,USA,0.08,2004-07-01 00:00:00,2004-07-01 00:00:00,2004-01-01 00:00:00,7,Tuesday
10238,S18_3278,Danish Wholesale Imports,41,73.17,2999.97,Classic Cars,2004-04-09,Shipped,Kobenhavn,Denmark,0.08,2004-04-01 00:00:00,2004-04-01 00:00:00,2004-01-01 00:00:00,4,Friday
10238,S24_3371,Danish Wholesale Imports,47,62.45,2935.15,Classic Cars,2004-04-09,Shipped,Kobenhavn,Denmark,0.08,2004-04-01 00:00:00,2004-04-01 00:00:00,2004-01-01 00:00:00,4,Friday
10207,S24_4048,Diecast Collectables,28,100.0,2980.6,Classic Cars,2003-12-09,Shipped,Boston,USA,0.08,2003-12-01 00:00:00,2003-10-01 00:00:00,2003-01-01 00:00:00,12,Tuesday
10195,S24_1444,Mini Classics,44,66.47,2924.68,Classic Cars,2003-11-25,Shipped,White Plains,USA,0.08,2003-11-01 00:00:00,2003-10-01 00:00:00,2003-01-01 00:00:00,11,Tuesday
10192,S24_2887,Online Diecast Creations Co.,23,100.0,3052.33,Classic Cars,2003-11-20,Shipped,Nashua,USA,0.08,2003-11-01 00:00:00,2003-10-01 00:00:00,2003-01-01 00:00:00,11,Thursday
10147,S24_3856,Collectables For Less Inc.,23,100.0,2906.97,Classic Cars,2003-09-05,Shipped,Brickhaven,USA,0.08,2003-09-01 00:00:00,2003-07-01 00:00:00,2003-01-01 00:00:00,9,Friday
10223,S32_4289,"Australian Collectors, Co.",20,66.04,1320.8,Vintage Cars,2004-02-20,Shipped,Melbourne,Australia,0.08,2004-02-01 00:00:00,2004-01-01 00:00:00,2004-01-01 00:00:00,2,Friday
10266,S24_3371,L'ordine Souveniers,47,62.45,2935.15,Classic Cars,2004-07-06,Shipped,Reggio Emilia,Italy,0.08,2004-07-01 00:00:00,2004-07-01 00:00:00,2004-01-01 00:00:00,7,Tuesday
10104,S24_4048,Euro Shopping Channel,26,100.0,2921.62,Classic Cars,2003-01-31,Shipped,Madrid,Spain,0.08,2003-01-01 00:00:00,2003-01-01 00:00:00,2003-01-01 00:00:00,1,Friday
10139,S18_2957,Souveniers And Things Co.,20,71.2,1424.0,Vintage Cars,2003-07-16,Shipped,Chatswood,Australia,0.08,2003-07-01 00:00:00,2003-07-01 00:00:00,2003-01-01 00:00:00,7,Wednesday
10280,S24_3969,Amica Models & Co.,33,41.85,1381.05,Vintage Cars,2004-08-17,Shipped,Torino,Italy,0.08,2004-08-01 00:00:00,2004-07-01 00:00:00,2004-01-01 00:00:00,8,Tuesday
10271,S24_4048,Mini Gifts Distributors Ltd.,22,100.0,3070.54,Classic Cars,2004-07-20,Shipped,San Rafael,USA,0.08,2004-07-01 00:00:00,2004-07-01 00:00:00,2004-01-01 00:00:00,7,Tuesday
10191,S24_3371,"Toms Spezialitten, Ltd",48,60.01,2880.48,Classic Cars,2003-11-20,Shipped,Koln,Germany,0.08,2003-11-01 00:00:00,2003-10-01 00:00:00,2003-01-01 00:00:00,11,Thursday
10305,S24_1444,Marta's Replicas Co.,45,61.85,2783.25,Classic Cars,2004-10-13,Shipped,Cambridge,USA,0.08,2004-10-01 00:00:00,2004-10-01 00:00:00,2004-01-01 00:00:00,10,Wednesday
10311,S18_1589,Euro Shopping Channel,29,100.0,2923.2,Classic Cars,2004-10-16,Shipped,Madrid,Spain,0.08,2004-10-01 00:00:00,2004-10-01 00:00:00,2004-01-01 00:00:00,10,Saturday
10391,S10_1949,"Anna's Decorations, Ltd",24,100.0,2416.56,Classic Cars,2005-03-09,Shipped,North Sydney,Australia,0.07,2005-03-01 00:00:00,2005-01-01 00:00:00,2005-01-01 00:00:00,3,Wednesday
10299,S24_4620,"Toys of Finland, Co.",32,80.84,2586.88,Classic Cars,2004-09-30,Shipped,Helsinki,Finland,0.07,2004-09-01 00:00:00,2004-07-01 00:00:00,2004-01-01 00:00:00,9,Thursday
10359,S10_4757,Reims Collectables,48,54.68,2624.64,Classic Cars,2004-12-15,Shipped,Reims,France,0.07,2004-12-01 00:00:00,2004-10-01 00:00:00,2004-01-01 00:00:00,12,Wednesday
10389,S12_1099,Scandinavian Gift Ideas,26,99.04,2575.04,Classic Cars,2005-03-03,Shipped,Boras,Sweden,0.07,2005-03-01 00:00:00,2005-01-01 00:00:00,2005-01-01 00:00:00,3,Thursday
10325,S12_1108,Baane Mini Imports,42,64.0,2688.0,Classic Cars,2004-11-05,Shipped,Stavern,Norway,0.07,2004-11-01 00:00:00,2004-10-01 00:00:00,2004-01-01 00:00:00,11,Friday
10348,S12_1108,"Corrida Auto Replicas, Ltd",48,52.36,2513.28,Classic Cars,2004-11-01,Shipped,Madrid,Spain,0.07,2004-11-01 00:00:00,2004-10-01 00:00:00,2004-01-01 00:00:00,11,Monday
10358,S12_3148,Euro Shopping Channel,49,55.34,2711.66,Classic Cars,2004-12-10,Shipped,Madrid,Spain,0.07,2004-12-01 00:00:00,2004-10-01 00:00:00,2004-01-01 00:00:00,12,Friday
10225,S12_3380,"Vida Sport, Ltd",25,99.82,2495.5,Classic Cars,2004-02-22,Shipped,Gensve,Switzerland,0.07,2004-02-01 00:00:00,2004-01-01 00:00:00,2004-01-01 00:00:00,2,Sunday
10266,S12_3380,L'ordine Souveniers,22,100.0,2454.54,Classic Cars,2004-07-06,Shipped,Reggio Emilia,Italy,0.07,2004-07-01 00:00:00,2004-07-01 00:00:00,2004-01-01 00:00:00,7,Tuesday
10325,S12_3891,Baane Mini Imports,24,100.0,2583.6,Classic Cars,2004-11-05,Shipped,Stavern,Norway,0.07,2004-11-01 00:00:00,2004-10-01 00:00:00,2004-01-01 00:00:00,11,Friday
10211,S12_3990,Auto Canal Petit,28,92.57,2591.96,Classic Cars,2004-01-15,Shipped,Paris,France,0.07,2004-01-01 00:00:00,2004-01-01 00:00:00,2004-01-01 00:00:00,1,Thursday
10266,S12_3990,L'ordine Souveniers,35,76.61,2681.35,Classic Cars,2004-07-06,Shipped,Reggio Emilia,Italy,0.07,2004-07-01 00:00:00,2004-07-01 00:00:00,2004-01-01 00:00:00,7,Tuesday
10363,S12_3990,Suominen Souveniers,34,81.62,2775.08,Classic Cars,2005-01-06,Shipped,Espoo,Finland,0.07,2005-01-01 00:00:00,2005-01-01 00:00:00,2005-01-01 00:00:00,1,Thursday
10389,S12_3990,Scandinavian Gift Ideas,36,70.26,2529.36,Classic Cars,2005-03-03,Shipped,Boras,Sweden,0.07,2005-03-01 00:00:00,2005-01-01 00:00:00,2005-01-01 00:00:00,3,Thursday
10225,S12_4675,"Vida Sport, Ltd",21,100.0,2684.43,Classic Cars,2004-02-22,Shipped,Gensve,Switzerland,0.07,2004-02-01 00:00:00,2004-01-01 00:00:00,2004-01-01 00:00:00,2,Sunday
10310,S12_4675,"Toms Spezialitten, Ltd",25,100.0,2504.75,Classic Cars,2004-10-16,Shipped,Koln,Germany,0.07,2004-10-01 00:00:00,2004-10-01 00:00:00,2004-01-01 00:00:00,10,Saturday
10329,S12_4675,Land of Toys Inc.,39,64.74,2524.86,Classic Cars,2004-11-15,Shipped,NYC,USA,0.07,2004-11-01 00:00:00,2004-10-01 00:00:00,2004-01-01 00:00:00,11,Monday
10266,S18_1129,L'ordine Souveniers,21,100.0,2526.51,Classic Cars,2004-07-06,Shipped,Reggio Emilia,Italy,0.07,2004-07-01 00:00:00,2004-07-01 00:00:00,2004-01-01 00:00:00,7,Tuesday
10365,S18_1129,Mini Creations Ltd.,30,87.06,2611.8,Classic Cars,2005-01-07,Shipped,New Bedford,USA,0.07,2005-01-01 00:00:00,2005-01-01 00:00:00,2005-01-01 00:00:00,1,Friday
10244,S18_1367,Euro Shopping Channel,20,58.22,1164.4,Vintage Cars,2004-04-29,Shipped,Madrid,Spain,0.07,2004-04-01 00:00:00,2004-04-01 00:00:00,2004-01-01 00:00:00,4,Thursday
10347,S18_1367,"Australian Collectors, Co.",21,58.95,1237.95,Vintage Cars,2004-11-29,Shipped,Melbourne,Australia,0.07,2004-11-01 00:00:00,2004-10-01 00:00:00,2004-01-01 00:00:00,11,Monday
10307,S10_4757,"Classic Gift Ideas, Inc",22,100.0,2692.8,Classic Cars,2004-10-14,Shipped,Philadelphia,USA,0.07,2004-10-01 00:00:00,2004-10-01 00:00:00,2004-01-01 00:00:00,10,Thursday
10278,S18_1589,Signal Gift Stores,23,100.0,2604.52,Classic Cars,2004-08-06,Shipped,Las Vegas,USA,0.07,2004-08-01 00:00:00,2004-07-01 00:00:00,2004-01-01 00:00:00,8,Friday
10266,S18_1889,L'ordine Souveniers,33,74.69,2464.77,Classic Cars,2004-07-06,Shipped,Reggio Emilia,Italy,0.07,2004-07-01 00:00:00,2004-07-01 00:00:00,2004-01-01 00:00:00,7,Tuesday
10278,S18_1889,Signal Gift Stores,29,90.86,2634.94,Classic Cars,2004-08-06,Shipped,Las Vegas,USA,0.07,2004-08-01 00:00:00,2004-07-01 00:00:00,2004-01-01 00:00:00,8,Friday
10358,S18_2238,Euro Shopping Channel,20,100.0,2428.0,Classic Cars,2004-12-10,Shipped,Madrid,Spain,0.07,2004-12-01 00:00:00,2004-10-01 00:00:00,2004-01-01 00:00:00,12,Friday
10371,S18_2238,Mini Gifts Distributors Ltd.,25,100.0,2602.25,Classic Cars,2005-01-23,Shipped,San Rafael,USA,0.07,2005-01-01 00:00:00,2005-01-01 00:00:00,2005-01-01 00:00:00,1,Sunday
10358,S18_2319,Euro Shopping Channel,20,36.42,728.4,Trucks and Buses,2004-12-10,Shipped,Madrid,Spain,0.07,2004-12-01 00:00:00,2004-10-01 00:00:00,2004-01-01 00:00:00,12,Friday
10332,S18_2795,"AV Stores, Co.",24,52.67,1264.08,Vintage Cars,2004-11-17,Shipped,Manchester,UK,0.07,2004-11-01 00:00:00,2004-10-01 00:00:00,2004-01-01 00:00:00,11,Wednesday
10193,S18_2957,"Australian Collectables, Ltd",24,51.84,1244.16,Vintage Cars,2003-11-21,Shipped,Glen Waverly,Australia,0.07,2003-11-01 00:00:00,2003-10-01 00:00:00,2003-01-01 00:00:00,11,Friday
10322,S18_2957,Online Diecast Creations Co.,41,29.87,1224.67,Vintage Cars,2004-11-04,Shipped,Nashua,USA,0.07,2004-11-01 00:00:00,2004-10-01 00:00:00,2004-01-01 00:00:00,11,Thursday
10369,S18_2957,Collectables For Less Inc.,28,44.21,1237.88,Vintage Cars,2005-01-20,Shipped,Brickhaven,USA,0.07,2005-01-01 00:00:00,2005-01-01 00:00:00,2005-01-01 00:00:00,1,Thursday
10276,S18_3278,Online Mini Collectables,38,69.96,2658.48,Classic Cars,2004-08-02,Shipped,Brickhaven,USA,0.07,2004-08-01 00:00:00,2004-07-01 00:00:00,2004-01-01 00:00:00,8,Monday
10363,S18_3278,Suominen Souveniers,46,60.3,2773.8,Classic Cars,2005-01-06,Shipped,Espoo,Finland,0.07,2005-01-01 00:00:00,2005-01-01 00:00:00,2005-01-01 00:00:00,1,Thursday
10378,S18_3278,Euro Shopping Channel,22,100.0,2464.0,Classic Cars,2005-02-10,Shipped,Madrid,Spain,0.07,2005-02-01 00:00:00,2005-01-01 00:00:00,2005-01-01 00:00:00,2,Thursday
10122,S18_3482,Marseille Mini Autos,21,100.0,2469.39,Classic Cars,2003-05-08,Shipped,Marseille,France,0.07,2003-05-01 00:00:00,2003-04-01 00:00:00,2003-01-01 00:00:00,5,Thursday
10358,S18_4027,Euro Shopping Channel,25,100.0,2528.25,Classic Cars,2004-12-10,Shipped,Madrid,Spain,0.07,2004-12-01 00:00:00,2004-10-01 00:00:00,2004-01-01 00:00:00,12,Friday
10140,S18_4668,Technics Stores Inc.,29,43.27,1254.83,Vintage Cars,2003-07-24,Shipped,Burlingame,USA,0.07,2003-07-01 00:00:00,2003-07-01 00:00:00,2003-01-01 00:00:00,7,Thursday
10150,S18_4668,"Dragon Souveniers, Ltd.",30,42.76,1282.8,Vintage Cars,2003-09-19,Shipped,Singapore,Singapore,0.07,2003-09-01 00:00:00,2003-07-01 00:00:00,2003-01-01 00:00:00,9,Friday
10258,S18_4668,"Tokyo Collectables, Ltd",21,59.87,1257.27,Vintage Cars,2004-06-15,Shipped,Minato-ku,Japan,0.07,2004-06-01 00:00:00,2004-04-01 00:00:00,2004-01-01 00:00:00,6,Tuesday
10267,S18_4933,Muscle Machine Inc,36,75.55,2719.8,Classic Cars,2004-07-07,Shipped,NYC,USA,0.07,2004-07-01 00:00:00,2004-07-01 00:00:00,2004-01-01 00:00:00,7,Wednesday
10161,S24_1046,Heintze Collectables,37,72.76,2692.12,Classic Cars,2003-10-17,Shipped,Aaarhus,Denmark,0.07,2003-10-01 00:00:00,2003-10-01 00:00:00,2003-01-01 00:00:00,10,Friday
10172,S24_1046,Gift Depot Inc.,32,75.69,2422.08,Classic Cars,2003-11-05,Shipped,Bridgewater,USA,0.07,2003-11-01 00:00:00,2003-10-01 00:00:00,2003-01-01 00:00:00,11,Wednesday
10192,S24_1046,Online Diecast Creations Co.,37,69.82,2583.34,Classic Cars,2003-11-20,Shipped,Nashua,USA,0.07,2003-11-01 00:00:00,2003-10-01 00:00:00,2003-01-01 00:00:00,11,Thursday
10148,S24_1628,"Anna's Decorations, Ltd",47,56.85,2671.95,Classic Cars,2003-09-11,Shipped,North Sydney,Australia,0.07,2003-09-01 00:00:00,2003-07-01 00:00:00,2003-01-01 00:00:00,9,Thursday
10192,S24_1628,Online Diecast Creations Co.,47,53.83,2530.01,Classic Cars,2003-11-20,Shipped,Nashua,USA,0.07,2003-11-01 00:00:00,2003-10-01 00:00:00,2003-01-01 00:00:00,11,Thursday
10149,S24_1937,Signal Collectibles Ltd.,36,33.19,1194.84,Vintage Cars,2003-09-12,Shipped,Brisbane,USA,0.07,2003-09-01 00:00:00,2003-07-01 00:00:00,2003-01-01 00:00:00,9,Friday
10205,S24_1937,Euro Shopping Channel,32,37.17,1189.44,Vintage Cars,2003-12-03,Shipped,Madrid,Spain,0.07,2003-12-01 00:00:00,2003-10-01 00:00:00,2003-01-01 00:00:00,12,Wednesday
10227,S24_1937,"Saveley & Henriot, Co.",42,29.21,1226.82,Vintage Cars,2004-03-02,Shipped,Lyon,France,0.07,2004-03-01 00:00:00,2004-01-01 00:00:00,2004-01-01 00:00:00,3,Tuesday
10312,S24_1937,Mini Gifts Distributors Ltd.,39,29.54,1152.06,Vintage Cars,2004-10-21,Shipped,San Rafael,USA,0.07,2004-10-01 00:00:00,2004-10-01 00:00:00,2004-01-01 00:00:00,10,Thursday
10182,S24_2022,Mini Gifts Distributors Ltd.,31,36.74,1138.94,Vintage Cars,2003-11-12,Shipped,San Rafael,USA,0.07,2003-11-01 00:00:00,2003-10-01 00:00:00,2003-01-01 00:00:00,11,Wednesday
10227,S24_2022,"Saveley & Henriot, Co.",24,48.38,1161.12,Vintage Cars,2004-03-02,Shipped,Lyon,France,0.07,2004-03-01 00:00:00,2004-01-01 00:00:00,2004-01-01 00:00:00,3,Tuesday
10311,S24_2766,Euro Shopping Channel,28,93.6,2620.8,Classic Cars,2004-10-16,Shipped,Madrid,Spain,0.07,2004-10-01 00:00:00,2004-10-01 00:00:00,2004-01-01 00:00:00,10,Saturday
10355,S24_3371,Euro Shopping Channel,44,62.45,2747.8,Classic Cars,2004-12-07,Shipped,Madrid,Spain,0.07,2004-12-01 00:00:00,2004-10-01 00:00:00,2004-01-01 00:00:00,12,Tuesday
10363,S24_3371,Suominen Souveniers,21,100.0,2447.76,Classic Cars,2005-01-06,Shipped,Espoo,Finland,0.07,2005-01-01 00:00:00,2005-01-01 00:00:00,2005-01-01 00:00:00,1,Thursday
10390,S24_3371,Mini Gifts Distributors Ltd.,46,52.84,2430.64,Classic Cars,2005-03-04,Shipped,San Rafael,USA,0.07,2005-03-01 00:00:00,2005-01-01 00:00:00,2005-01-01 00:00:00,3,Friday
10173,S24_3969,Rovelli Gifts,35,33.23,1163.05,Vintage Cars,2003-11-05,Shipped,Bergamo,Italy,0.07,2003-11-01 00:00:00,2003-10-01 00:00:00,2003-01-01 00:00:00,11,Wednesday
10143,S50_1341,Mini Creations Ltd.,34,36.66,1246.44,Vintage Cars,2003-08-10,Shipped,New Bedford,USA,0.07,2003-08-01 00:00:00,2003-07-01 00:00:00,2003-01-01 00:00:00,8,Sunday
10217,S700_2824,Handji Gifts& Co,31,88.0,2728.0,Classic Cars,2004-02-04,Shipped,Singapore,Singapore,0.07,2004-02-01 00:00:00,2004-01-01 00:00:00,2004-01-01 00:00:00,2,Wednesday
10348,S700_2824,"Corrida Auto Replicas, Ltd",32,82.83,2650.56,Classic Cars,2004-11-01,Shipped,Madrid,Spain,0.07,2004-11-01 00:00:00,2004-10-01 00:00:00,2004-01-01 00:00:00,11,Monday
10287,S12_4675,"Vida Sport, Ltd",23,100.0,2675.13,Classic Cars,2004-08-30,Shipped,Gensve,Switzerland,0.07,2004-08-01 00:00:00,2004-07-01 00:00:00,2004-01-01 00:00:00,8,Monday
10181,S18_3278,Herkku Gifts,30,82.82,2484.6,Classic Cars,2003-11-12,Shipped,Bergen,Norway,0.07,2003-11-01 00:00:00,2003-10-01 00:00:00,2003-01-01 00:00:00,11,Wednesday
10204,S24_3969,Muscle Machine Inc,39,33.23,1295.97,Vintage Cars,2003-12-02,Shipped,NYC,USA,0.07,2003-12-01 00:00:00,2003-10-01 00:00:00,2003-01-01 00:00:00,12,Tuesday
10227,S24_3969,"Saveley & Henriot, Co.",27,43.9,1185.3,Vintage Cars,2004-03-02,Shipped,Lyon,France,0.07,2004-03-01 00:00:00,2004-01-01 00:00:00,2004-01-01 00:00:00,3,Tuesday
10355,S24_4620,Euro Shopping Channel,28,95.39,2670.92,Classic Cars,2004-12-07,Shipped,Madrid,Spain,0.07,2004-12-01 00:00:00,2004-10-01 00:00:00,2004-01-01 00:00:00,12,Tuesday
10211,S18_3278,Auto Canal Petit,35,78.0,2730.0,Classic Cars,2004-01-15,Shipped,Paris,France,0.07,2004-01-01 00:00:00,2004-01-01 00:00:00,2004-01-01 00:00:00,1,Thursday
10346,S24_3432,Signal Gift Stores,26,95.88,2492.88,Classic Cars,2004-11-29,Shipped,Las Vegas,USA,0.07,2004-11-01 00:00:00,2004-10-01 00:00:00,2004-01-01 00:00:00,11,Monday
10148,S18_1129,"Anna's Decorations, Ltd",23,100.0,2702.04,Classic Cars,2003-09-11,Shipped,North Sydney,Australia,0.07,2003-09-01 00:00:00,2003-07-01 00:00:00,2003-01-01 00:00:00,9,Thursday
10390,S24_4620,Mini Gifts Distributors Ltd.,30,82.42,2472.6,Classic Cars,2005-03-04,Shipped,San Rafael,USA,0.07,2005-03-01 00:00:00,2005-01-01 00:00:00,2005-01-01 00:00:00,3,Friday
10358,S24_1444,Euro Shopping Channel,44,60.76,2673.44,Classic Cars,2004-12-10,Shipped,Madrid,Spain,0.07,2004-12-01 00:00:00,2004-10-01 00:00:00,2004-01-01 00:00:00,12,Friday
10182,S24_2766,Mini Gifts Distributors Ltd.,36,73.6,2649.6,Classic Cars,2003-11-12,Shipped,San Rafael,USA,0.07,2003-11-01 00:00:00,2003-10-01 00:00:00,2003-01-01 00:00:00,11,Wednesday
10110,S18_4933,"AV Stores, Co.",42,61.29,2574.18,Classic Cars,2003-03-18,Shipped,Manchester,UK,0.07,2003-03-01 00:00:00,2003-01-01 00:00:00,2003-01-01 00:00:00,3,Tuesday
10359,S24_4048,Reims Collectables,22,100.0,2603.04,Classic Cars,2004-12-15,Shipped,Reims,France,0.07,2004-12-01 00:00:00,2004-10-01 00:00:00,2004-01-01 00:00:00,12,Wednesday
10264,S18_4721,Gifts4AllAges.com,20,100.0,2410.6,Classic Cars,2004-06-30,Shipped,Boston,USA,0.07,2004-06-01 00:00:00,2004-04-01 00:00:00,2004-01-01 00:00:00,6,Wednesday
10161,S24_2887,Heintze Collectables,25,100.0,2759.75,Classic Cars,2003-10-17,Shipped,Aaarhus,Denmark,0.07,2003-10-01 00:00:00,2003-10-01 00:00:00,2003-01-01 00:00:00,10,Friday
10296,S50_1341,"Bavarian Collectables Imports, Co.",26,48.44,1259.44,Vintage Cars,2004-09-15,Shipped,Munich,Germany,0.07,2004-09-01 00:00:00,2004-07-01 00:00:00,2004-01-01 00:00:00,9,Wednesday
10173,S24_2887,Rovelli Gifts,23,100.0,2728.03,Classic Cars,2003-11-05,Shipped,Bergamo,Italy,0.07,2003-11-01 00:00:00,2003-10-01 00:00:00,2003-01-01 00:00:00,11,Wednesday
10241,S24_2887,Mini Caravy,28,98.65,2762.2,Classic Cars,2004-04-13,Shipped,Strasbourg,France,0.07,2004-04-01 00:00:00,2004-04-01 00:00:00,2004-01-01 00:00:00,4,Tuesday
10288,S24_1628,Handji Gifts& Co,50,52.32,2616.0,Classic Cars,2004-09-01,Shipped,Singapore,Singapore,0.07,2004-09-01 00:00:00,2004-07-01 00:00:00,2004-01-01 00:00:00,9,Wednesday
10371,S24_1444,Mini Gifts Distributors Ltd.,25,97.27,2431.75,Classic Cars,2005-01-23,Shipped,San Rafael,USA,0.07,2005-01-01 00:00:00,2005-01-01 00:00:00,2005-01-01 00:00:00,1,Sunday
10241,S18_1589,Mini Caravy,21,100.0,2508.66,Classic Cars,2004-04-13,Shipped,Strasbourg,France,0.07,2004-04-01 00:00:00,2004-04-01 00:00:00,2004-01-01 00:00:00,4,Tuesday
10370,S10_4962,"Anna's Decorations, Ltd",35,65.63,2297.05,Classic Cars,2005-01-20,Shipped,North Sydney,Australia,0.06,2005-01-01 00:00:00,2005-01-01 00:00:00,2005-01-01 00:00:00,1,Thursday
10241,S24_3191,Mini Caravy,26,81.33,2114.58,Classic Cars,2004-04-13,Shipped,Strasbourg,France,0.06,2004-04-01 00:00:00,2004-04-01 00:00:00,2004-01-01 00:00:00,4,Tuesday
10169,S12_3990,"Anna's Decorations, Ltd",36,63.84,2298.24,Classic Cars,2003-11-04,Shipped,North Sydney,Australia,0.06,2003-11-01 00:00:00,2003-10-01 00:00:00,2003-01-01 00:00:00,11,Tuesday
10122,S12_4675,Marseille Mini Autos,20,100.0,2142.0,Classic Cars,2003-05-08,Shipped,Marseille,France,0.06,2003-05-01 00:00:00,2003-04-01 00:00:00,2003-01-01 00:00:00,5,Thursday
10312,S18_1367,Mini Gifts Distributors Ltd.,25,44.21,1105.25,Vintage Cars,2004-10-21,Shipped,San Rafael,USA,0.06,2004-10-01 00:00:00,2004-10-01 00:00:00,2004-01-01 00:00:00,10,Thursday
10147,S18_1889,Collectables For Less Inc.,26,82.39,2142.14,Classic Cars,2003-09-05,Shipped,Brickhaven,USA,0.06,2003-09-01 00:00:00,2003-07-01 00:00:00,2003-01-01 00:00:00,9,Friday
10377,S18_1889,"Toys of Finland, Co.",31,67.76,2100.56,Classic Cars,2005-02-09,Shipped,Helsinki,Finland,0.06,2005-02-01 00:00:00,2005-01-01 00:00:00,2005-01-01 00:00:00,2,Wednesday
10382,S18_2238,Mini Gifts Distributors Ltd.,25,88.0,2200.0,Classic Cars,2005-02-17,Shipped,San Rafael,USA,0.06,2005-02-01 00:00:00,2005-01-01 00:00:00,2005-01-01 00:00:00,2,Thursday
10380,S18_2795,Euro Shopping Channel,21,47.18,990.78,Vintage Cars,2005-02-16,Shipped,Madrid,Spain,0.06,2005-02-01 00:00:00,2005-01-01 00:00:00,2005-01-01 00:00:00,2,Wednesday
10310,S18_3278,"Toms Spezialitten, Ltd",27,80.41,2171.07,Classic Cars,2004-10-16,Shipped,Koln,Germany,0.06,2004-10-01 00:00:00,2004-10-01 00:00:00,2004-01-01 00:00:00,10,Saturday
10329,S18_3278,Land of Toys Inc.,38,59.1,2245.8,Classic Cars,2004-11-15,Shipped,NYC,USA,0.06,2004-11-01 00:00:00,2004-10-01 00:00:00,2004-01-01 00:00:00,11,Monday
10379,S18_3685,Euro Shopping Channel,32,70.83,2266.56,Classic Cars,2005-02-10,Shipped,Madrid,Spain,0.06,2005-02-01 00:00:00,2005-01-01 00:00:00,2005-01-01 00:00:00,2,Thursday
10206,S18_4668,Canadian Gift Exchange Network,21,53.33,1119.93,Vintage Cars,2003-12-05,Shipped,Vancouver,Canada,0.06,2003-12-01 00:00:00,2003-10-01 00:00:00,2003-01-01 00:00:00,12,Friday
10148,S18_4933,"Anna's Decorations, Ltd",29,81.25,2356.25,Classic Cars,2003-09-11,Shipped,North Sydney,Australia,0.06,2003-09-01 00:00:00,2003-07-01 00:00:00,2003-01-01 00:00:00,9,Thursday
10213,S18_4933,"Double Decker Gift Stores, Ltd",25,83.39,2084.75,Classic Cars,2004-01-22,Shipped,London,UK,0.06,2004-01-01 00:00:00,2004-01-01 00:00:00,2004-01-01 00:00:00,1,Thursday
10227,S18_4933,"Saveley & Henriot, Co.",37,57.73,2136.01,Classic Cars,2004-03-02,Shipped,Lyon,France,0.06,2004-03-01 00:00:00,2004-01-01 00:00:00,2004-01-01 00:00:00,3,Tuesday
10279,S24_1046,Euro Shopping Channel,32,74.96,2398.72,Classic Cars,2004-08-09,Shipped,Madrid,Spain,0.06,2004-08-01 00:00:00,2004-07-01 00:00:00,2004-01-01 00:00:00,8,Monday
10288,S24_1046,Handji Gifts& Co,36,66.14,2381.04,Classic Cars,2004-09-01,Shipped,Singapore,Singapore,0.06,2004-09-01 00:00:00,2004-07-01 00:00:00,2004-01-01 00:00:00,9,Wednesday
10311,S24_1046,Euro Shopping Channel,26,87.45,2273.7,Classic Cars,2004-10-16,Shipped,Madrid,Spain,0.06,2004-10-01 00:00:00,2004-10-01 00:00:00,2004-01-01 00:00:00,10,Saturday
10203,S12_3380,Euro Shopping Channel,20,100.0,2254.8,Classic Cars,2003-12-02,Shipped,Madrid,Spain,0.06,2003-12-01 00:00:00,2003-10-01 00:00:00,2003-01-01 00:00:00,12,Tuesday
10162,S24_1937,Corporate Gift Ideas Co.,37,27.22,1007.14,Vintage Cars,2003-10-18,Shipped,San Francisco,USA,0.06,2003-10-01 00:00:00,2003-10-01 00:00:00,2003-01-01 00:00:00,10,Saturday
10173,S24_1937,Rovelli Gifts,31,31.53,977.43,Vintage Cars,2003-11-05,Shipped,Bergamo,Italy,0.06,2003-11-01 00:00:00,2003-10-01 00:00:00,2003-01-01 00:00:00,11,Wednesday
10243,S24_1937,Diecast Collectables,33,29.54,974.82,Vintage Cars,2004-04-26,Shipped,Boston,USA,0.06,2004-04-01 00:00:00,2004-04-01 00:00:00,2004-01-01 00:00:00,4,Monday
10288,S24_1937,Handji Gifts& Co,29,38.17,1106.93,Vintage Cars,2004-09-01,Shipped,Singapore,Singapore,0.06,2004-09-01 00:00:00,2004-07-01 00:00:00,2004-01-01 00:00:00,9,Wednesday
10173,S24_2022,Rovelli Gifts,27,41.22,1112.94,Vintage Cars,2003-11-05,Shipped,Bergamo,Italy,0.06,2003-11-01 00:00:00,2003-10-01 00:00:00,2003-01-01 00:00:00,11,Wednesday
10193,S24_2022,"Australian Collectables, Ltd",20,50.62,1012.4,Vintage Cars,2003-11-21,Shipped,Glen Waverly,Australia,0.06,2003-11-01 00:00:00,2003-10-01 00:00:00,2003-01-01 00:00:00,11,Friday
10321,S24_2766,FunGiftIdeas.com,30,72.7,2181.0,Classic Cars,2004-11-04,Shipped,New Bedford,USA,0.06,2004-11-01 00:00:00,2004-10-01 00:00:00,2004-01-01 00:00:00,11,Thursday
10405,S24_2972,Mini Caravy,47,44.56,2094.32,Classic Cars,2005-04-14,Shipped,Strasbourg,France,0.06,2005-04-01 00:00:00,2005-04-01 00:00:00,2005-01-01 00:00:00,4,Thursday
10310,S24_3371,"Toms Spezialitten, Ltd",38,56.94,2163.72,Classic Cars,2004-10-16,Shipped,Koln,Germany,0.06,2004-10-01 00:00:00,2004-10-01 00:00:00,2004-01-01 00:00:00,10,Saturday
10172,S24_3432,Gift Depot Inc.,22,98.51,2167.22,Classic Cars,2003-11-05,Shipped,Bridgewater,USA,0.06,2003-11-01 00:00:00,2003-10-01 00:00:00,2003-01-01 00:00:00,11,Wednesday
10149,S24_3969,Signal Collectibles Ltd.,26,38.98,1013.48,Vintage Cars,2003-09-12,Shipped,Brisbane,USA,0.06,2003-09-01 00:00:00,2003-07-01 00:00:00,2003-01-01 00:00:00,9,Friday
10108,S24_4620,Cruz & Sons Co.,31,68.71,2130.01,Classic Cars,2003-03-03,Shipped,Makati City,Philippines,0.06,2003-03-01 00:00:00,2003-01-01 00:00:00,2003-01-01 00:00:00,3,Monday
10122,S24_4620,Marseille Mini Autos,29,71.14,2063.06,Classic Cars,2003-05-08,Shipped,Marseille,France,0.06,2003-05-01 00:00:00,2003-04-01 00:00:00,2003-01-01 00:00:00,5,Thursday
10169,S24_4620,"Anna's Decorations, Ltd",24,94.58,2269.92,Classic Cars,2003-11-04,Shipped,North Sydney,Australia,0.06,2003-11-01 00:00:00,2003-10-01 00:00:00,2003-01-01 00:00:00,11,Tuesday
10238,S24_4620,Danish Wholesale Imports,22,93.77,2062.94,Classic Cars,2004-04-09,Shipped,Kobenhavn,Denmark,0.06,2004-04-01 00:00:00,2004-04-01 00:00:00,2004-01-01 00:00:00,4,Friday
10264,S32_2206,Gifts4AllAges.com,20,32.59,651.8,Motorcycles,2004-06-30,Shipped,Boston,USA,0.06,2004-06-01 00:00:00,2004-04-01 00:00:00,2004-01-01 00:00:00,6,Wednesday
10199,S50_1341,West Coast Collectables Co.,29,38.4,1113.6,Vintage Cars,2003-12-01,Shipped,Burbank,USA,0.06,2003-12-01 00:00:00,2003-10-01 00:00:00,2003-01-01 00:00:00,12,Monday
10150,S700_2824,"Dragon Souveniers, Ltd.",20,100.0,2104.0,Classic Cars,2003-09-19,Shipped,Singapore,Singapore,0.06,2003-09-01 00:00:00,2003-07-01 00:00:00,2003-01-01 00:00:00,9,Friday
10194,S700_2824,"Saveley & Henriot, Co.",26,89.01,2314.26,Classic Cars,2003-11-25,Shipped,Lyon,France,0.06,2003-11-01 00:00:00,2003-10-01 00:00:00,2003-01-01 00:00:00,11,Tuesday
10281,S700_2824,Diecast Classics Inc.,27,85.98,2321.46,Classic Cars,2004-08-19,Shipped,Allentown,USA,0.06,2004-08-01 00:00:00,2004-07-01 00:00:00,2004-01-01 00:00:00,8,Thursday
10375,S10_1678,La Rochelle Gifts,21,34.91,733.11,Motorcycles,2005-02-03,Shipped,Nantes,France,0.06,2005-02-01 00:00:00,2005-01-01 00:00:00,2005-01-01 00:00:00,2,Thursday
10204,S24_1628,Muscle Machine Inc,45,49.81,2241.45,Classic Cars,2003-12-02,Shipped,NYC,USA,0.06,2003-12-01 00:00:00,2003-10-01 00:00:00,2003-01-01 00:00:00,12,Tuesday
10212,S24_1628,Euro Shopping Channel,45,53.33,2399.85,Classic Cars,2004-01-16,Shipped,Madrid,Spain,0.06,2004-01-01 00:00:00,2004-01-01 00:00:00,2004-01-01 00:00:00,1,Friday
10182,S24_3969,Mini Gifts Distributors Ltd.,23,42.26,971.98,Vintage Cars,2003-11-12,Shipped,San Rafael,USA,0.06,2003-11-01 00:00:00,2003-10-01 00:00:00,2003-01-01 00:00:00,11,Wednesday
10395,S12_1108,Lyon Souveniers,33,69.12,2280.96,Classic Cars,2005-03-17,Shipped,Paris,France,0.06,2005-03-01 00:00:00,2005-01-01 00:00:00,2005-01-01 00:00:00,3,Thursday
10122,S12_3990,Marseille Mini Autos,32,63.84,2042.88,Classic Cars,2003-05-08,Shipped,Marseille,France,0.06,2003-05-01 00:00:00,2003-04-01 00:00:00,2003-01-01 00:00:00,5,Thursday
10241,S24_3432,Mini Caravy,27,86.73,2341.71,Classic Cars,2004-04-13,Shipped,Strasbourg,France,0.06,2004-04-01 00:00:00,2004-04-01 00:00:00,2004-01-01 00:00:00,4,Tuesday
10303,S24_3969,"Iberia Gift Imports, Corp.",24,40.21,965.04,Vintage Cars,2004-10-06,Shipped,Sevilla,Spain,0.06,2004-10-01 00:00:00,2004-10-01 00:00:00,2004-01-01 00:00:00,10,Wednesday
10148,S24_3191,"Anna's Decorations, Ltd",31,73.62,2282.22,Classic Cars,2003-09-11,Shipped,North Sydney,Australia,0.06,2003-09-01 00:00:00,2003-07-01 00:00:00,2003-01-01 00:00:00,9,Thursday
10192,S24_3191,Online Diecast Creations Co.,32,72.77,2328.64,Classic Cars,2003-11-20,Shipped,Nashua,USA,0.06,2003-11-01 00:00:00,2003-10-01 00:00:00,2003-01-01 00:00:00,11,Thursday
10246,S24_1444,Euro Shopping Channel,44,52.6,2314.4,Classic Cars,2004-05-05,Shipped,Madrid,Spain,0.06,2004-05-01 00:00:00,2004-04-01 00:00:00,2004-01-01 00:00:00,5,Wednesday
10212,S24_3191,Euro Shopping Channel,27,79.62,2149.74,Classic Cars,2004-01-16,Shipped,Madrid,Spain,0.06,2004-01-01 00:00:00,2004-01-01 00:00:00,2004-01-01 00:00:00,1,Friday
10124,S24_2887,Signal Gift Stores,25,93.95,2348.75,Classic Cars,2003-05-21,Shipped,Las Vegas,USA,0.06,2003-05-01 00:00:00,2003-04-01 00:00:00,2003-01-01 00:00:00,5,Wednesday
10312,S24_3969,Mini Gifts Distributors Ltd.,31,35.29,1093.99,Vintage Cars,2004-10-21,Shipped,San Rafael,USA,0.06,2004-10-01 00:00:00,2004-10-01 00:00:00,2004-01-01 00:00:00,10,Thursday
10182,S24_2887,Mini Gifts Distributors Ltd.,20,100.0,2395.8,Classic Cars,2003-11-12,Shipped,San Rafael,USA,0.06,2003-11-01 00:00:00,2003-10-01 00:00:00,2003-01-01 00:00:00,11,Wednesday
10165,S24_4048,"Dragon Souveniers, Ltd.",24,99.36,2384.64,Classic Cars,2003-10-22,Shipped,Singapore,Singapore,0.06,2003-10-01 00:00:00,2003-10-01 00:00:00,2003-01-01 00:00:00,10,Wednesday
10207,S24_1444,Diecast Collectables,49,46.82,2294.18,Classic Cars,2003-12-09,Shipped,Boston,USA,0.06,2003-12-01 00:00:00,2003-10-01 00:00:00,2003-01-01 00:00:00,12,Tuesday
10203,S24_3371,Euro Shopping Channel,34,64.9,2206.6,Classic Cars,2003-12-02,Shipped,Madrid,Spain,0.06,2003-12-01 00:00:00,2003-10-01 00:00:00,2003-01-01 00:00:00,12,Tuesday
10311,S24_3191,Euro Shopping Channel,25,83.04,2076.0,Classic Cars,2004-10-16,Shipped,Madrid,Spain,0.06,2004-10-01 00:00:00,2004-10-01 00:00:00,2004-01-01 00:00:00,10,Saturday
10314,S24_1444,Heintze Collectables,44,53.18,2339.92,Classic Cars,2004-10-22,Shipped,Aaarhus,Denmark,0.06,2004-10-01 00:00:00,2004-10-01 00:00:00,2004-01-01 00:00:00,10,Friday
10301,S24_3432,"Norway Gifts By Mail, Co.",22,96.37,2120.14,Classic Cars,2003-10-05,Shipped,Oslo,Norway,0.06,2003-10-01 00:00:00,2003-10-01 00:00:00,2003-01-01 00:00:00,10,Sunday
10346,S24_2887,Signal Gift Stores,24,87.24,2093.76,Classic Cars,2004-11-29,Shipped,Las Vegas,USA,0.06,2004-11-01 00:00:00,2004-10-01 00:00:00,2004-01-01 00:00:00,11,Monday
10169,S18_3278,"Anna's Decorations, Ltd",32,70.76,2264.32,Classic Cars,2003-11-04,Shipped,North Sydney,Australia,0.06,2003-11-01 00:00:00,2003-10-01 00:00:00,2003-01-01 00:00:00,11,Tuesday
10147,S24_3371,Collectables For Less Inc.,30,68.58,2057.4,Classic Cars,2003-09-05,Shipped,Brickhaven,USA,0.06,2003-09-01 00:00:00,2003-07-01 00:00:00,2003-01-01 00:00:00,9,Friday
10211,S24_3371,Auto Canal Petit,48,48.98,2351.04,Classic Cars,2004-01-15,Shipped,Paris,France,0.06,2004-01-01 00:00:00,2004-01-01 00:00:00,2004-01-01 00:00:00,1,Thursday
10311,S24_1628,Euro Shopping Channel,45,49.3,2218.5,Classic Cars,2004-10-16,Shipped,Madrid,Spain,0.06,2004-10-01 00:00:00,2004-10-01 00:00:00,2004-01-01 00:00:00,10,Saturday
10124,S24_2766,Signal Gift Stores,32,72.7,2326.4,Classic Cars,2003-05-21,Shipped,Las Vegas,USA,0.06,2003-05-01 00:00:00,2003-04-01 00:00:00,2003-01-01 00:00:00,5,Wednesday
10292,S24_1444,Land of Toys Inc.,40,53.75,2150.0,Classic Cars,2004-09-08,Shipped,NYC,USA,0.06,2004-09-01 00:00:00,2004-07-01 00:00:00,2004-01-01 00:00:00,9,Wednesday
10124,S24_2022,Signal Gift Stores,22,45.25,995.5,Vintage Cars,2003-05-21,Shipped,Las Vegas,USA,0.06,2003-05-01 00:00:00,2003-04-01 00:00:00,2003-01-01 00:00:00,5,Wednesday
10279,S24_3191,Euro Shopping Channel,33,71.06,2344.98,Classic Cars,2004-08-09,Shipped,Madrid,Spain,0.06,2004-08-01 00:00:00,2004-07-01 00:00:00,2004-01-01 00:00:00,8,Monday
10161,S24_2766,Heintze Collectables,20,100.0,2144.6,Classic Cars,2003-10-17,Shipped,Aaarhus,Denmark,0.06,2003-10-01 00:00:00,2003-10-01 00:00:00,2003-01-01 00:00:00,10,Friday
10288,S24_3191,Handji Gifts& Co,34,68.49,2328.66,Classic Cars,2004-09-01,Shipped,Singapore,Singapore,0.06,2004-09-01 00:00:00,2004-07-01 00:00:00,2004-01-01 00:00:00,9,Wednesday
10349,S24_1444,Muscle Machine Inc,48,47.4,2275.2,Classic Cars,2004-12-01,Shipped,NYC,USA,0.06,2004-12-01 00:00:00,2004-10-01 00:00:00,2004-01-01 00:00:00,12,Wednesday
10321,S24_1046,FunGiftIdeas.com,30,70.55,2116.5,Classic Cars,2004-11-04,Shipped,New Bedford,USA,0.06,2004-11-01 00:00:00,2004-10-01 00:00:00,2004-01-01 00:00:00,11,Thursday
10350,S10_4757,Euro Shopping Channel,26,75.47,1962.22,Classic Cars,2004-12-02,Shipped,Madrid,Spain,0.05,2004-12-01 00:00:00,2004-10-01 00:00:00,2004-01-01 00:00:00,12,Thursday
10108,S24_3371,Cruz & Sons Co.,30,63.07,1892.1,Classic Cars,2003-03-03,Shipped,Makati City,Philippines,0.05,2003-03-01 00:00:00,2003-01-01 00:00:00,2003-01-01 00:00:00,3,Monday
10336,S12_1108,"La Corne D'abondance, Co.",33,57.22,1888.26,Classic Cars,2004-11-20,Shipped,Paris,France,0.05,2004-11-01 00:00:00,2004-10-01 00:00:00,2004-01-01 00:00:00,11,Saturday
10389,S12_3380,Scandinavian Gift Ideas,25,72.38,1809.5,Classic Cars,2005-03-03,Shipped,Boras,Sweden,0.05,2005-03-01 00:00:00,2005-01-01 00:00:00,2005-01-01 00:00:00,3,Thursday
10159,S12_3990,Corporate Gift Ideas Co.,24,73.42,1762.08,Classic Cars,2003-10-10,Shipped,San Francisco,USA,0.05,2003-10-01 00:00:00,2003-10-01 00:00:00,2003-01-01 00:00:00,10,Friday
10191,S12_3990,"Toms Spezialitten, Ltd",30,64.64,1939.2,Classic Cars,2003-11-20,Shipped,Koln,Germany,0.05,2003-11-01 00:00:00,2003-10-01 00:00:00,2003-01-01 00:00:00,11,Thursday
10300,S12_3990,"Blauer See Auto, Co.",22,76.61,1685.42,Classic Cars,2003-10-04,Shipped,Frankfurt,Germany,0.05,2003-10-01 00:00:00,2003-10-01 00:00:00,2003-01-01 00:00:00,10,Saturday
10239,S12_4675,"Oulu Toy Supplies, Inc.",21,93.28,1958.88,Classic Cars,2004-04-12,Shipped,Oulu,Finland,0.05,2004-04-01 00:00:00,2004-04-01 00:00:00,2004-01-01 00:00:00,4,Monday
10310,S18_1889,"Toms Spezialitten, Ltd",20,91.63,1832.6,Classic Cars,2004-10-16,Shipped,Koln,Germany,0.05,2004-10-01 00:00:00,2004-10-01 00:00:00,2004-01-01 00:00:00,10,Saturday
10356,S18_1984,Lyon Souveniers,27,64.69,1746.63,Classic Cars,2004-12-09,Shipped,Paris,France,0.05,2004-12-01 00:00:00,2004-10-01 00:00:00,2004-01-01 00:00:00,12,Thursday
10409,S18_2325,Handji Gifts& Co,6,100.0,785.64,Vintage Cars,2005-04-23,Shipped,Singapore,Singapore,0.05,2005-04-01 00:00:00,2005-04-01 00:00:00,2005-01-01 00:00:00,4,Saturday
10331,S18_2870,Motor Mint Distributors Inc.,26,64.9,1687.4,Classic Cars,2004-11-17,Shipped,Philadelphia,USA,0.05,2004-11-01 00:00:00,2004-10-01 00:00:00,2004-01-01 00:00:00,11,Wednesday
10108,S18_3278,Cruz & Sons Co.,26,68.35,1777.1,Classic Cars,2003-03-03,Shipped,Makati City,Philippines,0.05,2003-03-01 00:00:00,2003-01-01 00:00:00,2003-01-01 00:00:00,3,Monday
10342,S18_3278,"Australian Collectors, Co.",25,66.74,1668.5,Classic Cars,2004-11-24,Shipped,Melbourne,Australia,0.05,2004-11-01 00:00:00,2004-10-01 00:00:00,2004-01-01 00:00:00,11,Wednesday
10331,S18_3685,Motor Mint Distributors Inc.,26,67.91,1765.66,Classic Cars,2004-11-17,Shipped,Philadelphia,USA,0.05,2004-11-01 00:00:00,2004-10-01 00:00:00,2004-01-01 00:00:00,11,Wednesday
10161,S18_4933,Heintze Collectables,25,80.54,2013.5,Classic Cars,2003-10-17,Shipped,Aaarhus,Denmark,0.05,2003-10-01 00:00:00,2003-10-01 00:00:00,2003-01-01 00:00:00,10,Friday
10193,S18_4933,"Australian Collectables, Ltd",25,76.26,1906.5,Classic Cars,2003-11-21,Shipped,Glen Waverly,Australia,0.05,2003-11-01 00:00:00,2003-10-01 00:00:00,2003-01-01 00:00:00,11,Friday
10391,S10_4962,"Anna's Decorations, Ltd",37,46.9,1735.3,Classic Cars,2005-03-09,Shipped,North Sydney,Australia,0.05,2005-03-01 00:00:00,2005-01-01 00:00:00,2005-01-01 00:00:00,3,Wednesday
10288,S18_4933,Handji Gifts& Co,23,73.41,1688.43,Classic Cars,2004-09-01,Shipped,Singapore,Singapore,0.05,2004-09-01 00:00:00,2004-07-01 00:00:00,2004-01-01 00:00:00,9,Wednesday
10302,S18_4933,"UK Collectables, Ltd.",23,72.7,1672.1,Classic Cars,2003-10-06,Shipped,Liverpool,UK,0.05,2003-10-01 00:00:00,2003-10-01 00:00:00,2003-01-01 00:00:00,10,Monday
10311,S18_4933,Euro Shopping Channel,25,66.99,1674.75,Classic Cars,2004-10-16,Shipped,Madrid,Spain,0.05,2004-10-01 00:00:00,2004-10-01 00:00:00,2004-01-01 00:00:00,10,Saturday
10124,S24_1046,Signal Gift Stores,22,77.9,1713.8,Classic Cars,2003-05-21,Shipped,Las Vegas,USA,0.05,2003-05-01 00:00:00,2003-04-01 00:00:00,2003-01-01 00:00:00,5,Wednesday
10241,S24_1046,Mini Caravy,22,76.43,1681.46,Classic Cars,2004-04-13,Shipped,Strasbourg,France,0.05,2004-04-01 00:00:00,2004-04-01 00:00:00,2004-01-01 00:00:00,4,Tuesday
10301,S24_1046,"Norway Gifts By Mail, Co.",27,72.02,1944.54,Classic Cars,2003-10-05,Shipped,Oslo,Norway,0.05,2003-10-01 00:00:00,2003-10-01 00:00:00,2003-01-01 00:00:00,10,Sunday
10344,S24_1046,Marseille Mini Autos,29,59.53,1726.37,Classic Cars,2004-11-25,Shipped,Marseille,France,0.05,2004-11-01 00:00:00,2004-10-01 00:00:00,2004-01-01 00:00:00,11,Thursday
10104,S24_1444,Euro Shopping Channel,35,55.49,1942.15,Classic Cars,2003-01-31,Shipped,Madrid,Spain,0.05,2003-01-01 00:00:00,2003-01-01 00:00:00,2003-01-01 00:00:00,1,Friday
10165,S24_1444,"Dragon Souveniers, Ltd.",25,69.36,1734.0,Classic Cars,2003-10-22,Shipped,Singapore,Singapore,0.05,2003-10-01 00:00:00,2003-10-01 00:00:00,2003-01-01 00:00:00,10,Wednesday
10110,S24_1628,"AV Stores, Co.",29,59.37,1721.73,Classic Cars,2003-03-18,Shipped,Manchester,UK,0.05,2003-03-01 00:00:00,2003-01-01 00:00:00,2003-01-01 00:00:00,3,Tuesday
10181,S24_1628,Herkku Gifts,34,53.83,1830.22,Classic Cars,2003-11-12,Shipped,Bergen,Norway,0.05,2003-11-01 00:00:00,2003-10-01 00:00:00,2003-01-01 00:00:00,11,Wednesday
10205,S24_2022,Euro Shopping Channel,24,38.08,913.92,Vintage Cars,2003-12-03,Shipped,Madrid,Spain,0.05,2003-12-01 00:00:00,2003-10-01 00:00:00,2003-01-01 00:00:00,12,Wednesday
10312,S24_2022,Mini Gifts Distributors Ltd.,23,37.63,865.49,Vintage Cars,2004-10-21,Shipped,San Rafael,USA,0.05,2004-10-01 00:00:00,2004-10-01 00:00:00,2004-01-01 00:00:00,10,Thursday
10356,S24_2022,Lyon Souveniers,26,31.86,828.36,Vintage Cars,2004-12-09,Shipped,Paris,France,0.05,2004-12-01 00:00:00,2004-10-01 00:00:00,2004-01-01 00:00:00,12,Thursday
10104,S24_2840,Euro Shopping Channel,44,39.6,1742.4,Classic Cars,2003-01-31,Shipped,Madrid,Spain,0.05,2003-01-01 00:00:00,2003-01-01 00:00:00,2003-01-01 00:00:00,1,Friday
10246,S24_2840,Euro Shopping Channel,49,36.07,1767.43,Classic Cars,2004-05-05,Shipped,Madrid,Spain,0.05,2004-05-01 00:00:00,2004-04-01 00:00:00,2004-01-01 00:00:00,5,Wednesday
10394,S24_2840,Euro Shopping Channel,46,38.9,1789.4,Classic Cars,2005-03-15,Shipped,Madrid,Spain,0.05,2005-03-01 00:00:00,2005-01-01 00:00:00,2005-01-01 00:00:00,3,Tuesday
10300,S24_3371,"Blauer See Auto, Co.",31,58.78,1822.18,Classic Cars,2003-10-04,Shipped,Frankfurt,Germany,0.05,2003-10-01 00:00:00,2003-10-01 00:00:00,2003-01-01 00:00:00,10,Saturday
10378,S24_3371,Euro Shopping Channel,46,41.54,1910.84,Classic Cars,2005-02-10,Shipped,Madrid,Spain,0.05,2005-02-01 00:00:00,2005-01-01 00:00:00,2005-01-01 00:00:00,2,Thursday
10378,S24_3856,Euro Shopping Channel,33,53.27,1757.91,Classic Cars,2005-02-10,Shipped,Madrid,Spain,0.05,2005-02-01 00:00:00,2005-01-01 00:00:00,2005-01-01 00:00:00,2,Thursday
10135,S24_4620,Mini Gifts Distributors Ltd.,23,87.31,2008.13,Classic Cars,2003-07-02,Shipped,San Rafael,USA,0.05,2003-07-01 00:00:00,2003-07-01 00:00:00,2003-01-01 00:00:00,7,Wednesday
10147,S24_4620,Collectables For Less Inc.,31,64.67,2004.77,Classic Cars,2003-09-05,Shipped,Brickhaven,USA,0.05,2003-09-01 00:00:00,2003-07-01 00:00:00,2003-01-01 00:00:00,9,Friday
10180,S24_4620,Daedalus Designs Imports,28,71.14,1991.92,Classic Cars,2003-11-11,Shipped,Lille,France,0.05,2003-11-01 00:00:00,2003-10-01 00:00:00,2003-01-01 00:00:00,11,Tuesday
10211,S24_4620,Auto Canal Petit,22,92.16,2027.52,Classic Cars,2004-01-15,Shipped,Paris,France,0.05,2004-01-01 00:00:00,2004-01-01 00:00:00,2004-01-01 00:00:00,1,Thursday
10156,S50_1341,Euro Shopping Channel,20,41.02,820.4,Vintage Cars,2003-10-08,Shipped,Madrid,Spain,0.05,2003-10-01 00:00:00,2003-10-01 00:00:00,2003-01-01 00:00:00,10,Wednesday
10183,S700_2824,"Classic Gift Ideas, Inc",23,86.99,2000.77,Classic Cars,2003-11-13,Shipped,Philadelphia,USA,0.05,2003-11-01 00:00:00,2003-10-01 00:00:00,2003-01-01 00:00:00,11,Thursday
10419,S12_1099,Salzburg Collectables,12,100.0,1961.28,Classic Cars,2005-05-17,Shipped,Salzburg,Austria,0.05,2005-05-01 00:00:00,2005-04-01 00:00:00,2005-01-01 00:00:00,5,Tuesday
10135,S12_3990,Mini Gifts Distributors Ltd.,24,75.01,1800.24,Classic Cars,2003-07-02,Shipped,San Rafael,USA,0.05,2003-07-01 00:00:00,2003-07-01 00:00:00,2003-01-01 00:00:00,7,Wednesday
10382,S700_2824,Mini Gifts Distributors Ltd.,34,54.84,1864.56,Classic Cars,2005-02-17,Shipped,San Rafael,USA,0.05,2005-02-01 00:00:00,2005-01-01 00:00:00,2005-01-01 00:00:00,2,Thursday
10321,S24_3432,FunGiftIdeas.com,21,89.95,1888.95,Classic Cars,2004-11-04,Shipped,New Bedford,USA,0.05,2004-11-01 00:00:00,2004-10-01 00:00:00,2004-01-01 00:00:00,11,Thursday
10321,S24_1628,FunGiftIdeas.com,48,42.26,2028.48,Classic Cars,2004-11-04,Shipped,New Bedford,USA,0.05,2004-11-01 00:00:00,2004-10-01 00:00:00,2004-01-01 00:00:00,11,Thursday
10332,S24_1628,"AV Stores, Co.",20,87.96,1759.2,Classic Cars,2004-11-17,Shipped,Manchester,UK,0.05,2004-11-01 00:00:00,2004-10-01 00:00:00,2004-01-01 00:00:00,11,Wednesday
10127,S24_4048,Muscle Machine Inc,20,96.99,1939.8,Classic Cars,2003-06-03,Shipped,NYC,USA,0.05,2003-06-01 00:00:00,2003-04-01 00:00:00,2003-01-01 00:00:00,6,Tuesday
10184,S24_1444,"Iberia Gift Imports, Corp.",31,60.11,1863.41,Classic Cars,2003-11-14,Shipped,Sevilla,Spain,0.05,2003-11-01 00:00:00,2003-10-01 00:00:00,2003-01-01 00:00:00,11,Friday
10193,S24_3969,"Australian Collectables, Ltd",22,41.03,902.66,Vintage Cars,2003-11-21,Shipped,Glen Waverly,Australia,0.05,2003-11-01 00:00:00,2003-10-01 00:00:00,2003-01-01 00:00:00,11,Friday
10135,S24_3371,Mini Gifts Distributors Ltd.,27,66.13,1785.51,Classic Cars,2003-07-02,Shipped,San Rafael,USA,0.05,2003-07-01 00:00:00,2003-07-01 00:00:00,2003-01-01 00:00:00,7,Wednesday
10383,S24_1444,Euro Shopping Channel,22,91.76,2018.72,Classic Cars,2005-02-22,Shipped,Madrid,Spain,0.05,2005-02-01 00:00:00,2005-01-01 00:00:00,2005-01-01 00:00:00,2,Tuesday
10169,S24_3371,"Anna's Decorations, Ltd",34,50.21,1707.14,Classic Cars,2003-11-04,Shipped,North Sydney,Australia,0.05,2003-11-01 00:00:00,2003-10-01 00:00:00,2003-01-01 00:00:00,11,Tuesday
10172,S24_3191,Gift Depot Inc.,24,81.33,1951.92,Classic Cars,2003-11-05,Shipped,Bridgewater,USA,0.05,2003-11-01 00:00:00,2003-10-01 00:00:00,2003-01-01 00:00:00,11,Wednesday
10230,S24_1444,"Blauer See Auto, Co.",36,54.33,1955.88,Classic Cars,2004-03-15,Shipped,Frankfurt,Germany,0.05,2004-03-01 00:00:00,2004-01-01 00:00:00,2004-01-01 00:00:00,3,Monday
10110,S24_3191,"AV Stores, Co.",27,73.62,1987.74,Classic Cars,2003-03-18,Shipped,Manchester,UK,0.05,2003-03-01 00:00:00,2003-01-01 00:00:00,2003-01-01 00:00:00,3,Tuesday
10176,S24_1444,L'ordine Souveniers,27,68.78,1857.06,Classic Cars,2003-11-06,Shipped,Reggio Emilia,Italy,0.05,2003-11-01 00:00:00,2003-10-01 00:00:00,2003-01-01 00:00:00,11,Thursday
10324,S24_1444,Vitachrome Inc.,25,69.16,1729.0,Classic Cars,2004-11-05,Shipped,NYC,USA,0.05,2004-11-01 00:00:00,2004-10-01 00:00:00,2004-01-01 00:00:00,11,Friday
10368,S24_3432,Mini Gifts Distributors Ltd.,20,99.58,1991.6,Classic Cars,2005-01-19,Shipped,San Rafael,USA,0.05,2005-01-01 00:00:00,2005-01-01 00:00:00,2005-01-01 00:00:00,1,Wednesday
10383,S24_4048,Euro Shopping Channel,21,93.91,1972.11,Classic Cars,2005-02-22,Shipped,Madrid,Spain,0.05,2005-02-01 00:00:00,2005-01-01 00:00:00,2005-01-01 00:00:00,2,Tuesday
10332,S24_2887,"AV Stores, Co.",44,42.26,1859.44,Classic Cars,2004-11-17,Shipped,Manchester,UK,0.05,2004-11-01 00:00:00,2004-10-01 00:00:00,2004-01-01 00:00:00,11,Wednesday
10122,S24_3371,Marseille Mini Autos,34,50.21,1707.14,Classic Cars,2003-05-08,Shipped,Marseille,France,0.05,2003-05-01 00:00:00,2003-04-01 00:00:00,2003-01-01 00:00:00,5,Thursday
10159,S18_3278,Corporate Gift Ideas Co.,21,81.21,1705.41,Classic Cars,2003-10-10,Shipped,San Francisco,USA,0.05,2003-10-01 00:00:00,2003-10-01 00:00:00,2003-01-01 00:00:00,10,Friday
10241,S18_4933,Mini Caravy,30,66.99,2009.7,Classic Cars,2004-04-13,Shipped,Strasbourg,France,0.05,2004-04-01 00:00:00,2004-04-01 00:00:00,2004-01-01 00:00:00,4,Tuesday
10181,S12_3990,Herkku Gifts,20,81.4,1628.0,Classic Cars,2003-11-12,Shipped,Bergen,Norway,0.04,2003-11-01 00:00:00,2003-10-01 00:00:00,2003-01-01 00:00:00,11,Wednesday
10259,S24_1444,Handji Gifts& Co,28,46.82,1310.96,Classic Cars,2004-06-15,Shipped,Singapore,Singapore,0.04,2004-06-01 00:00:00,2004-04-01 00:00:00,2004-01-01 00:00:00,6,Tuesday
10377,S12_3990,"Toys of Finland, Co.",24,67.83,1627.92,Classic Cars,2005-02-09,Shipped,Helsinki,Finland,0.04,2005-02-01 00:00:00,2005-01-01 00:00:00,2005-01-01 00:00:00,2,Wednesday
10378,S18_1589,Euro Shopping Channel,34,42.64,1449.76,Classic Cars,2005-02-10,Shipped,Madrid,Spain,0.04,2005-02-01 00:00:00,2005-01-01 00:00:00,2005-01-01 00:00:00,2,Thursday
10181,S18_1889,Herkku Gifts,22,73.92,1626.24,Classic Cars,2003-11-12,Shipped,Bergen,Norway,0.04,2003-11-01 00:00:00,2003-10-01 00:00:00,2003-01-01 00:00:00,11,Wednesday
10212,S18_1889,Euro Shopping Channel,20,66.99,1339.8,Classic Cars,2004-01-16,Shipped,Madrid,Spain,0.04,2004-01-01 00:00:00,2004-01-01 00:00:00,2004-01-01 00:00:00,1,Friday
10390,S18_1984,Mini Gifts Distributors Ltd.,34,43.05,1463.7,Classic Cars,2005-03-04,Shipped,San Rafael,USA,0.04,2005-03-01 00:00:00,2005-01-01 00:00:00,2005-01-01 00:00:00,3,Friday
10343,S18_2870,Reims Collectables,25,52.32,1308.0,Classic Cars,2004-11-24,Shipped,Reims,France,0.04,2004-11-01 00:00:00,2004-10-01 00:00:00,2004-01-01 00:00:00,11,Wednesday
10370,S18_3232,"Anna's Decorations, Ltd",27,56.85,1534.95,Classic Cars,2005-01-20,Shipped,North Sydney,Australia,0.04,2005-01-01 00:00:00,2005-01-01 00:00:00,2005-01-01 00:00:00,1,Thursday
10122,S18_3278,Marseille Mini Autos,21,73.17,1536.57,Classic Cars,2003-05-08,Shipped,Marseille,France,0.04,2003-05-01 00:00:00,2003-04-01 00:00:00,2003-01-01 00:00:00,5,Thursday
10252,S18_3278,Auto Canal Petit,20,76.39,1527.8,Classic Cars,2004-05-26,Shipped,Paris,France,0.04,2004-05-01 00:00:00,2004-04-01 00:00:00,2004-01-01 00:00:00,5,Wednesday
10124,S18_4933,Signal Gift Stores,23,57.73,1327.79,Classic Cars,2003-05-21,Shipped,Las Vegas,USA,0.04,2003-05-01 00:00:00,2003-04-01 00:00:00,2003-01-01 00:00:00,5,Wednesday
10279,S18_4933,Euro Shopping Channel,26,60.58,1575.08,Classic Cars,2004-08-09,Shipped,Madrid,Spain,0.04,2004-08-01 00:00:00,2004-07-01 00:00:00,2004-01-01 00:00:00,8,Monday
10344,S18_4933,Marseille Mini Autos,26,63.43,1649.18,Classic Cars,2004-11-25,Shipped,Marseille,France,0.04,2004-11-01 00:00:00,2004-10-01 00:00:00,2004-01-01 00:00:00,11,Thursday
10148,S24_1046,"Anna's Decorations, Ltd",25,60.26,1506.5,Classic Cars,2003-09-11,Shipped,North Sydney,Australia,0.04,2003-09-01 00:00:00,2003-07-01 00:00:00,2003-01-01 00:00:00,9,Thursday
10238,S12_3990,Danish Wholesale Imports,20,74.21,1484.2,Classic Cars,2004-04-09,Shipped,Kobenhavn,Denmark,0.04,2004-04-01 00:00:00,2004-04-01 00:00:00,2004-01-01 00:00:00,4,Friday
10152,S24_1444,"Australian Gift Network, Co",25,65.31,1632.75,Classic Cars,2003-09-25,Shipped,South Brisbane,Australia,0.04,2003-09-01 00:00:00,2003-07-01 00:00:00,2003-01-01 00:00:00,9,Thursday
10394,S24_1444,Euro Shopping Channel,31,50.29,1558.99,Classic Cars,2005-03-15,Shipped,Madrid,Spain,0.04,2005-03-01 00:00:00,2005-01-01 00:00:00,2005-01-01 00:00:00,3,Tuesday
10172,S24_1628,Gift Depot Inc.,34,42.76,1453.84,Classic Cars,2003-11-05,Shipped,Bridgewater,USA,0.04,2003-11-01 00:00:00,2003-10-01 00:00:00,2003-01-01 00:00:00,11,Wednesday
10193,S24_1937,"Australian Collectables, Ltd",26,29.21,759.46,Vintage Cars,2003-11-21,Shipped,Glen Waverly,Australia,0.04,2003-11-01 00:00:00,2003-10-01 00:00:00,2003-01-01 00:00:00,11,Friday
10214,S24_1937,"Corrida Auto Replicas, Ltd",20,34.19,683.8,Vintage Cars,2004-01-26,Shipped,Madrid,Spain,0.04,2004-01-01 00:00:00,2004-01-01 00:00:00,2004-01-01 00:00:00,1,Monday
10304,S24_1937,Auto Assoc. & Cie.,23,30.2,694.6,Vintage Cars,2004-10-11,Shipped,Versailles,France,0.04,2004-10-01 00:00:00,2004-10-01 00:00:00,2004-01-01 00:00:00,10,Monday
10344,S24_1937,Marseille Mini Autos,20,35.18,703.6,Vintage Cars,2004-11-25,Shipped,Marseille,France,0.04,2004-11-01 00:00:00,2004-10-01 00:00:00,2004-01-01 00:00:00,11,Thursday
10380,S24_2766,Euro Shopping Channel,36,37.5,1350.0,Classic Cars,2005-02-16,Shipped,Madrid,Spain,0.04,2005-02-01 00:00:00,2005-01-01 00:00:00,2005-01-01 00:00:00,2,Wednesday
10127,S24_2840,Muscle Machine Inc,39,38.19,1489.41,Classic Cars,2003-06-03,Shipped,NYC,USA,0.04,2003-06-01 00:00:00,2003-04-01 00:00:00,2003-01-01 00:00:00,6,Tuesday
10184,S24_2840,"Iberia Gift Imports, Corp.",42,31.82,1336.44,Classic Cars,2003-11-14,Shipped,Sevilla,Spain,0.04,2003-11-01 00:00:00,2003-10-01 00:00:00,2003-01-01 00:00:00,11,Friday
10271,S24_2840,Mini Gifts Distributors Ltd.,38,41.72,1585.36,Classic Cars,2004-07-20,Shipped,San Rafael,USA,0.04,2004-07-01 00:00:00,2004-07-01 00:00:00,2004-01-01 00:00:00,7,Tuesday
10305,S24_2840,Marta's Replicas Co.,48,31.47,1510.56,Classic Cars,2004-10-13,Shipped,Cambridge,USA,0.04,2004-10-01 00:00:00,2004-10-01 00:00:00,2004-01-01 00:00:00,10,Wednesday
10314,S24_2840,Heintze Collectables,39,37.13,1448.07,Classic Cars,2004-10-22,Shipped,Aaarhus,Denmark,0.04,2004-10-01 00:00:00,2004-10-01 00:00:00,2004-01-01 00:00:00,10,Friday
10349,S24_2840,Muscle Machine Inc,36,37.13,1336.68,Classic Cars,2004-12-01,Shipped,NYC,USA,0.04,2004-12-01 00:00:00,2004-10-01 00:00:00,2004-01-01 00:00:00,12,Wednesday
10181,S24_2972,Herkku Gifts,37,42.67,1578.79,Classic Cars,2003-11-12,Shipped,Bergen,Norway,0.04,2003-11-01 00:00:00,2003-10-01 00:00:00,2003-01-01 00:00:00,11,Wednesday
10212,S24_2972,Euro Shopping Channel,34,43.42,1476.28,Classic Cars,2004-01-16,Shipped,Madrid,Spain,0.04,2004-01-01 00:00:00,2004-01-01 00:00:00,2004-01-01 00:00:00,1,Friday
10225,S24_2972,"Vida Sport, Ltd",42,36.63,1538.46,Classic Cars,2004-02-22,Shipped,Gensve,Switzerland,0.04,2004-02-01 00:00:00,2004-01-01 00:00:00,2004-01-01 00:00:00,2,Sunday
10266,S24_2972,L'ordine Souveniers,34,40.4,1373.6,Classic Cars,2004-07-06,Shipped,Reggio Emilia,Italy,0.04,2004-07-01 00:00:00,2004-07-01 00:00:00,2004-01-01 00:00:00,7,Tuesday
10287,S24_2972,"Vida Sport, Ltd",36,39.65,1427.4,Classic Cars,2004-08-30,Shipped,Gensve,Switzerland,0.04,2004-08-01 00:00:00,2004-07-01 00:00:00,2004-01-01 00:00:00,8,Monday
10301,S24_2972,"Norway Gifts By Mail, Co.",48,34.36,1649.28,Classic Cars,2003-10-05,Shipped,Oslo,Norway,0.04,2003-10-01 00:00:00,2003-10-01 00:00:00,2003-01-01 00:00:00,10,Sunday
10310,S24_2972,"Toms Spezialitten, Ltd",33,41.91,1383.03,Classic Cars,2004-10-16,Shipped,Koln,Germany,0.04,2004-10-01 00:00:00,2004-10-01 00:00:00,2004-01-01 00:00:00,10,Saturday
10342,S24_2972,"Australian Collectors, Co.",39,40.4,1575.6,Classic Cars,2004-11-24,Shipped,Melbourne,Australia,0.04,2004-11-01 00:00:00,2004-10-01 00:00:00,2004-01-01 00:00:00,11,Wednesday
10355,S24_2972,Euro Shopping Channel,36,38.52,1386.72,Classic Cars,2004-12-07,Shipped,Madrid,Spain,0.04,2004-12-01 00:00:00,2004-10-01 00:00:00,2004-01-01 00:00:00,12,Tuesday
10287,S24_3371,"Vida Sport, Ltd",20,67.97,1359.4,Classic Cars,2004-08-30,Shipped,Gensve,Switzerland,0.04,2004-08-01 00:00:00,2004-07-01 00:00:00,2004-01-01 00:00:00,8,Monday
10320,S24_3371,"Volvo Model Replicas, Co",26,61.23,1591.98,Classic Cars,2004-11-03,Shipped,Lule,Sweden,0.04,2004-11-01 00:00:00,2004-10-01 00:00:00,2004-01-01 00:00:00,11,Wednesday
10159,S24_4620,Corporate Gift Ideas Co.,23,67.1,1543.3,Classic Cars,2003-10-10,Shipped,San Francisco,USA,0.04,2003-10-01 00:00:00,2003-10-01 00:00:00,2003-01-01 00:00:00,10,Friday
10278,S24_1628,Signal Gift Stores,35,45.28,1584.8,Classic Cars,2004-08-06,Shipped,Las Vegas,USA,0.04,2004-08-01 00:00:00,2004-07-01 00:00:00,2004-01-01 00:00:00,8,Friday
10226,S24_1628,Collectable Mini Designs Co.,36,43.27,1557.72,Classic Cars,2004-02-26,Shipped,San Diego,USA,0.04,2004-02-01 00:00:00,2004-01-01 00:00:00,2004-01-01 00:00:00,2,Thursday
10266,S24_1628,L'ordine Souveniers,28,48.3,1352.4,Classic Cars,2004-07-06,Shipped,Reggio Emilia,Italy,0.04,2004-07-01 00:00:00,2004-07-01 00:00:00,2004-01-01 00:00:00,7,Tuesday
10220,S24_1444,"Clover Collections, Co.",26,56.07,1457.82,Classic Cars,2004-02-12,Shipped,Dublin,Ireland,0.04,2004-02-01 00:00:00,2004-01-01 00:00:00,2004-01-01 00:00:00,2,Thursday
10147,S12_3990,Collectables For Less Inc.,21,63.84,1340.64,Classic Cars,2003-09-05,Shipped,Brickhaven,USA,0.04,2003-09-01 00:00:00,2003-07-01 00:00:00,2003-01-01 00:00:00,9,Friday
10282,S24_1444,Mini Gifts Distributors Ltd.,29,46.82,1357.78,Classic Cars,2004-08-20,Shipped,San Rafael,USA,0.04,2004-08-01 00:00:00,2004-07-01 00:00:00,2004-01-01 00:00:00,8,Friday
10172,S24_2766,Gift Depot Inc.,22,74.51,1639.22,Classic Cars,2003-11-05,Shipped,Bridgewater,USA,0.04,2003-11-01 00:00:00,2003-10-01 00:00:00,2003-01-01 00:00:00,11,Wednesday
10363,S18_4721,Suominen Souveniers,28,58.18,1629.04,Classic Cars,2005-01-06,Shipped,Espoo,Finland,0.04,2005-01-01 00:00:00,2005-01-01 00:00:00,2005-01-01 00:00:00,1,Thursday
10110,S24_1937,"AV Stores, Co.",20,35.51,710.2,Vintage Cars,2003-03-18,Shipped,Manchester,UK,0.04,2003-03-01 00:00:00,2003-01-01 00:00:00,2003-01-01 00:00:00,3,Tuesday
10380,S24_2887,Euro Shopping Channel,44,36.29,1596.76,Classic Cars,2005-02-16,Shipped,Madrid,Spain,0.04,2005-02-01 00:00:00,2005-01-01 00:00:00,2005-01-01 00:00:00,2,Wednesday
10160,S24_2972,"Men 'R' US Retailers, Ltd.",42,37.0,1554.0,Classic Cars,2003-10-11,Shipped,Los Angeles,USA,0.04,2003-10-01 00:00:00,2003-10-01 00:00:00,2003-01-01 00:00:00,10,Saturday
10181,S24_3371,Herkku Gifts,23,65.52,1506.96,Classic Cars,2003-11-12,Shipped,Bergen,Norway,0.04,2003-11-01 00:00:00,2003-10-01 00:00:00,2003-01-01 00:00:00,11,Wednesday
10161,S24_3191,Heintze Collectables,20,77.05,1541.0,Classic Cars,2003-10-17,Shipped,Aaarhus,Denmark,0.04,2003-10-01 00:00:00,2003-10-01 00:00:00,2003-01-01 00:00:00,10,Friday
10324,S12_3148,Vitachrome Inc.,27,54.33,1466.91,Classic Cars,2004-11-05,Shipped,NYC,USA,0.04,2004-11-01 00:00:00,2004-10-01 00:00:00,2004-01-01 00:00:00,11,Friday
10332,S24_3191,"AV Stores, Co.",45,34.19,1538.55,Classic Cars,2004-11-17,Shipped,Manchester,UK,0.04,2004-11-01 00:00:00,2004-10-01 00:00:00,2004-01-01 00:00:00,11,Wednesday
10371,S24_4048,Mini Gifts Distributors Ltd.,28,50.32,1408.96,Classic Cars,2005-01-23,Shipped,San Rafael,USA,0.04,2005-01-01 00:00:00,2005-01-01 00:00:00,2005-01-01 00:00:00,1,Sunday
10148,S24_2766,"Anna's Decorations, Ltd",21,73.6,1545.6,Classic Cars,2003-09-11,Shipped,North Sydney,Australia,0.04,2003-09-01 00:00:00,2003-07-01 00:00:00,2003-01-01 00:00:00,9,Thursday
10332,S24_1046,"AV Stores, Co.",23,56.84,1307.32,Classic Cars,2004-11-17,Shipped,Manchester,UK,0.04,2004-11-01 00:00:00,2004-10-01 00:00:00,2004-01-01 00:00:00,11,Wednesday
10337,S10_4757,Classic Legends Inc.,25,48.05,1201.25,Classic Cars,2004-11-21,Shipped,NYC,USA,0.03,2004-11-01 00:00:00,2004-10-01 00:00:00,2004-01-01 00:00:00,11,Sunday
10408,S24_3969,"Tokyo Collectables, Ltd",15,36.93,553.95,Vintage Cars,2005-04-22,Shipped,Minato-ku,Japan,0.03,2005-04-01 00:00:00,2005-04-01 00:00:00,2005-01-01 00:00:00,4,Friday
10170,S18_1889,Mini Auto Werke,20,63.14,1262.8,Classic Cars,2003-11-04,Shipped,Graz,Austria,0.03,2003-11-01 00:00:00,2003-10-01 00:00:00,2003-01-01 00:00:00,11,Tuesday
10331,S18_1984,Motor Mint Distributors Inc.,30,32.47,974.1,Classic Cars,2004-11-17,Shipped,Philadelphia,USA,0.03,2004-11-01 00:00:00,2004-10-01 00:00:00,2004-01-01 00:00:00,11,Wednesday
10204,S24_1046,Muscle Machine Inc,20,62.47,1249.4,Classic Cars,2003-12-02,Shipped,NYC,USA,0.03,2003-12-01 00:00:00,2003-10-01 00:00:00,2003-01-01 00:00:00,12,Tuesday
10226,S24_1046,Collectable Mini Designs Co.,21,60.26,1265.46,Classic Cars,2004-02-26,Shipped,San Diego,USA,0.03,2004-02-01 00:00:00,2004-01-01 00:00:00,2004-01-01 00:00:00,2,Thursday
10127,S24_1444,Muscle Machine Inc,20,60.69,1213.8,Classic Cars,2003-06-03,Shipped,NYC,USA,0.03,2003-06-01 00:00:00,2003-04-01 00:00:00,2003-01-01 00:00:00,6,Tuesday
10141,S24_1444,Suominen Souveniers,20,54.33,1086.6,Classic Cars,2003-08-01,Shipped,Espoo,Finland,0.03,2003-08-01 00:00:00,2003-07-01 00:00:00,2003-01-01 00:00:00,8,Friday
10412,S24_1444,Euro Shopping Channel,21,52.6,1104.6,Classic Cars,2005-05-03,Shipped,Madrid,Spain,0.03,2005-05-01 00:00:00,2005-04-01 00:00:00,2005-01-01 00:00:00,5,Tuesday
10419,S12_3380,Salzburg Collectables,10,100.0,1092.2,Classic Cars,2005-05-17,Shipped,Salzburg,Austria,0.03,2005-05-01 00:00:00,2005-04-01 00:00:00,2005-01-01 00:00:00,5,Tuesday
10161,S24_1628,Heintze Collectables,23,53.33,1226.59,Classic Cars,2003-10-17,Shipped,Aaarhus,Denmark,0.03,2003-10-01 00:00:00,2003-10-01 00:00:00,2003-01-01 00:00:00,10,Friday
10280,S24_1937,Amica Models & Co.,20,28.88,577.6,Vintage Cars,2004-08-17,Shipped,Torino,Italy,0.03,2004-08-01 00:00:00,2004-07-01 00:00:00,2004-01-01 00:00:00,8,Tuesday
10151,S24_2840,"Oulu Toy Supplies, Inc.",30,40.31,1209.3,Classic Cars,2003-09-21,Shipped,Oulu,Finland,0.03,2003-09-01 00:00:00,2003-07-01 00:00:00,2003-01-01 00:00:00,9,Sunday
10175,S24_2840,"Stylish Desk Decors, Co.",37,31.12,1151.44,Classic Cars,2003-11-06,Shipped,London,UK,0.03,2003-11-01 00:00:00,2003-10-01 00:00:00,2003-01-01 00:00:00,11,Thursday
10207,S24_2840,Diecast Collectables,42,29.7,1247.4,Classic Cars,2003-12-09,Shipped,Boston,USA,0.03,2003-12-01 00:00:00,2003-10-01 00:00:00,2003-01-01 00:00:00,12,Tuesday
10229,S24_2840,Mini Gifts Distributors Ltd.,33,32.88,1085.04,Classic Cars,2004-03-11,Shipped,San Rafael,USA,0.03,2004-03-01 00:00:00,2004-01-01 00:00:00,2004-01-01 00:00:00,3,Thursday
10259,S24_2840,Handji Gifts& Co,31,33.24,1030.44,Classic Cars,2004-06-15,Shipped,Singapore,Singapore,0.03,2004-06-01 00:00:00,2004-04-01 00:00:00,2004-01-01 00:00:00,6,Tuesday
10292,S24_2840,Land of Toys Inc.,39,30.06,1172.34,Classic Cars,2004-09-08,Shipped,NYC,USA,0.03,2004-09-01 00:00:00,2004-07-01 00:00:00,2004-01-01 00:00:00,9,Wednesday
10335,S24_2840,Mini Gifts Distributors Ltd.,33,37.13,1225.29,Classic Cars,2004-11-19,Shipped,San Rafael,USA,0.03,2004-11-01 00:00:00,2004-10-01 00:00:00,2004-01-01 00:00:00,11,Friday
10412,S24_2840,Euro Shopping Channel,30,36.07,1082.1,Classic Cars,2005-05-03,Shipped,Madrid,Spain,0.03,2005-05-01 00:00:00,2005-04-01 00:00:00,2005-01-01 00:00:00,5,Tuesday
10278,S24_2972,Signal Gift Stores,31,38.89,1205.59,Classic Cars,2004-08-06,Shipped,Las Vegas,USA,0.03,2004-08-01 00:00:00,2004-07-01 00:00:00,2004-01-01 00:00:00,8,Friday
10321,S24_2972,FunGiftIdeas.com,37,33.23,1229.51,Classic Cars,2004-11-04,Shipped,New Bedford,USA,0.03,2004-11-01 00:00:00,2004-10-01 00:00:00,2004-01-01 00:00:00,11,Thursday
10331,S24_2972,Motor Mint Distributors Inc.,27,42.24,1140.48,Classic Cars,2004-11-17,Shipped,Philadelphia,USA,0.03,2004-11-01 00:00:00,2004-10-01 00:00:00,2004-01-01 00:00:00,11,Wednesday
10276,S24_3371,Online Mini Collectables,20,61.23,1224.6,Classic Cars,2004-08-02,Shipped,Brickhaven,USA,0.03,2004-08-01 00:00:00,2004-07-01 00:00:00,2004-01-01 00:00:00,8,Monday
10332,S24_3432,"AV Stores, Co.",31,37.18,1152.58,Classic Cars,2004-11-17,Shipped,Manchester,UK,0.03,2004-11-01 00:00:00,2004-10-01 00:00:00,2004-01-01 00:00:00,11,Wednesday
10225,S24_3371,"Vida Sport, Ltd",24,50.21,1205.04,Classic Cars,2004-02-22,Shipped,Gensve,Switzerland,0.03,2004-02-01 00:00:00,2004-01-01 00:00:00,2004-01-01 00:00:00,2,Sunday
10301,S24_1628,"Norway Gifts By Mail, Co.",22,51.32,1129.04,Classic Cars,2003-10-05,Shipped,Oslo,Norway,0.03,2003-10-01 00:00:00,2003-10-01 00:00:00,2003-01-01 00:00:00,10,Sunday
10147,S24_2972,Collectables For Less Inc.,25,42.67,1066.75,Classic Cars,2003-09-05,Shipped,Brickhaven,USA,0.03,2003-09-01 00:00:00,2003-07-01 00:00:00,2003-01-01 00:00:00,9,Friday
10122,S24_2972,Marseille Mini Autos,39,30.96,1207.44,Classic Cars,2003-05-08,Shipped,Marseille,France,0.03,2003-05-01 00:00:00,2003-04-01 00:00:00,2003-01-01 00:00:00,5,Thursday
10109,S24_2972,Motor Mint Distributors Inc.,29,32.1,930.9,Classic Cars,2003-03-10,Shipped,Philadelphia,USA,0.03,2003-03-01 00:00:00,2003-01-01 00:00:00,2003-01-01 00:00:00,3,Monday
10343,S24_1628,Reims Collectables,27,36.21,977.67,Classic Cars,2004-11-24,Shipped,Reims,France,0.03,2004-11-01 00:00:00,2004-10-01 00:00:00,2004-01-01 00:00:00,11,Wednesday
10171,S24_2972,Quebec Home Shopping Network,36,35.49,1277.64,Classic Cars,2003-11-05,Shipped,Montreal,Canada,0.03,2003-11-01 00:00:00,2003-10-01 00:00:00,2003-01-01 00:00:00,11,Wednesday
10137,S24_1628,Reims Collectables,26,49.81,1295.06,Classic Cars,2003-07-10,Shipped,Reims,France,0.03,2003-07-01 00:00:00,2003-07-01 00:00:00,2003-01-01 00:00:00,7,Thursday
10114,S24_2840,"La Corne D'abondance, Co.",24,30.06,721.44,Classic Cars,2003-04-01,Shipped,Paris,France,0.02,2003-04-01 00:00:00,2003-04-01 00:00:00,2003-01-01 00:00:00,4,Tuesday
10141,S24_2840,Suominen Souveniers,21,42.43,891.03,Classic Cars,2003-08-01,Shipped,Espoo,Finland,0.02,2003-08-01 00:00:00,2003-07-01 00:00:00,2003-01-01 00:00:00,8,Friday
10165,S24_2840,"Dragon Souveniers, Ltd.",27,31.82,859.14,Classic Cars,2003-10-22,Shipped,Singapore,Singapore,0.02,2003-10-01 00:00:00,2003-10-01 00:00:00,2003-01-01 00:00:00,10,Wednesday
10195,S24_2840,Mini Classics,32,28.29,905.28,Classic Cars,2003-11-25,Shipped,White Plains,USA,0.02,2003-11-01 00:00:00,2003-10-01 00:00:00,2003-01-01 00:00:00,11,Tuesday
10219,S24_2840,Signal Collectibles Ltd.,21,40.31,846.51,Classic Cars,2004-02-10,Shipped,Brisbane,USA,0.02,2004-02-01 00:00:00,2004-01-01 00:00:00,2004-01-01 00:00:00,2,Tuesday
10281,S24_2840,Diecast Classics Inc.,20,40.66,813.2,Classic Cars,2004-08-19,Shipped,Allentown,USA,0.02,2004-08-01 00:00:00,2004-07-01 00:00:00,2004-01-01 00:00:00,8,Thursday
10192,S24_2972,Online Diecast Creations Co.,30,30.59,917.7,Classic Cars,2003-11-20,Shipped,Nashua,USA,0.02,2003-11-01 00:00:00,2003-10-01 00:00:00,2003-01-01 00:00:00,11,Thursday
10203,S24_2972,Euro Shopping Channel,21,37.0,777.0,Classic Cars,2003-12-02,Shipped,Madrid,Spain,0.02,2003-12-01 00:00:00,2003-10-01 00:00:00,2003-01-01 00:00:00,12,Tuesday
10239,S24_2972,"Oulu Toy Supplies, Inc.",20,44.56,891.2,Classic Cars,2004-04-12,Shipped,Oulu,Finland,0.02,2004-04-01 00:00:00,2004-04-01 00:00:00,2004-01-01 00:00:00,4,Monday
10419,S24_2972,Salzburg Collectables,15,42.67,640.05,Classic Cars,2005-05-17,Shipped,Salzburg,Austria,0.02,2005-05-01 00:00:00,2005-04-01 00:00:00,2005-01-01 00:00:00,5,Tuesday
10241,S24_1628,Mini Caravy,21,40.25,845.25,Classic Cars,2004-04-13,Shipped,Strasbourg,France,0.02,2004-04-01 00:00:00,2004-04-01 00:00:00,2004-01-01 00:00:00,4,Tuesday
10135,S24_2972,Mini Gifts Distributors Ltd.,20,35.87,717.4,Classic Cars,2003-07-02,Shipped,San Rafael,USA,0.02,2003-07-01 00:00:00,2003-07-01 00:00:00,2003-01-01 00:00:00,7,Wednesday
